session_id,label,anomaly_type
9f908f5c6b3b,normal,none
50b0b9afd44c,normal,none
2ae1941bed36,normal,none
1402d87d2d1f,normal,none
4794f940119e,normal,none
42bd10fdcf6e,normal,none
7e73f9950aff,normal,none
04d63a020921,normal,none
7cf52f44245a,normal,none
8cf93ec08124,normal,none
fb155c8e5c16,normal,none
7bb391356c7b,normal,none
9153d37800b9,normal,none
8646f67dd04f,normal,none
b68ac721799c,normal,none
443d2992483b,normal,none
06efff5305d8,normal,none
52a10dd37ec7,normal,none
e705598f5e5f,normal,none
504a4ad4ab1f,normal,none
dda86d21ec42,normal,none
99ef251b7a6f,normal,none
8e6c462f8ffc,normal,none
ecf54dc76bb9,normal,none
fcc990b7ae53,normal,none
6f327e710a52,normal,none
262326ea4227,normal,none
39bcaf5727b1,normal,none
08a2bcbcbe12,normal,none
182e45604b34,normal,none
7b662bd6b4d7,normal,none
a6ebd696f3b1,normal,none
cf7689950a4c,normal,none
18e0ce4966cc,normal,none
8d8254b1525f,normal,none
73fb0a7421d9,normal,none
bcfb766e2c01,normal,none
3517d4524a50,normal,none
48720a22aee3,normal,none
6fe74f20e93a,normal,none
283c45bf8c45,normal,none
c956b4eacaf4,normal,none
2aa9ced800b5,normal,none
873c59a62657,normal,none
45ea181596d2,normal,none
4760ac7b53dc,normal,none
462a66cb961f,normal,none
b10f9c3352a5,normal,none
f33f2a2417a6,normal,none
fbe787819484,normal,none
1b5ac1580141,normal,none
b1c66a4cdd75,normal,none
13020afb51ca,normal,none
30dc720f793f,normal,none
dd4656dae604,normal,none
03d3d05852d6,normal,none
ef41ff0d69a9,normal,none
c119a4b5afa0,normal,none
3d3bfafd5fee,normal,none
3f9d6e9bc520,normal,none
4422c4e90b1f,normal,none
bf255e4c2f13,normal,none
96f3f80798f5,normal,none
efc3d2312860,normal,none
619130bd2d90,normal,none
a8b6fc4eb1a2,normal,none
d940e64554e7,normal,none
2baacb40ed3b,normal,none
00288e5b40d7,normal,none
b4d2a848203f,normal,none
75c52bf2ce1a,normal,none
b5aa4048706b,normal,none
d31e575235e4,normal,none
d7ecb203eecd,normal,none
2fb57966ecf2,normal,none
ab21f0e9c871,normal,none
b7eac026f707,normal,none
a7218f1575f9,normal,none
e7a966c8aea4,normal,none
27a3f5b6f4a1,normal,none
50facc52e7cc,normal,none
18dfc788db11,normal,none
332a2d12240c,normal,none
f2d03f75e53f,normal,none
260606f0a42a,normal,none
b4641d089799,normal,none
c439282afb67,normal,none
c26ef1f950ae,normal,none
977d9b04e38f,normal,none
600014afa857,normal,none
89db31f8b224,normal,none
4c5e6fa1e272,normal,none
1e63e739051f,normal,none
b71e3b674ed3,normal,none
cece3c80b755,normal,none
b8709258b984,normal,none
ca9e5e80effb,normal,none
a9adad8b4e68,normal,none
00aa00760d92,normal,none
f1d1f10c6664,normal,none
038bd531f3b4,normal,none
99196bc739c0,normal,none
4635ffbfc978,normal,none
0c38064e556a,normal,none
ae3885af6255,normal,none
e90da16859d1,normal,none
5c24f139b064,normal,none
f70ee2386b6b,normal,none
6378dc3639e8,normal,none
46d94eb528c0,normal,none
1d7d4a2e1772,normal,none
69e0fab5ade3,normal,none
c6f83e09ce13,normal,none
a8de431dba70,normal,none
c4366609066d,normal,none
2d47491c924d,normal,none
72628ef63f1b,normal,none
3da31d126952,normal,none
911cbd7bcc8b,normal,none
ddd0d0e7cf43,normal,none
bb8bf8eb7929,normal,none
6a3742998472,normal,none
cae6f579db88,normal,none
bcdae7a0817a,normal,none
02e894d98cd3,normal,none
8f96048501ff,normal,none
235cf0777053,normal,none
f1e1868fd639,normal,none
fc059b72b936,normal,none
f14b1705559d,normal,none
a0099a96ad10,normal,none
283dcb43a7af,normal,none
3a3c1df2b0e1,normal,none
28331c05e73e,normal,none
42025b3b8d4c,normal,none
57c6dc63eaac,normal,none
485f79892cd5,normal,none
a3b31e29d0b7,normal,none
6b78242e39bf,normal,none
1e27aee66e60,normal,none
9880c85572c4,normal,none
d285d18bb0af,normal,none
0d0ec596ccd0,normal,none
b4e789f9ec5e,normal,none
ec508f8e58ae,normal,none
6cb1b346d052,normal,none
28bb29f0fc5f,normal,none
85257d7a6e43,normal,none
4a7ce8be6e63,normal,none
639076d80276,normal,none
ecefbd4aca03,normal,none
278bd2027885,normal,none
43ad03689d74,normal,none
934bf70dece3,normal,none
deb1da4ab2c4,normal,none
fdbe7ab59a8c,normal,none
747c0aeeb123,normal,none
a743412c412e,normal,none
d6ee25f371e7,normal,none
9f5c8ab2d881,normal,none
01025f45a9cd,normal,none
8a4e806ee99f,normal,none
4f95f140939f,normal,none
114a5e9b8d0b,normal,none
0e52e0dea2a6,normal,none
fa86b1815f17,normal,none
af8ebc3d2b43,normal,none
07b792120931,normal,none
cf943b25b344,normal,none
a7347709a509,normal,none
6e1cee683372,normal,none
9aa64514d6c0,normal,none
e9a03876ca7e,normal,none
1320223bc34f,normal,none
23ef53466b29,normal,none
87dc36cdea17,normal,none
109bf3887701,normal,none
d25c347ad396,normal,none
2ce9809bf1bd,normal,none
345a04654a10,normal,none
9f1bdbb2b1d8,normal,none
8ea25ba2e0cf,normal,none
74e72798618f,normal,none
faa524ff8513,normal,none
2e42ce988fe4,normal,none
32f0b024cd70,normal,none
39e5aff4e159,normal,none
db8c2b3e9e83,normal,none
953c5d557295,normal,none
06a1e15dc067,normal,none
142032623ee4,normal,none
3cccd1c36c04,normal,none
8625d9cd7417,normal,none
ee5589b25c21,normal,none
c4f77707946a,normal,none
e0d45cb63f34,normal,none
1c68a962181c,normal,none
6d49a6559745,normal,none
6da162376022,normal,none
c0109114e2dd,normal,none
0eb1112741c3,normal,none
8b3944a68795,normal,none
6d0bca02f0b3,normal,none
e7f3b166d27a,normal,none
76b600cae10d,normal,none
fddfbeecad75,normal,none
d576ca343f7e,normal,none
fafbb714143b,normal,none
1d4fabc75c18,normal,none
fafd8512ba65,normal,none
64038bc2141d,normal,none
b5c2cb80a153,normal,none
ed8efa913eef,normal,none
14a51b0faab2,normal,none
41d5a89e6847,normal,none
c9222d595df4,normal,none
ec3a801179c9,normal,none
9562d7bf2b59,normal,none
45ca858c8edf,normal,none
1a25fa4c0260,normal,none
ec210ae6385a,normal,none
c99943df0c54,normal,none
405f601cbe62,normal,none
3c52fc5a6274,normal,none
b8563e53c76d,normal,none
b1f8a5deb97f,normal,none
9ab08c912d5a,normal,none
714644eaba99,normal,none
ecf341f31078,normal,none
d1730d23b304,normal,none
900272f51594,normal,none
8170ad75a68f,normal,none
ef857fd17526,normal,none
937c633ca24a,normal,none
5ce4cb99414b,normal,none
8b70d4b52785,normal,none
8eed68908f81,normal,none
c3bff983fcd6,normal,none
1f3c9822475d,normal,none
f42f5626021d,normal,none
5e798e259c04,normal,none
1ad429028d73,normal,none
95fbe9dcd07c,normal,none
ffedf467e6ff,normal,none
4a513222d261,normal,none
7c517842afa1,normal,none
b5ff094f49da,normal,none
07e161714671,normal,none
de8d3ebcb6f6,normal,none
eebfb49fc725,normal,none
003144d69c62,normal,none
c781cac74ff7,normal,none
935b35ec3c1d,normal,none
2603e5aa3cdd,normal,none
a56164518af4,normal,none
618942b7eb86,normal,none
f107a9cd7433,normal,none
ccf1afcedd22,normal,none
b09628cd07f6,normal,none
f47a9b552d42,normal,none
f35015272dca,normal,none
bbb68f5876ed,normal,none
8c0e7447c6e0,normal,none
2214196d199c,normal,none
c01fd83c9941,normal,none
a5a137dee37e,normal,none
5cb4c17079e1,normal,none
08d20aa409d6,normal,none
d6797d03cf6b,normal,none
233f17fc1ebd,normal,none
9b2c121b89c8,normal,none
d9a94ee0aa8c,normal,none
e7db797a537c,normal,none
2efa3402816d,normal,none
c2b47fd8af9c,normal,none
bec10fba3a36,normal,none
fd0a7f3169cc,normal,none
5c0beaac841b,normal,none
60ad07cea3fc,normal,none
ede47d635bf0,normal,none
bb5f129aa696,normal,none
5668c87ec0bf,normal,none
e04ad631ef96,normal,none
b7405222a0ad,normal,none
0d0942715513,normal,none
51063a850405,normal,none
fbb746b4639d,normal,none
b9d46e3228a2,normal,none
9d409fe2d132,normal,none
00a77f6b1e58,normal,none
ecc4bbe84afa,normal,none
0d868b82ba99,normal,none
4e5d1d08508a,normal,none
82102a855e2e,normal,none
9e7c184371f6,normal,none
d5a50570db60,normal,none
1b4c05dca6ff,normal,none
1917b2d4cfa2,normal,none
d1622eef7eaf,normal,none
7c600f119c28,normal,none
014287cc3712,normal,none
2fad7ecc69ba,normal,none
c8726c4edc41,normal,none
57b6fb1a34e7,normal,none
143db3d3b052,normal,none
e63d8fe3393f,normal,none
7b65aeca4336,normal,none
b8e1721e3632,normal,none
0cef5854c84f,normal,none
c0f21193c4ea,normal,none
bb39a2beddca,normal,none
9db4fe9fb257,normal,none
d10adbeb888b,normal,none
c71059cc4fba,normal,none
6df71151b2b6,normal,none
8a3f1f3a71b7,normal,none
b9708b902215,normal,none
fc4bd2297dca,normal,none
97a525979598,normal,none
dde36ca3b1bf,normal,none
bf53470f190c,normal,none
55a8b8573479,normal,none
7fb46f608705,normal,none
bd30f62b482a,normal,none
b89f81c43e9d,normal,none
119df68118df,normal,none
01f4ed4faf5a,normal,none
0e27be7b8a9b,normal,none
4b52ea7bae04,normal,none
88b9f73d4997,normal,none
6a064ca46810,normal,none
23a904c10061,normal,none
5b82c69893a3,normal,none
a0ec71d79cac,normal,none
37b69ad7ad48,normal,none
22e14d34f6de,normal,none
d38f577d2bc7,normal,none
9075f00961bb,normal,none
07b351c05a31,normal,none
8df5e07e26f6,normal,none
b812a517163b,normal,none
0384532cef49,normal,none
5fd2040b78d7,normal,none
dbe07d01a262,normal,none
ae59166781a8,normal,none
60e13f556734,normal,none
74cd6a93c86f,normal,none
66100f4544ed,normal,none
c180b8aaf748,normal,none
3f34bb8dc92a,normal,none
4ca1bbe1f142,normal,none
7f7b85be6c2a,normal,none
8b3158476c8d,normal,none
e93ee4eecf76,normal,none
45c8c3822f43,normal,none
53a28f8064c7,normal,none
1e37aa558eb0,normal,none
b38abe019c13,normal,none
e4b159751ef9,normal,none
a9da1695d206,normal,none
1b963bd65bd2,normal,none
92add6c05717,normal,none
b22ecf8481d9,normal,none
3cd34a8c4027,normal,none
25b4b0c90c71,normal,none
5bddd814c475,normal,none
62df872e634c,normal,none
f5404132da09,normal,none
2d6ea6eecdf5,normal,none
038caf5d12db,normal,none
534e0a3294df,normal,none
327250980354,normal,none
6a64119e360e,normal,none
999f340c2c5f,normal,none
091619ba4b28,normal,none
a336e6934e57,normal,none
078caa83308f,normal,none
1321d6a4d473,normal,none
687d04ff9259,normal,none
214962f1d44d,normal,none
732ef14c7ebc,normal,none
6dcd6b7f15cb,normal,none
daa0ba0c25b7,normal,none
c7854435fc3d,normal,none
878b2f7f5cd4,normal,none
4d8a45ea59cb,normal,none
7e9fa6590a38,normal,none
9cee57048459,normal,none
ba855a65c3e1,normal,none
33b94417b727,normal,none
f55aa8e2d0b7,normal,none
243f3a08216f,normal,none
d183ea40c406,normal,none
9188ef8dafec,normal,none
5fc08325e98e,normal,none
743d4f3e09e5,normal,none
3e157495d13a,normal,none
ee4c128bce6a,normal,none
47c75624612e,normal,none
0129b9e39289,normal,none
d76b23b14ae4,normal,none
fd6d5115187c,normal,none
a7c901047e97,normal,none
69812fb9d5a4,normal,none
010a459ca01a,normal,none
f0b197cbbd38,normal,none
c84adbe87c25,normal,none
a540529a8409,normal,none
4b51312de0bf,normal,none
81fcb6d4b113,normal,none
fd7782488d2c,normal,none
1a7b0d8181d9,normal,none
d0b3827891d0,normal,none
80d52455fa78,normal,none
05ee21913893,normal,none
52878acc0582,normal,none
58839bfb9eb0,normal,none
6c0a7dd09cd7,normal,none
c5d4e4341f0c,normal,none
69b35424484a,normal,none
23b603a70466,normal,none
01800a3868ce,normal,none
5f86ca47d295,normal,none
baba2021b6f9,normal,none
cd45bf738c97,normal,none
0dd31f9778f0,normal,none
e7fccaa5e231,normal,none
f33f1c913d40,normal,none
2b0c43f2480f,normal,none
e5c0472cfe23,normal,none
85d0a35a4ca4,normal,none
2794dba00a33,normal,none
b606203cef44,normal,none
6447b34fb4c7,normal,none
52baef48e32f,normal,none
eb5a4ee5fb7c,normal,none
0f5ae08203c6,normal,none
2bdf4fbb1f00,normal,none
c93e9d9c1df7,normal,none
454c385acbce,normal,none
afc6be417b37,normal,none
796972ebf556,normal,none
4f7bf1a63686,normal,none
ac1489da1566,normal,none
57e6d727b4e3,normal,none
c17872eab4be,normal,none
40440c0486b1,normal,none
e29a0454427e,normal,none
245aa8fb21d0,normal,none
82159defba18,normal,none
1eb37353e50b,normal,none
d42f2cd51512,normal,none
5cd336f0e14a,normal,none
89b2002b2bac,normal,none
20ee3165b756,normal,none
2a05a601a0e1,normal,none
8bddcd79f123,normal,none
1763bafe1a20,normal,none
aa375f42ba2e,normal,none
44b5f0cbe454,normal,none
cae7055460fd,normal,none
88a6531b4d2e,normal,none
7cbbbf1f67fa,normal,none
fb8cbde0ce6d,normal,none
baeec47d8e62,normal,none
70e5b72a8503,normal,none
50624e7d4f25,normal,none
e23552e200d6,normal,none
46e7771e9c55,normal,none
dd8c0b27a714,normal,none
d153eef73223,normal,none
6486cbc2abc2,normal,none
02530229cdc9,normal,none
2de0e3ebe917,normal,none
2bebdec59e45,normal,none
4515f48c9362,normal,none
e8ebacf262e1,normal,none
dfd71de9018b,normal,none
a31c6e507f66,normal,none
f93159db8324,normal,none
4e975c9aff1c,normal,none
3e7f7ef0da65,normal,none
cfc9882e51db,normal,none
b9005d306c16,normal,none
ba203dba7afc,normal,none
06824dd64348,normal,none
4301b7fb1616,normal,none
052de5ca928e,normal,none
a01f9d81d308,normal,none
75267e365026,normal,none
02451345b0b3,normal,none
291f5f311a97,normal,none
c74f02cf28e8,normal,none
fb0a703a5388,normal,none
812ce0b0a75b,normal,none
329ed20c3f6d,normal,none
d9a441251536,normal,none
1b003ca366fd,normal,none
67655e33488b,normal,none
74574872ee09,normal,none
1dd37548c018,normal,none
a023c878c7f0,normal,none
3c827388a126,normal,none
92f8a5ce18a9,normal,none
3866e34e54c7,normal,none
099f5200c61c,normal,none
043b69bcc359,normal,none
38f41dfefda6,normal,none
ddf5258ba237,normal,none
40742abfca90,normal,none
f905f33c5ccb,normal,none
110d306d2470,normal,none
d0d3ae8ffe41,normal,none
fc65cd872105,normal,none
6690b085715d,normal,none
baf9e7b0dcad,normal,none
d9a851d41b90,normal,none
a8618a2e3146,normal,none
2f8ccef0bea6,normal,none
672c6a00daa2,normal,none
b680cae3af90,normal,none
8854038be6d0,normal,none
53a242d962fb,normal,none
e658170d9829,normal,none
4d5f56ceda5d,normal,none
4452dd4cb193,normal,none
62730d9c4bc2,normal,none
521fceb3e93d,normal,none
118f710b714a,normal,none
2f8fb0fc725e,normal,none
f96ae9749622,normal,none
dc0fab3e9f44,normal,none
13c3f835b421,normal,none
6c1d6003c512,normal,none
025eba59189e,normal,none
18937f9bcb50,normal,none
8e9eb897c4c7,normal,none
de7a1274621b,normal,none
c88a15841bb8,normal,none
f4fa3da46c93,normal,none
272e7ce2f45e,normal,none
8668b34330ba,normal,none
f62302d9a06d,normal,none
4a3ec95cc418,normal,none
89c7cf7fcb54,normal,none
da52dc6c64b2,normal,none
5bb5042cf8d2,normal,none
ba5bb225dfa9,normal,none
f76c94bbb064,normal,none
655c147d9f19,normal,none
cab4f3bde09c,normal,none
71b4dc46735a,normal,none
0868bbefd011,normal,none
6cd644e5435f,normal,none
f3c751160b66,normal,none
2a4edc66e223,normal,none
a94ac1c5886d,normal,none
d2818fdbb78a,normal,none
6a582040d198,normal,none
76843dc9c184,normal,none
7db35a372bbf,normal,none
7c348521dae8,normal,none
8974e36d001c,normal,none
77828dbb9e8c,normal,none
53f914787a84,normal,none
c7253a09a33a,normal,none
c7e7c9779291,normal,none
e5fa70aaefe5,normal,none
fcca5097ad5a,normal,none
42c772dd3b50,normal,none
78bfcb717ecb,normal,none
461a44307ed0,normal,none
ef661f44b2b1,normal,none
4b1334f590c4,normal,none
7ab84eb47d3d,normal,none
9a36056bfeed,normal,none
cdc9e873fc1b,normal,none
8f64b37d5602,normal,none
59e44c523a7d,normal,none
0fca4379ae8b,normal,none
73665f3681bd,normal,none
109bfca18c0a,normal,none
5949b4026f30,normal,none
9904e94614bc,normal,none
cb384fe89abb,normal,none
220f7a6553ac,normal,none
74022a886e22,normal,none
53feaf2f2582,normal,none
6ddd11966619,normal,none
f9c017583490,normal,none
841f51248988,normal,none
daef1b938d3b,normal,none
11bef18b80c3,normal,none
214a2ddbc315,normal,none
efc02bdffcf0,normal,none
1acd624e3b5e,normal,none
8dd414bfbf3c,normal,none
fa078cbfd2ef,normal,none
76ad71ea2753,normal,none
c87545402b69,normal,none
13ec97759348,normal,none
8fd46a9d9abe,normal,none
7359d7d7821d,normal,none
3f711c3114bd,normal,none
543f380d85f4,normal,none
6271b1d3a400,normal,none
361cece6316e,normal,none
8961b7ea09dd,normal,none
45a277c4a085,normal,none
4a5cc00a0b94,normal,none
003ee9dfa42a,normal,none
44c351d9040c,normal,none
3e1a047afcb9,normal,none
075c20f08c01,normal,none
16324ed60163,normal,none
4e34d6e94100,normal,none
0ad5ca15955a,normal,none
c9f53d056d22,normal,none
b2ed3050bcc0,normal,none
8d9166daa8ee,normal,none
7ccf22096af0,normal,none
a82c1e4d9843,normal,none
6cb904bd9f7b,normal,none
05e9585b2e40,normal,none
db4ce6d03287,normal,none
197fa1168dfe,normal,none
5932eb8b159d,normal,none
52b184a7065e,normal,none
4b86e6cb011e,normal,none
14ace956b8c7,normal,none
614963c31fa0,normal,none
0219ea9cbb5b,normal,none
a0bee0e40138,normal,none
69b20aec1db9,normal,none
41751d524122,normal,none
c545d9b0ac0e,normal,none
69047b6ccf27,normal,none
c8c85a1529a0,normal,none
ce228f5a616d,normal,none
3af7b2586806,normal,none
22f74110106f,normal,none
294db2dc2be7,normal,none
7e2828779e82,normal,none
253b8746c283,normal,none
f0432eda4eb6,normal,none
33680dededf7,normal,none
b5693cd444bc,normal,none
3e5d1ca93dba,normal,none
80b95a1d15a1,normal,none
b342352a1c16,normal,none
eb7a20ef7246,normal,none
6f4f5a947126,normal,none
aa7c5cdb129f,normal,none
3db37f9c39e4,normal,none
69f7dde161d7,normal,none
a12b5b686db5,normal,none
5e95453cc5e7,normal,none
29d0c72ae195,normal,none
0ca9c3af695f,normal,none
2e9cf740e35c,normal,none
f24b833e3981,normal,none
f1e0d7873db1,normal,none
757909814ac1,normal,none
6c8f5418a715,normal,none
273bf06b2c3a,normal,none
df1e188ebc49,normal,none
cdaf4ab9b040,normal,none
de31139f096c,normal,none
d22bb0128285,normal,none
a77488df7a41,normal,none
4137adc94cf2,normal,none
72c7a3bc7eb2,normal,none
ddece7c0106e,normal,none
dc01d8bce13b,normal,none
e0cf1089a004,normal,none
6ff53c0e502b,normal,none
179bec02c0bc,normal,none
d3e455f7f1cc,normal,none
f164f5457150,normal,none
d8fc2d85c319,normal,none
caf7fb2b6279,normal,none
50942672124c,normal,none
1c0bfef27eba,normal,none
85bad92a1fd9,normal,none
c97d72fec9b4,normal,none
84847f0b41bd,normal,none
4985c71cb66b,normal,none
ca23b8d075cd,normal,none
fb2812d2cbcd,normal,none
299232f8112f,normal,none
2b5198a7819a,normal,none
399ca0c78db0,normal,none
c961853e3975,normal,none
33a2609bc7c7,normal,none
8b35f18a54c4,normal,none
c10db6460c95,normal,none
f0fa88f39d60,normal,none
85c3508e9ea4,normal,none
128f0b8adeea,normal,none
a8f359520936,normal,none
8953f2c3f5c8,normal,none
912271c6c1d6,normal,none
a761885e9566,normal,none
cc123db8026b,normal,none
67794b3d080c,normal,none
aa1798b81284,normal,none
70b93d4670b0,normal,none
56d5c39c2418,normal,none
973411f095f2,normal,none
dd12ad3c59c1,normal,none
d03e6374eef4,normal,none
54d77ccfa2f4,normal,none
151f0c0e67c9,normal,none
225e31203bb0,normal,none
60be41da6933,normal,none
6781eae39b9f,normal,none
20f89d37713b,normal,none
c8fc73cfe331,normal,none
152e2566a187,normal,none
b900071b38a9,normal,none
1f387a5db415,normal,none
c3e15c372d41,normal,none
5d2bbc56d71f,normal,none
b408f1bd6a62,normal,none
790bafa2fcea,normal,none
145722f44f08,normal,none
81435e4a4d4a,normal,none
4a9be74aea11,normal,none
bc43f26604cf,normal,none
8fe2007c2c90,normal,none
7f759c4513a7,normal,none
134e8d478cc1,normal,none
1b0666390897,normal,none
3f8481b63c70,normal,none
d77dadf9a2ae,normal,none
6a5eeefbe8e9,normal,none
e69baa460059,normal,none
14c50af0479d,normal,none
74457aad9d5d,normal,none
b369c5df9123,normal,none
01adaf33079e,normal,none
7dcda11967b7,normal,none
9e400e12be85,normal,none
de050b89bbf2,normal,none
bf01bf3f474a,normal,none
448c7a5a8aaf,normal,none
ef985424736a,normal,none
220c09c7fd9e,normal,none
20df235496c4,normal,none
bc1906ef47a3,normal,none
e0f00f92e8d0,normal,none
465d32cf8b3d,normal,none
bbbc6645b075,normal,none
3577d8dca7e5,normal,none
01b58258511d,normal,none
709c3a7d1877,normal,none
c089cf5aa7e0,normal,none
3af4b5ab24dc,normal,none
d31535246cf0,normal,none
009eea609a89,normal,none
bd457321770c,normal,none
e5a1bf057e0a,normal,none
a982181710ff,normal,none
7886211fa5ce,normal,none
4a1185ef1b4e,normal,none
4bbad3e56049,normal,none
f7ab02a565b7,normal,none
beb17155c8f9,normal,none
63dadfcee828,normal,none
744872103c14,normal,none
138e588b6f23,normal,none
9f7d7f2a6ce9,normal,none
d8d74bc3b65e,normal,none
d88a6600b5b4,normal,none
b4747baf494f,normal,none
2a283cdca4e8,normal,none
516abdebed8c,normal,none
eed97030913e,normal,none
a3270f112b18,normal,none
dbf50382aa9d,normal,none
16d7c4459ea1,normal,none
95edf010bde9,normal,none
aff33bc46d08,normal,none
04a90fa66279,normal,none
dbd76052dee0,normal,none
94972b7f233a,normal,none
7a1acbf9a41e,normal,none
68a314a484cc,normal,none
e9d431afb1b2,normal,none
b22f75c1f40f,normal,none
b5c62de7879c,normal,none
8f23597175fe,normal,none
0327f6a0e138,normal,none
8e0afccbf0b6,normal,none
cfabc2b0bb69,normal,none
096add59e805,normal,none
a0c1a248f2d8,normal,none
9ac6a1a44c43,normal,none
ade8775f9b26,normal,none
6f12c6fe0ac7,normal,none
dd18b7f2509c,normal,none
d2612ad90c34,normal,none
e0795d7c957d,normal,none
1897b42db877,normal,none
a03e243d5ed6,normal,none
648562bbce99,normal,none
0c37828ba434,normal,none
eead039e1483,normal,none
f9ce7ad714ab,normal,none
9d00d9d31dd0,normal,none
71f99c423051,normal,none
3aeeb98f0265,normal,none
dd7557d0cd4e,normal,none
ccb131b49260,normal,none
9d0c2c1f5152,normal,none
7041923d24b5,normal,none
bacb8bfdf9b5,normal,none
54c84d509407,normal,none
824d38e83bcb,normal,none
22565428c0d2,normal,none
b04666a1b28f,normal,none
df0620dd6e77,normal,none
a44c48323881,normal,none
f89bc2b64729,normal,none
e137864ec3f0,normal,none
06e4d9f56f0e,normal,none
d0609a10adb6,normal,none
394ff5a2aee9,normal,none
8aabffc81282,normal,none
ad249c327f2c,normal,none
d96df3916f63,normal,none
4caa63d96d71,normal,none
e9813e6a6a65,normal,none
b641558ac258,normal,none
e9e340962ef3,normal,none
ba279aa66bd5,normal,none
ad92ef5e66ca,normal,none
2529436ad645,normal,none
b398e20737a8,normal,none
1ddac6035419,normal,none
cf8f72ca6b91,normal,none
32de4f9df15d,normal,none
287398d8fb13,normal,none
c7bbd6b1c763,normal,none
2bd654d3d0a3,normal,none
147c9089f215,normal,none
8278b909a15d,normal,none
2db48814c52a,normal,none
93f523bd776a,normal,none
e9d1589efb5f,normal,none
e15eeea7fae7,normal,none
d316a62044ea,normal,none
12219d9863c3,normal,none
6c865e7fd743,normal,none
4a27d9b52a94,normal,none
253295604dbf,normal,none
94041715d6e5,normal,none
1cc00f018e87,normal,none
f4a1a97fc3de,normal,none
ad5e27c00d43,normal,none
2ba65d6c94bb,normal,none
a09d11616193,normal,none
25cbaab752bf,normal,none
df7f693a35b2,normal,none
bda3dafe66fe,normal,none
341eda1b289c,normal,none
6d7eb932fb7d,normal,none
5c4590d239c1,normal,none
2a7a0a52bf67,normal,none
123f4d07ac7c,normal,none
81d596377a9b,normal,none
29b3d1852b6b,normal,none
0bbc0fe7fdd5,normal,none
b48805e23484,normal,none
57ee3d4f5ab0,normal,none
88fb9d2d9cd3,normal,none
8196f4f6b139,normal,none
bbede4cbb8da,normal,none
305052dde8c6,normal,none
d9d2f291cbfa,normal,none
0fcb5b2481cb,normal,none
e2d5325106f6,normal,none
485b51fd6ea9,normal,none
ee897f28a83b,normal,none
f6b7fe64eaf7,normal,none
58b4f6f25f79,normal,none
8798f3f64915,normal,none
a40748ff328e,normal,none
0538f71b8371,normal,none
b2428059a74e,normal,none
ec4987b7884d,normal,none
1d0400faacd9,normal,none
17df1d142b18,normal,none
1f8835803632,normal,none
35e27a88babd,normal,none
6ea7d125ce0d,normal,none
fab588529385,normal,none
f4ad12fbcea7,normal,none
61749f9369ed,normal,none
423da6653b47,normal,none
b7812a6e8e2b,normal,none
36c948170f3f,normal,none
5da01b51b107,normal,none
348e36d9e61a,normal,none
ec18e431f147,normal,none
040f7457f566,normal,none
605a1ff8de1f,normal,none
3c03c752f6a4,normal,none
1ac899723e84,normal,none
1b20992685b0,normal,none
9d59a521e821,normal,none
836597342b3e,normal,none
92959e8ab12e,normal,none
8965a3a55e1f,normal,none
41e302ddab9b,normal,none
e5f216459bca,normal,none
d61cd02ed451,normal,none
f520e4cf9399,normal,none
0704dbe215da,normal,none
993ebbd0abdf,normal,none
973660cc7ca6,normal,none
e6270653a752,normal,none
c7c2d707c162,normal,none
6cb012070e43,normal,none
8296741805c4,normal,none
192913f94869,normal,none
3b9ab03e328f,normal,none
31c0c8f69748,normal,none
12fcb754d916,normal,none
c2a67829946e,normal,none
124dce25133a,normal,none
23b49826917d,normal,none
f4d5c0f71468,normal,none
000289d952fb,normal,none
e911b9e312af,normal,none
d818ff6dd04d,normal,none
cbd60d301732,normal,none
235aeca9dc01,normal,none
df7ad74b7ce4,normal,none
9451b69a842d,normal,none
bab0390381f7,normal,none
701c4fd7c9dc,normal,none
e8ff75291f57,normal,none
588785b81107,normal,none
7418a7a74b20,normal,none
0cd9af5361e8,normal,none
968bad646a6b,normal,none
f033ec499b7c,normal,none
461ef476e008,normal,none
47aa04523260,normal,none
d6890b7f4597,normal,none
7f00654a8632,normal,none
03ffe124ba28,normal,none
73517ef1dbab,normal,none
7a18e5a9962a,normal,none
c49729766894,normal,none
fd26955751ca,normal,none
af3178cde839,normal,none
2cdd198cfb99,normal,none
7d3e2db7f5c7,normal,none
c2684d7ad5b6,normal,none
1a68c7e8848e,normal,none
43f4745d6995,normal,none
c5f2dcb72911,normal,none
eefccc9212ef,normal,none
cf4f80ebde98,normal,none
2dfbeddf972e,normal,none
5f41a7330933,normal,none
85231dedc456,normal,none
07c97f5862de,normal,none
b7acaa63a4fe,normal,none
d650f0373623,normal,none
5cecf985b39f,normal,none
9cddf2d84d37,normal,none
12c633518d96,normal,none
057ee159ed22,normal,none
f5fde78b9f46,normal,none
712de6644762,normal,none
941189948052,normal,none
c0773089a378,normal,none
e669eb283101,normal,none
dad8e427fcb7,normal,none
3fe52bb84918,normal,none
1a39fcba0413,normal,none
e5ac30ce69de,normal,none
47aee6d6b368,normal,none
c52ef3575c28,normal,none
a7cc76659af0,normal,none
7e680ca178b8,normal,none
adfb5ba36045,normal,none
c42021a654c1,normal,none
a7cf9bb0d25f,normal,none
edffda7d8957,normal,none
51cb859538b0,normal,none
1f9e91702efc,normal,none
688e58371f54,normal,none
35cb4ce032fa,normal,none
8274771ceea3,normal,none
fd114715a9f8,normal,none
3a289c672dab,normal,none
a6755a261b91,normal,none
fd30e5421690,normal,none
ddd0005590c6,normal,none
04037cf1c7cd,normal,none
cc165289bbd4,normal,none
47c926682565,normal,none
8268b21b25a7,normal,none
3afb21e97a2b,normal,none
64b4bbc5950c,normal,none
163520f8e79e,normal,none
32470861ad84,normal,none
48258796d97d,normal,none
2c1ded0dfdf6,normal,none
d688e74c382c,normal,none
aac716096ae9,normal,none
58e49ca5d92a,normal,none
d30fed1fb357,normal,none
b323c7562c82,normal,none
6bb7fcd4b8b4,normal,none
43682519c521,normal,none
5c4d83ce4f63,normal,none
0aeab821f741,normal,none
5d10f79d5284,normal,none
029de3b5f6cd,normal,none
6c485c9fbb9b,normal,none
9d928d3d9a59,normal,none
eaece6d94fed,normal,none
3cf69ff279ae,normal,none
d3b7ba90e984,normal,none
246e5157d542,normal,none
cc3285765200,normal,none
93dca5c647e3,normal,none
f76238750623,normal,none
a43eae561621,normal,none
1035f108d1ab,normal,none
f6ff2c4cf088,normal,none
f6259f1f2d83,normal,none
fb84322fe804,normal,none
00ebe8d007e7,normal,none
642562eb57bf,normal,none
60d32d26a4b4,normal,none
3c02e714c517,normal,none
0f9d721d832c,normal,none
1de6f4cd2e44,normal,none
75dede9aa0f8,normal,none
a55f1d84c685,normal,none
aa59087d9fe3,normal,none
b5c0a5a0de0b,normal,none
283cf432e3f3,normal,none
fd7268360a47,normal,none
bf1c7bf1c7e8,normal,none
fa626340c839,normal,none
f178efea1f06,normal,none
0e88812669b5,normal,none
81c26c8cf36d,normal,none
10c034489a99,normal,none
2c7a524580f8,normal,none
f0e360c52f98,normal,none
ece3fd607868,normal,none
c6d1b2c71abf,normal,none
458a44aafefc,normal,none
88365160b98d,normal,none
15f01f790244,normal,none
0222bbb44d9c,normal,none
ee874ad0987c,normal,none
3ae01df02f35,normal,none
fda8b24dd84a,normal,none
cf3bb22aad2b,normal,none
74113bf7633c,normal,none
0364dfa16a80,normal,none
f1e29d3fa4a8,normal,none
1445ceaab836,normal,none
432406b5ff5f,normal,none
4f4c79a0fe46,normal,none
382d197986cb,normal,none
fd2ee38ae1a3,normal,none
1c85f6b770a2,normal,none
e1d58ddaf63b,normal,none
8fa7e39b258e,normal,none
cc4bf524ef9a,normal,none
dc53cd8f477c,normal,none
a10f5397cee9,normal,none
1ff3e3538fc9,normal,none
81fc43d5926f,normal,none
abe12b50ba77,normal,none
5062764d6113,normal,none
96eeb29c3a07,normal,none
6e86dde227b0,normal,none
9ae5bd836f01,normal,none
a01d10319e55,normal,none
0d5f4f192459,normal,none
b0825751b0ca,normal,none
943016c84d3b,normal,none
7979756b4ff4,normal,none
f7de85230559,normal,none
08f6878dc4c8,normal,none
65507c191402,normal,none
6843b2bc2348,normal,none
ebd68b542c04,normal,none
69d9bdb9a379,normal,none
674acfb757a0,normal,none
ad791971e639,normal,none
d012a0b5184b,normal,none
b0b077275acc,normal,none
09b56a11d1a0,normal,none
1d0a2351d45d,normal,none
4071ae8ad038,normal,none
b2027b87dbb2,normal,none
448603d959f8,normal,none
d6043bb663d3,normal,none
d39b8e6d60db,normal,none
9e3f5f835f3d,normal,none
5138f20d9125,normal,none
05e65c3152ed,normal,none
281700e693f9,normal,none
ab3dd40daafc,normal,none
ea4daa8eba46,normal,none
1526f7aa7117,normal,none
0d3abec7368b,normal,none
2f6abe48fafe,normal,none
5d26b6665f1a,normal,none
da05f26547fa,normal,none
ab92324d965f,normal,none
514a1639a62a,normal,none
0c483c5b52cb,normal,none
484153c6f341,normal,none
7ab7a5aea87f,normal,none
fc83aa4f9445,normal,none
5745f6735031,normal,none
ae43ccb2afbd,normal,none
7fd885f1f759,normal,none
ad2d466e02a5,normal,none
fa6b756a1ad4,normal,none
5063d9688e58,normal,none
74310d4a1a11,normal,none
19dbc2b24cc4,normal,none
cdf19fb4b142,normal,none
d102b744608d,normal,none
2ed37278229e,normal,none
1b1707636797,normal,none
d0c132431972,normal,none
e5103d39fef6,normal,none
95d13a2e8283,normal,none
a620c3d8db41,normal,none
712d9315f192,normal,none
48f8b621ea0e,normal,none
b8965bd7d309,normal,none
1c52663809bc,normal,none
d6dce70bdc32,normal,none
737407a10969,normal,none
299d4cdd693c,normal,none
f92d796d19ce,normal,none
596793dcdf54,normal,none
9a41dfa8d843,normal,none
14cea8fb2594,normal,none
3c6d76005b24,normal,none
386a128d8a60,normal,none
c7a5fae8ae8c,normal,none
0ff4b56a0bd0,normal,none
3ae166580206,normal,none
994987b89df7,normal,none
4dff15d42547,normal,none
ef52ba78a845,normal,none
3e469c2743bc,normal,none
f24a9addf847,normal,none
da7b257ce096,normal,none
28c81861bba3,normal,none
ed43908c75e8,normal,none
a2c2079d9ed1,normal,none
37a4b703428b,normal,none
3521ecf95ed5,normal,none
74fe6236b80d,normal,none
c3fde1679213,normal,none
2b1f1020aad3,normal,none
ec6b72fd1a4c,normal,none
e2f672a46b41,normal,none
b98e9e35405f,normal,none
3f353d0b7602,normal,none
54a3620f6632,normal,none
7d10877c9849,normal,none
2191e0196d77,normal,none
dee796d8d5e9,normal,none
77551975696f,normal,none
81f7c884f9fb,normal,none
67c15acf0ab5,normal,none
c1f6f246eed0,normal,none
de669286f8d9,normal,none
606739d5676b,normal,none
3ab741d87f44,normal,none
045d55f09d86,normal,none
63633b960042,normal,none
9c7e9cb5871d,normal,none
7c6511ebdae5,normal,none
37af2a3418f7,normal,none
9b2da8de91d8,normal,none
23684907cd60,normal,none
388f7526b563,normal,none
ce3ac21b7a6c,normal,none
eb17728586b9,normal,none
9ad646586506,normal,none
bd4a3fa9ddd3,normal,none
a2ddc224b9b3,normal,none
5088853129e5,normal,none
1dc3840390bb,normal,none
d3b039cdee46,normal,none
d870f0d0c15a,normal,none
99422c69cf96,normal,none
8d7d78095114,normal,none
9f5ac9760110,normal,none
c0310a3edf08,normal,none
2f1ebdbce219,normal,none
69a1997c7bc8,normal,none
b6e89aebf30d,normal,none
91e14e1682c7,normal,none
d062c3baa514,normal,none
987585c2d703,normal,none
f584f3f0824a,normal,none
48efeae0603a,normal,none
efa8e4ed4948,normal,none
3bad6feb9702,normal,none
20c781c73729,normal,none
ecc9d68f8339,normal,none
d16fcd867c1b,normal,none
b6d5cc2acb81,normal,none
739b81e9fed0,normal,none
2611c2264638,normal,none
664f641bc87f,normal,none
fa20078ddb7a,normal,none
ce68340df110,normal,none
0151adb86ba2,normal,none
dec05fbb56b8,normal,none
bb397c56de1f,normal,none
a003f1ead5f6,normal,none
3d7279940313,normal,none
ba76935c3065,normal,none
8c518489106e,normal,none
16f06b0bb739,normal,none
210306b24818,normal,none
38afd7270e14,normal,none
14ae902120a6,normal,none
658a5fc0374d,normal,none
d907146de68e,normal,none
a5565e116fdf,normal,none
46dd9f7f8e8e,normal,none
f75280d4451b,normal,none
b6aa496285df,normal,none
47ad62209fba,normal,none
34727cd51bee,normal,none
5f2003dc78d0,normal,none
849de0c0a0e9,normal,none
023fd832f382,normal,none
04e9dd969315,normal,none
269689ba2b0b,normal,none
aa1058467105,normal,none
c2987401dd05,normal,none
21fe272ac7f4,normal,none
ddd9395f3ebf,normal,none
f3452d29bb22,normal,none
10c6f39d4d94,normal,none
56b1a676d580,normal,none
9f08f30bbf19,normal,none
d4a450d027a7,normal,none
76bed96209c0,normal,none
d4d518b68457,normal,none
9c009a76f14e,normal,none
434a6720b213,normal,none
5e6eb893a957,normal,none
fa0752139385,normal,none
e8c2916de450,normal,none
d889035b6b49,normal,none
3ff82998cfe6,normal,none
be854dcae502,normal,none
753d0ba38867,normal,none
dddffd5d9f55,normal,none
feeaf4be7dad,normal,none
5f05b68995f3,normal,none
b65df93c5609,normal,none
fa1df962fc8b,normal,none
2f073f6f7ad6,normal,none
24237c8661fd,normal,none
8992db05d205,normal,none
b446e0ec5bd3,normal,none
7433677e7bea,normal,none
91845d8031bf,normal,none
469a8e19af07,normal,none
789a3e8fb054,normal,none
0243aacb1b47,normal,none
88e99a242d60,normal,none
5b6af3db604f,normal,none
0b4e947e91a4,normal,none
75666aa0e6a3,normal,none
e0a08b6891ec,normal,none
500227ea5a89,normal,none
6bbf54a7bc81,normal,none
ab4ede29b963,normal,none
1413996d6192,normal,none
ca07370856f8,normal,none
3a2b7ce1a63e,normal,none
713003a6c6a0,normal,none
d99448c9e3e5,normal,none
45880580fefe,normal,none
007f4a6d0e20,normal,none
4dffda6f5c8b,normal,none
4d26c641ce78,normal,none
37d1fad26e0d,normal,none
b8aebb937995,normal,none
f78fd124554c,normal,none
353f63a4a716,normal,none
461757424b3d,normal,none
c59b25e5ef6d,normal,none
82558774cc15,normal,none
e1b712475ca2,normal,none
8e2ba9fc8a6d,normal,none
a0f6e014d9d7,normal,none
0b92cfb6d8be,normal,none
e0ca26d6d4b1,normal,none
2376546d2d02,normal,none
24cdff4faa99,normal,none
97774628b5d9,normal,none
2c533b8991bb,normal,none
c9e068c9bd37,normal,none
a09310ae6802,normal,none
2c17c2696cdc,normal,none
da01afe32ea0,normal,none
5f116ffefe86,normal,none
3a0eab4b8498,normal,none
c0ff3ee8b58c,normal,none
08cf6dab712d,normal,none
e9b3a0b5f904,normal,none
53e016b6679f,normal,none
332e86f161e1,normal,none
7dceaf1fd022,normal,none
e120d4f4bc0b,normal,none
4cebbeb4a669,normal,none
29a983552c67,normal,none
461a4bc38a00,normal,none
494e2432e740,normal,none
efea5d44816e,normal,none
a8bebb6e8276,normal,none
155dd82fd9b0,normal,none
282e9f619a63,normal,none
74e35f039da4,normal,none
2ccbe5ab419c,normal,none
39d8901ac727,normal,none
4505b0d69247,normal,none
03ec2ccf1189,normal,none
79e289be2767,normal,none
8c518825e2ba,normal,none
f03b794d2804,normal,none
d2bd530c5785,normal,none
aebae71326fe,normal,none
a88f9151b11f,normal,none
5b1cbe78f3c5,normal,none
b5bc6fc8e0d5,normal,none
98bdde23a425,normal,none
b0e775bd1f95,normal,none
2baa9c85ebb0,normal,none
ffa734e6c2a1,normal,none
5fd5c998be1c,normal,none
c7fa4e05da07,normal,none
44e618932d24,normal,none
4f0e092dc6a4,normal,none
a3380b5995ba,normal,none
3279787e5de1,normal,none
7d9f79cfa33a,normal,none
95bd2c486ea1,normal,none
f71b546bc4ea,normal,none
d207e5063d6a,normal,none
78c4ac7b3f61,normal,none
3d5547c2e521,normal,none
00e2976f91f8,normal,none
01180b25e196,normal,none
23663c9d00bd,normal,none
65b05f41d752,normal,none
24e300c1f9b4,normal,none
fea7252704b1,normal,none
3a667dd32376,normal,none
0111a83c48d6,normal,none
c9f2521b3c1c,normal,none
2198bc395a2f,normal,none
7ba69a1a535a,normal,none
a687fead70d4,normal,none
3ab0f5fe2f14,normal,none
46c7b99e0b1a,normal,none
14f1ac4396c1,normal,none
ec468ab0e142,normal,none
2eb6d59b16d5,normal,none
611aef87d4c6,normal,none
bce4f005820f,normal,none
40a5c0ac28f2,normal,none
f783a0e65ab9,normal,none
715dfab15d26,normal,none
04fb0a095217,normal,none
0c946bbb14a4,normal,none
69eaf07ecbc0,normal,none
9260ecd9b395,normal,none
6ba9c5f85c1f,normal,none
a559955335f3,normal,none
38839c8df0d6,normal,none
3b3faa21373e,normal,none
739642340fa8,normal,none
88439ac0c350,normal,none
4f865b89d0ec,normal,none
bdc5f79d8768,normal,none
d0dd7dfb74f6,normal,none
4fa8fec46eab,normal,none
fe563c6927c5,normal,none
5498a65ceed6,normal,none
8954fbc5bd4b,normal,none
4a8aedf5b6c3,normal,none
1df734039055,normal,none
9bfa7dfed8f8,normal,none
3c921c0d29b5,normal,none
c3a75f3f5160,normal,none
bdc17eb55343,normal,none
53c1bfcf6d13,normal,none
9d874ed6d0e4,normal,none
3c7be8976069,normal,none
5b74d79252d2,normal,none
01d0d16ebaec,normal,none
3a53be7ee430,normal,none
2577bfb1d40d,normal,none
73f10d591eb1,normal,none
7f1fe182a1ba,normal,none
6604313d15bc,normal,none
b896122a1813,normal,none
3fbd7bc82278,normal,none
ffba0b874bff,normal,none
700125c23ef9,normal,none
ff13b4221c3f,normal,none
c502bf1ce06f,normal,none
21cec3a29a48,normal,none
848aaeb02c0c,normal,none
335e8da0c3b0,normal,none
83e884a48dad,normal,none
f28cbcf18ee9,normal,none
fa63544f89f0,normal,none
62662200f057,normal,none
d6bce6803b0d,normal,none
7926955ec0f1,normal,none
2474674d2809,normal,none
53c98e187f4f,normal,none
8b4260e641bd,normal,none
349050c7c560,normal,none
f0dd71560d9d,normal,none
2f40e65f2f07,normal,none
62376448df76,normal,none
fafaa28220d2,normal,none
6d5d8b52570c,normal,none
881f679ee0c7,normal,none
0538b920426d,normal,none
2d18a8e34a02,normal,none
cc34e1b033bb,normal,none
0dc3528e78c0,normal,none
362d5c3d508f,normal,none
4f5e7a4649d4,normal,none
b2d281ad0de7,normal,none
cd2da037d2b9,normal,none
63eb407cfc2a,normal,none
64c2c0fd02d8,normal,none
8f4060650965,normal,none
8b5ef3435c2e,normal,none
030575859ae5,normal,none
37fe31989d01,normal,none
590ad6b2570a,normal,none
e7306b2af5c1,normal,none
5cc0ee707d71,normal,none
f139a08fc3e7,normal,none
3970b211b915,normal,none
c308b7a684a3,normal,none
a7f387eb3e48,normal,none
c8d732853bd3,normal,none
ff838971dd7e,normal,none
6ffeb65d1f17,normal,none
c2c52b427270,normal,none
42bb56a872a8,normal,none
89719f064c5a,normal,none
10115d44f20f,normal,none
ab594b433185,normal,none
3a1693ae6910,normal,none
07dc2d0e69ca,normal,none
967bdfd5281a,normal,none
f9a265afe025,normal,none
2aafafe56ad6,normal,none
b0cfaf8ab86f,normal,none
d9bc959e2ea1,normal,none
a32b5a80d0bb,normal,none
5c98fb513684,normal,none
c448b3873b82,normal,none
032dde788fd0,normal,none
fb18ef274413,normal,none
158ad4140a1b,normal,none
565152acd955,normal,none
5c0e51afe745,normal,none
a000b15391fe,normal,none
356e3df3e291,normal,none
308b3c6010ba,normal,none
f022b592308e,normal,none
8eb32d9ba175,normal,none
acc4ec08ef25,normal,none
eb059c68505d,normal,none
ca8bbdbe48d7,normal,none
b075bf7085e6,normal,none
15c9fde0af96,normal,none
fdb3af0f4490,normal,none
f2871ad04f36,normal,none
e259aa67313a,normal,none
4553289c3518,normal,none
403cb2ac14e2,normal,none
77f6d388d0e0,normal,none
86236de74d9b,normal,none
25bfa1f7aba7,normal,none
c1df9cc04686,normal,none
dc10e3f02e1f,normal,none
755728df824d,normal,none
03eb045d6b28,normal,none
851ab116e287,normal,none
9b08bf0a3050,normal,none
e05074e13cf7,normal,none
8717c9275dd0,normal,none
e042eacf8263,normal,none
f96f9cf69427,normal,none
c710acbccf70,normal,none
f91dcdce7789,normal,none
c097fe5eaf0a,normal,none
104489967e9d,normal,none
fb485d52bf6c,normal,none
e0bc93e7bc9d,normal,none
a5e99d8b2ef7,normal,none
2a7b273a9172,normal,none
1358ca2d2d9a,normal,none
9d002a6c3236,normal,none
c9ba7e932c54,normal,none
401b7c9c8e3f,normal,none
59ce1742e753,normal,none
00bb7b16a56e,normal,none
d6b1544852de,normal,none
858cf1ec4602,normal,none
7e67e36ee359,normal,none
b6666ee6c3de,normal,none
5bda2a3809d9,normal,none
f22d654d1301,normal,none
871a583ff20c,normal,none
9b1fbe7fd42b,normal,none
727e48f1bbea,normal,none
5861f2a02d77,normal,none
40776553de84,normal,none
6663d6796ba4,normal,none
0939c64b9a38,normal,none
b766512ecb9e,normal,none
1de1533a05c3,normal,none
0ae7624698f1,normal,none
a0775a9522e5,normal,none
046c6cec9d93,normal,none
aeba5c642252,normal,none
5b3e73e32144,normal,none
4907c03f121c,normal,none
a363adce1e27,normal,none
92c2a4447677,normal,none
e2459a3192fb,normal,none
79b39707dd9b,normal,none
b296353ce60b,normal,none
38be97d3e036,normal,none
f0e175927cb4,normal,none
60e3d3205e59,normal,none
b159307d3a86,normal,none
3dd7ff1df8ca,normal,none
06a98a6f0a33,normal,none
80581ba64e4f,normal,none
190c49713606,normal,none
979ae14d398b,normal,none
6c8e600a8f15,normal,none
93c909d378e6,normal,none
1910dc50ec90,normal,none
7f2dd8120cb2,normal,none
806cd6bf819b,normal,none
4faee5c85f76,normal,none
fed307ff79de,normal,none
4602158d8f1a,normal,none
30a791112cba,normal,none
96646b5afcd2,normal,none
97103bf5888a,normal,none
13cc1bfcfee4,normal,none
775e0841c39a,normal,none
13ffe48b4b2c,normal,none
1d5c2009a8fd,normal,none
d8b4d2d71522,normal,none
2763b80515f1,normal,none
c2b475ee9cf4,normal,none
a0c4052ff456,normal,none
8cb59e7b3f09,normal,none
94383f4bc95d,normal,none
3d051edf95dd,normal,none
4a73eb27f241,normal,none
d91bc20ce13a,normal,none
1aecdcf51ccc,normal,none
b73916711fca,normal,none
352bc1496252,normal,none
93f5df22f31b,normal,none
1fbf5ec14f4c,normal,none
365a147dc842,normal,none
d074479c5ae3,normal,none
e873c75582ef,normal,none
166222dc2bdd,normal,none
836733a3f702,normal,none
6d0f858bd77f,normal,none
d976373a03a8,normal,none
be70fd80a86c,normal,none
53b1cd198342,normal,none
7b1065e3542f,normal,none
c2631005a401,normal,none
2a6fd75fc2f2,normal,none
6cbe51646ff9,normal,none
9c1e5d3a0ed4,normal,none
7f593178e55b,normal,none
23fa7b3405aa,normal,none
846bae66b6cf,normal,none
69911e273015,normal,none
e63ccf112c6b,normal,none
4caa3a583bdc,normal,none
3682e55634b0,normal,none
4ce4a9e46870,normal,none
e22401bdb1e3,normal,none
369f0913c36b,normal,none
c66940dc9d7c,normal,none
eb2720ef3e97,normal,none
149e8ab7a819,normal,none
2142bed75d65,normal,none
5ead2db38df8,normal,none
a02ff8de5a39,normal,none
882382dd53f7,normal,none
9c52b5e99393,normal,none
dde29502fbd7,normal,none
5bb18262ffa0,normal,none
58f46c60cc3d,normal,none
f81599ffddbb,normal,none
a2a5c1f4d75e,normal,none
f71da74b49d1,normal,none
27c93bfa3c29,normal,none
6c81a0e76878,normal,none
a5f601750b43,normal,none
c7a6e8fb091f,normal,none
1fec95db8aff,normal,none
8a063d7ce2ca,normal,none
0545b0d10188,normal,none
8d731bb78295,normal,none
ad6d6746c526,normal,none
d0ebb45e39e7,normal,none
f8ee76a61231,normal,none
09d812e4d669,normal,none
b173087f4a44,normal,none
511375fb301a,normal,none
99b009c3d2b7,normal,none
84ddb5c1d3ad,normal,none
3c9bc795a342,normal,none
c75bf0f0f97c,normal,none
2fb0e3457528,normal,none
9272f4732291,normal,none
03ff5b465727,normal,none
be5bdb58457e,normal,none
4c6d6ed1c561,normal,none
2cf45daa8a23,normal,none
59551c1446a4,normal,none
9118f3d17f3b,normal,none
06168884d8f5,normal,none
472ada2cc129,normal,none
11e974644ead,normal,none
435e58eb8bdd,normal,none
e3be78495f4f,normal,none
9306d90fbff9,normal,none
51278d048ae3,normal,none
360bc590b37d,normal,none
e2986962711d,normal,none
9d964d2fe960,normal,none
dfac38fe5d3e,normal,none
634be509a288,normal,none
826f0dac5eaa,normal,none
c1adadcb1b1d,normal,none
9e274fd021ec,normal,none
65a85d26d80a,normal,none
aa3ffa90d9ef,normal,none
100c0f9cff20,normal,none
7bc4b02a4c7e,normal,none
08090ae932f1,normal,none
d5610761b507,normal,none
0e0d2d39a352,normal,none
c9802efed97b,normal,none
1f802e0e9ef7,normal,none
2f0b1bbe4dcd,normal,none
eb5975025906,normal,none
c700cce6777e,normal,none
6bf9a1e799a4,normal,none
954e7911f60a,normal,none
c7a92e90c5c5,normal,none
e55f97bbe727,normal,none
9d92baeaa946,normal,none
5508c0d7856f,normal,none
7a7d91632272,normal,none
b989f5499c53,normal,none
5758847857fc,normal,none
e5ba58fd6c3d,normal,none
55a7843a1613,normal,none
d26a27db4ab8,normal,none
9ee5b5e349d5,normal,none
3b50d81f1015,normal,none
d9051f4021ff,normal,none
9f5961472133,normal,none
67094f9ec151,normal,none
ca8c9c887f2f,normal,none
5e39c34388e5,normal,none
5d14c9deb412,normal,none
b8a0a3fdcd02,normal,none
dee78063441b,normal,none
bc9b67ff5ec1,normal,none
ea432da1ac18,normal,none
69d097772811,normal,none
4563e577f96f,normal,none
08779b397713,normal,none
ccdbff62ff6b,normal,none
f71ae0de8e20,normal,none
816531f5ef63,normal,none
84cb2e9b3145,normal,none
5e1d593dc1b8,normal,none
d01f3634ee10,normal,none
691459ae6537,normal,none
991daa42ee66,normal,none
3eefbe5a87a0,normal,none
3346cd5a4001,normal,none
e8f11b2163c4,normal,none
bbc90bc1eabe,normal,none
b2cb9f8d24b5,normal,none
e17bbb0b9a2c,normal,none
596494b15695,normal,none
a9e7895594e7,normal,none
f2dbda992ace,normal,none
bac8a571c00b,normal,none
c9365d50827b,normal,none
e85c1c2846f4,normal,none
7c200eb31f1c,normal,none
e3da7785a548,normal,none
2446405b9839,normal,none
f4304996e104,normal,none
ab4cfa2c8264,normal,none
82cfa5ce515e,normal,none
3aef86a4d382,normal,none
c0d4b2c20df3,normal,none
05d39eeead07,normal,none
b8895fb94887,normal,none
f610846509a3,normal,none
9c598ea1e2f0,normal,none
cc69b62089fb,normal,none
2dc9a88e94ce,normal,none
e16888404a86,normal,none
61339ccc3a02,normal,none
cce432e87166,normal,none
0f77dfeae786,normal,none
1aa6576f81f8,normal,none
16bc725810ee,normal,none
ce86db461ee2,normal,none
a240842d0a5a,normal,none
4f98828d3c6c,normal,none
21642f89dea4,normal,none
5e3b5199a98b,normal,none
c8cc7970083a,normal,none
3bdaf78ea66d,normal,none
9f88bcc8cd6d,normal,none
85ef704765c7,normal,none
2b0959194fad,normal,none
aa5181b729b1,normal,none
d4ecdbf45cde,normal,none
c76d66247f18,normal,none
e92eaad17046,normal,none
71cb60b20bdf,normal,none
a8fe20d8227b,normal,none
208944f86b26,normal,none
7fce9c3da421,normal,none
337300d8fc73,normal,none
1a05b4b8f408,normal,none
01badfbc16ec,normal,none
6b86f07f110c,normal,none
b851f3e33090,normal,none
3d26c961b288,normal,none
c81417337250,normal,none
7dcbe8758022,normal,none
646a7bd257bb,normal,none
dc835275d49e,normal,none
6d53b33222cc,normal,none
e2a43b733bf8,normal,none
ebde25f37ea1,normal,none
50ecbf4defe2,normal,none
661e468ab29a,normal,none
9f21c7b48892,normal,none
305010991b07,normal,none
599f18f334bb,normal,none
b2d8eb8cf18a,normal,none
30404949c131,normal,none
c8a56929de3e,normal,none
7665ed4997a4,normal,none
9adfb6729deb,normal,none
905307723cb2,normal,none
bd6675344b6b,normal,none
1c32e09300df,normal,none
b4861a7531ea,normal,none
a211b9ec6aec,normal,none
9f6196f8220b,normal,none
5f9a77dfb5f8,normal,none
844fd7b07dc7,normal,none
466b21b0215a,normal,none
6c5bccc41908,normal,none
73c1aa505855,normal,none
cc6562ef7654,normal,none
95e2be488770,normal,none
0b1e8e388258,normal,none
2cabf8809ae1,normal,none
e5a702246e6d,normal,none
4bc2b9518a70,normal,none
90a02098fef7,normal,none
e118fb687207,normal,none
0ad60502e828,normal,none
c1f0005398c8,normal,none
69ee2918e107,normal,none
4c5cbc0e18fb,normal,none
edfd003145e0,normal,none
973044482049,normal,none
6af907df3909,normal,none
8c73d7380ea3,normal,none
a02c16514c8c,normal,none
bca06d41c4bb,normal,none
0cc5c6ac04a0,normal,none
e00d94da5917,normal,none
405c788c5087,normal,none
ad0f5611f4f2,normal,none
536ebff48013,normal,none
7297e9ffaf48,normal,none
8ca2bdc654c9,normal,none
ba7571166f9a,normal,none
14de5e2b536e,normal,none
d7c884167790,normal,none
a31ae47aa833,normal,none
13e92726d31d,normal,none
33091a3f1f55,normal,none
4cdfcae3c4fe,normal,none
29abb76e42c7,normal,none
dc28f305302d,normal,none
697c82729a93,normal,none
152e78fb6a9b,normal,none
df1d021b471e,normal,none
bc148c844a46,normal,none
f1ba75900001,normal,none
5f60c43c60f0,normal,none
efa4b6141698,normal,none
8618209289c7,normal,none
12e2edee8b3c,normal,none
eef2716f1de9,normal,none
93dda95a37aa,normal,none
27fa8cd0e5cd,normal,none
bf5e075eedc2,normal,none
30d58f9a7a31,normal,none
1ad003141504,normal,none
a8613c46eaef,normal,none
d29b99328e85,normal,none
3de4bd0bb661,normal,none
9bd2580e5f34,normal,none
600e01d8e635,normal,none
c7df66609fad,normal,none
9046fe0d5ff6,normal,none
b31e341c9674,normal,none
cd96adc34e99,normal,none
4b6fae434f8b,normal,none
6119d27eb8a7,normal,none
343caa6f373c,normal,none
c6154c6bdefe,normal,none
9ac5641de067,normal,none
6213d7f24edd,normal,none
a0b16c01cb66,normal,none
48bbe5b71ee4,normal,none
38ee0b1ee6f6,normal,none
b672a1c19d98,normal,none
1f1c969942cd,normal,none
b306f6615c03,normal,none
a1170628e700,normal,none
258d5e972a98,normal,none
c78a7a32e719,normal,none
393ed1a0fda6,normal,none
6e227f34cb28,normal,none
ba5779daa3ac,normal,none
4a412bf63f94,normal,none
1abd44b5b4f9,normal,none
98bef6e5b3ad,normal,none
5d669adc1875,normal,none
726d9eb36328,normal,none
535a724a4a9d,normal,none
5a0567d6c478,normal,none
9c3168e9207c,normal,none
6e5812254889,normal,none
8ff736a76130,normal,none
d1867cb581da,normal,none
601e8a1ac565,normal,none
d5a2bd2cc789,normal,none
f4068238374e,normal,none
25c8c7a8701d,normal,none
51d89946a560,normal,none
2a294745a28b,normal,none
d0a3322afbda,normal,none
d23acfe83fde,normal,none
c8c4b5c8474b,normal,none
c1971cb33544,normal,none
889025cc33e2,normal,none
d1f72587ae6d,normal,none
05b10fcf8337,normal,none
7e04d494c75c,normal,none
3ca9b2d028b4,normal,none
a8ec6aa1349e,normal,none
e8540acad9c6,normal,none
82deb55aa044,normal,none
0576182e3b39,normal,none
0b5166cd0546,normal,none
22ad8a876d78,normal,none
60be8e02053a,normal,none
af48fac2f7f3,normal,none
dd2171943d55,normal,none
29f52ad486df,normal,none
31562dce4242,normal,none
de1e937b0608,normal,none
020c905c5d09,normal,none
e78909b87798,normal,none
f6c6db996359,normal,none
01b4a4ef1cc8,normal,none
00b45d2fca64,normal,none
30e279abf2ee,normal,none
f9b303c9f68b,normal,none
f42d53127e1e,normal,none
4df64f96f1e7,normal,none
cf7248430e05,normal,none
9d69d4a73c70,normal,none
d733ab5da93b,normal,none
8cb05cdd535c,normal,none
fd35c135606a,normal,none
b8eb5f847953,normal,none
a330ed289c76,normal,none
17fdfa15bcca,normal,none
04d7546dabd7,normal,none
49a7fd1204cd,normal,none
4d7111938e34,normal,none
bd7864f61269,normal,none
a65723066b41,normal,none
689036501404,normal,none
a46038b0d691,normal,none
972a269d8250,normal,none
f2d57608e315,normal,none
8e4249206f9a,normal,none
da8bf5099d73,normal,none
f8bbebc92945,normal,none
9a04eba532e4,normal,none
e7dedc0c6c51,normal,none
e75ee623144f,normal,none
ef2d124b794c,normal,none
b886ffeaf18f,normal,none
2d90bc03a616,normal,none
f5947f611e4f,normal,none
542b670fde17,normal,none
bc9af992b391,normal,none
4d660e4be65e,normal,none
465dea727553,normal,none
440471963d6d,normal,none
4d5de58a54b1,normal,none
be92ef54120d,normal,none
22a58bcd4649,normal,none
f2ad7c586f16,normal,none
e68434c96707,normal,none
dbb563e2dc30,normal,none
1d1af8a2b5ae,normal,none
198538dff99c,normal,none
083f325373ed,normal,none
0df745839275,normal,none
3b9298079b71,normal,none
fe59ae0999d9,normal,none
ced8766b1290,normal,none
087f6c60fd02,normal,none
b4167b30a256,normal,none
7193073ee40f,normal,none
3b778cd1fde7,normal,none
455038fffb32,normal,none
e91fcfa5b057,normal,none
4b795390c214,normal,none
7cf4b2f9e291,normal,none
871ec3eb2215,normal,none
571475e6655a,normal,none
69ea7491e0c8,normal,none
b938e85e96f6,normal,none
a58a9c1b079f,normal,none
af1c3a3fe101,normal,none
1d8aab38308f,normal,none
13b3319ae126,normal,none
841130946e57,normal,none
242c85b096f0,normal,none
20a865db1e87,normal,none
45dae57ae133,normal,none
1af9cacd478f,normal,none
cf8dbab5351f,normal,none
225e89871a9a,normal,none
fdbf91e180c1,normal,none
c5cd041addd2,normal,none
2e27b7361ffd,normal,none
57dff1ac650c,normal,none
4fab4594ba71,normal,none
3998dde58757,normal,none
a84d2f0394d1,normal,none
efdf738e97d1,normal,none
b489b72babac,normal,none
23170c13de42,normal,none
c7bf865f31cb,normal,none
bfff91febfcf,normal,none
f5b4701e2ca9,normal,none
ffbe51c0a6d7,normal,none
785b90961f53,normal,none
5ea330af859a,normal,none
0fcee1d254de,normal,none
3d93c0bd9d19,normal,none
b7f9d224ba45,normal,none
e1241b07e8a7,normal,none
8a95c6832473,normal,none
4c63b95f8ebe,normal,none
5008cafe410f,normal,none
119cd0c984e8,normal,none
5fffcb40c82e,normal,none
2329a414d9a3,normal,none
c938998ae265,normal,none
68d591abe5a7,normal,none
3c3414f5b39a,normal,none
7e86696c8217,normal,none
ec0ed32b46f2,normal,none
22ff0e87efcb,normal,none
a96516165929,normal,none
69608b2de939,normal,none
379d89c233cb,normal,none
2a94560df2e0,normal,none
6aec98da26cb,normal,none
67d5b8bd4d79,normal,none
468c6a4c13bc,normal,none
d3b60bd085a7,normal,none
de33bb32cc89,normal,none
98143ee0f6ec,normal,none
742429d36d4a,normal,none
583aae87a3c2,normal,none
e7207fa60e91,normal,none
00c5e4d02b2d,normal,none
d07ab4bb40c3,normal,none
f61b39e38ae8,normal,none
c8315bea0911,normal,none
190e14844450,normal,none
70216cb628e6,normal,none
299b467a2f3e,normal,none
b0054d043fbf,normal,none
f6d7dd015298,normal,none
7d8abe93373b,normal,none
0a541afefa65,normal,none
831320f12f7c,normal,none
31be67457423,normal,none
7a6b06a27c82,normal,none
d3c4b8ce93db,normal,none
9bae60a43cc1,normal,none
d6f7b82d4390,normal,none
5dd4cdf1ba72,normal,none
7333b0c0deb9,normal,none
2f9935159bec,normal,none
0128a2d4fb6b,normal,none
3cbecefbea94,normal,none
7dc310a0b0f4,normal,none
0f82d1670f97,normal,none
3574d8ebb6fd,normal,none
615fab80fd83,normal,none
a2f9da84f45a,normal,none
b95668a66fac,normal,none
442bac7c3ee0,normal,none
8747de76abeb,normal,none
b7c0211a5dd1,normal,none
0633fc907ce8,normal,none
7aef77f2372d,normal,none
c6059c7b94fc,normal,none
e5a3775a5716,normal,none
786bc06ce252,normal,none
55ad57e22c9c,normal,none
d4b369823797,normal,none
d5cfada068a5,normal,none
557d55d5de0e,normal,none
7da8022e40c3,normal,none
1a19b358e5ad,normal,none
accc49469378,normal,none
12d8afb6dcbf,normal,none
f7068b693325,normal,none
d180e3bd5b6f,normal,none
6db93a2f13f2,normal,none
3c871fdcfcfc,normal,none
ed21e2b2a86f,normal,none
a65c91e88b0c,normal,none
b231f6b41f32,normal,none
ce3728fde47e,normal,none
23f3144ad6a0,normal,none
771e4adc05c1,normal,none
482e037f9262,normal,none
22972d2f7925,normal,none
af7a421fb35f,normal,none
be91f65493fc,normal,none
d177de80253c,normal,none
902555ea457c,normal,none
84aea97bd96f,normal,none
7ed6d608eaaf,normal,none
5005294fc5cb,normal,none
9eff49938c10,normal,none
25160edc7bdb,normal,none
3509bc146dae,normal,none
4e9db292c9e1,normal,none
0520dab00a86,normal,none
ab9da04c5990,normal,none
89fd2213dd55,normal,none
7bc6bb35e4e7,normal,none
3a4b18f7c44e,normal,none
b50efa7d4667,normal,none
871b6663c45d,normal,none
545e4c9e3b9b,normal,none
19c185782499,normal,none
921aaf0677d2,normal,none
11ed169c3c39,normal,none
4aa102dd799c,normal,none
b1bc21c4b68d,normal,none
e3d69a7dc378,normal,none
2ba310ef1f7a,normal,none
f7e3e44a1384,normal,none
90eb03f512ea,normal,none
4b0ad4261ec0,normal,none
cdd8dde1884f,normal,none
c95a49f25c85,normal,none
ae2bd5f7a9bf,normal,none
b36299994efa,normal,none
a8562b348433,normal,none
470a8eb9faae,normal,none
34e841b02aec,normal,none
b02502690aec,normal,none
508897094edf,normal,none
08095c39501e,normal,none
36a78570f0dc,normal,none
a975b6ae1df6,normal,none
a5a53bd098a7,normal,none
0606f4516062,normal,none
ed0c28c28c3d,normal,none
d4db4d171123,normal,none
8cfbea4ea657,normal,none
b631da553dc1,normal,none
26f244c55834,normal,none
36d9274fbfee,normal,none
7035667c5921,normal,none
0c5319a9b6ec,normal,none
e5017de69208,normal,none
6a8b03880bd7,normal,none
3df0e642199d,normal,none
a125672bacf1,normal,none
1c006f3da427,normal,none
740662136a2c,normal,none
76adb770bc09,normal,none
9c5c77da0d3f,normal,none
6adbbfa2a28d,normal,none
fd0934101068,normal,none
5e5c694b33b2,normal,none
b01f8eaee51c,normal,none
eeebce9cedab,normal,none
4b7f396f5ae5,normal,none
6731c93414ec,normal,none
490afea3120a,normal,none
79cd50fb5b70,normal,none
9eda46edbf7b,normal,none
bbb558b59aa2,normal,none
443cce4184e1,normal,none
8ad12f32a58f,normal,none
575c64fee157,normal,none
a7c206868a68,normal,none
5adea6cb552c,normal,none
53ca4e19d734,normal,none
3926e7b79015,normal,none
5403ca710ee3,normal,none
ba0580490bbd,normal,none
96ca8c75a608,normal,none
cee0fbcf0efe,normal,none
21465dc9f3b6,normal,none
9fd8b001306c,normal,none
3223b577420e,normal,none
be6e8a71c116,normal,none
a860dadaaad3,normal,none
f5c4f3947a87,normal,none
71b3cf158c85,normal,none
daff1d3cbf8e,normal,none
5d2f5ab71681,normal,none
a5dd500aca51,normal,none
4bd171ab6588,normal,none
941dbe2b8005,normal,none
cb7dd7c40375,normal,none
7d51676b46be,normal,none
161c141ccebc,normal,none
2cc592335cba,normal,none
62d31be851e2,normal,none
87689aaa37b8,normal,none
668960edb7f8,normal,none
f4d15ff38967,normal,none
54ce3a0969cd,normal,none
0c3df35239f0,normal,none
afac2b358b73,normal,none
50fc1121f160,normal,none
cfd093fa4b52,normal,none
d95f2e93d5c9,normal,none
49b13e1841f2,normal,none
122986f923a1,normal,none
bb0d6d80693a,normal,none
a1e195549ac2,normal,none
8d8e5b9fdde4,normal,none
fdf1e23ba0a4,normal,none
37a71792290e,normal,none
8cb5ecaebf7d,normal,none
a60ad1cf0de4,normal,none
d8bd47dc04e9,normal,none
969a0629cf70,normal,none
002c49b49338,normal,none
d69c6a4a7f57,normal,none
1f633de27cdb,normal,none
76a7f78eca5d,normal,none
269a540f595f,normal,none
afdafd6fb8b5,normal,none
0f82fb1d77ab,normal,none
3da06d2aba49,normal,none
d15b25266e59,normal,none
7e752f782828,normal,none
34de8a1af630,normal,none
0e9fc5b9eb5d,normal,none
86ee3232f1ad,normal,none
97b3f8c0b633,normal,none
bf3417e3dec4,normal,none
a684b70b5c3b,normal,none
a5230c01c097,normal,none
05bdc18b93ff,normal,none
6a041ef2a13d,normal,none
f0c287d405e2,normal,none
ce171f87a768,normal,none
60718b9a34a7,normal,none
e96761555977,normal,none
cfc3b9da8dac,normal,none
d8ad5f692fad,normal,none
7014f054f5bb,normal,none
760ccc204107,normal,none
bfeceb2b7a25,normal,none
c49b5eb41b3d,normal,none
a5c0e638eb28,normal,none
942c1eb512d1,normal,none
3c8c34604cad,normal,none
529e9ad02fa6,normal,none
408a9e7c1f19,normal,none
b346f89be2c4,normal,none
f4f6d7ef3e3a,normal,none
a20a57e4b116,normal,none
40c70703a43d,normal,none
4c2b86703a00,normal,none
b23e51217577,normal,none
06c4d8576f8e,normal,none
29ee5bfd6173,normal,none
796a575ad5a4,normal,none
47b517835815,normal,none
81d246d08dc8,normal,none
43e9ef9b0b91,normal,none
79b87d004aec,normal,none
84f6083c45bf,normal,none
9ba86f2756f8,normal,none
73da81da3404,normal,none
dfdb6e4b7d35,normal,none
d036f229b503,normal,none
2cae2ed30a6d,normal,none
987152779ed5,normal,none
4974a917ad5c,normal,none
ba4d6632b1f3,normal,none
533fcbf2133b,normal,none
a39ee854d9ec,normal,none
a94fa22113cd,normal,none
c645e72f84d0,normal,none
3e30ad07a907,normal,none
a10d5c2347c6,normal,none
6f6cb6cd71e5,normal,none
dd444b6bc8e3,normal,none
857a4fb9a82b,normal,none
c20dff02a8b3,normal,none
e949ca71faf3,normal,none
7f9e66bc29a8,normal,none
da33ca60fde9,normal,none
45aaaa19793a,normal,none
c894f65247f7,normal,none
ffbadc9f2313,normal,none
9313f85f46c0,normal,none
665a0b3fce37,normal,none
c0c84e9fea98,normal,none
c4cd9d748fe3,normal,none
b046323a057e,normal,none
e2e8d90e1915,normal,none
99e428e4387d,normal,none
6e9c67e6fdb1,normal,none
87c7ddc2cc45,normal,none
6d084f8eb8aa,normal,none
f8ee58d3e545,normal,none
f4903bf17880,normal,none
be9aa497b58f,normal,none
0c28e42fd232,normal,none
fa36cec8d240,normal,none
b21fa658d99f,normal,none
940dd4ea2833,normal,none
538b60ca08eb,normal,none
ad809bd32d60,normal,none
ded67cbd0177,normal,none
23a5638ba1a7,normal,none
c30efacf55f2,normal,none
1cb6f3612cdc,normal,none
9f0cdc726965,normal,none
ea7b257df2bc,normal,none
156ddae24341,normal,none
4b8adaf945de,normal,none
82a5ae351c8a,normal,none
233c8ed80c85,normal,none
07be23aac572,normal,none
cb9b32534441,normal,none
218be24553d7,normal,none
73a425d7db09,normal,none
aebdefbc456c,normal,none
5e1880ee6a81,normal,none
0756ef6eccb4,normal,none
2ce4192af26a,normal,none
daac89a2e572,normal,none
d50800329ab4,normal,none
d5b686a569a1,normal,none
205d3b2e1bfe,normal,none
acf23271a068,normal,none
16e00d5dd46b,normal,none
f8f305f0efa0,normal,none
31cdbe844f72,normal,none
ab5e2810ddda,normal,none
bcf77387d7ba,normal,none
e6d9792ca9a8,normal,none
f209752d1e65,normal,none
9bb6ea635905,normal,none
73b7174395ff,normal,none
da02f72d0992,normal,none
4a9889157fa6,normal,none
a213c30ecb88,normal,none
f066de2640c8,normal,none
39f93c97dbc3,normal,none
793479dadd40,normal,none
b7838e986427,normal,none
3cddad2b9ce1,normal,none
dcf73a86876b,normal,none
7268ccd8fed2,normal,none
fe0b251aa50a,normal,none
cc8259f20ebd,normal,none
87fb0cf14035,normal,none
46b3e134af31,normal,none
aff95aa273bf,normal,none
004a408907f7,normal,none
6a288c3d5da1,normal,none
dabf96055ee1,normal,none
30591b481019,normal,none
72d982294441,normal,none
f29f680c6990,normal,none
fc80b052a44d,normal,none
8f0b900e5753,normal,none
632336f7e797,normal,none
2c6ea92e37dd,normal,none
83ed6d28c7ad,normal,none
811abd0c4ad3,normal,none
e1e4f54e275f,normal,none
26e367363f85,normal,none
fc18abeb6211,normal,none
20481b530b3f,normal,none
9735cc7c5682,normal,none
2e7a56e78c01,normal,none
d4206416fd5e,normal,none
c3ec25705147,normal,none
293e33e32e82,normal,none
37120308947b,normal,none
b5d76f38723a,normal,none
621242839008,normal,none
e5c197f6c31b,normal,none
581f2076e055,normal,none
cd3db0495bd3,normal,none
aa5f1cbf163b,normal,none
476010a5a1e7,normal,none
619be5129dc9,normal,none
e190dd200dbf,normal,none
530f04bef46c,normal,none
7d4a93e800f0,normal,none
b57bba64d676,normal,none
258f792e92c3,normal,none
a550c9eee43e,normal,none
4890c00054ca,normal,none
4aa5ce4e32f2,normal,none
5eb65ba53165,normal,none
4653630bfab8,normal,none
e8e2cea8b834,normal,none
f1635a46c334,normal,none
b3a87371e8d1,normal,none
ba152296b56b,normal,none
43412febb211,normal,none
00320168435e,normal,none
92c9edad1b3a,normal,none
9e552356a9cd,normal,none
e2299289e3b4,normal,none
0f585d93e62c,normal,none
c509a9db17dd,normal,none
81bc75282889,normal,none
f6aa375398e5,normal,none
d6ead7efe96a,normal,none
0ae38db43b7f,normal,none
8ef895725bc2,normal,none
ce8e32e80a3c,normal,none
f6b06ea23a11,normal,none
e2a1732e4452,normal,none
beb42a43e17b,normal,none
2dcc303e817a,normal,none
4a7da663f559,normal,none
f781c533ec42,normal,none
e5c45dd0bbf6,normal,none
0f1f36db8fe1,normal,none
70e154b98e64,normal,none
192a47b13d2f,normal,none
32a156b33264,normal,none
a7b12859d814,normal,none
c69f8855a417,normal,none
349eca43e14f,normal,none
44761a382a62,normal,none
f05abc2bc59a,normal,none
af3df850609e,normal,none
b7122ba7c1d5,normal,none
2a65eb5f9c38,normal,none
21caa3ea6361,normal,none
146fc537e0be,normal,none
3016e71d6c24,normal,none
dd0946a39f05,normal,none
6896a5b1d0c8,normal,none
1b870fc5eb9c,normal,none
7ba16710dd78,normal,none
5305c58e9326,normal,none
208f7e224d8d,normal,none
c3fa4c6593ca,normal,none
14712fe1412b,normal,none
43190f17b9d4,normal,none
314ba8c88941,normal,none
fceb736b36f2,normal,none
9538a4a6c908,normal,none
9be42fe9f817,normal,none
915ae3b1a6ec,normal,none
5b6a5c90b939,normal,none
09170f629ce1,normal,none
f88bfe1ff907,normal,none
d8ab73e6ad32,normal,none
7b7dc699599c,normal,none
c0f822accd1b,normal,none
cb32c0463b2c,normal,none
c3621e7b5bf2,normal,none
12be8e9ad372,normal,none
3330cac22046,normal,none
0d082892160e,normal,none
c514a94dc1eb,normal,none
07d5858bafb6,normal,none
3f790a716861,normal,none
2d001084a012,normal,none
c187719b4884,normal,none
c5085f4c395c,normal,none
416aef154651,normal,none
127886833818,normal,none
b99e131bce76,normal,none
80c54349bc5f,normal,none
73001580b94d,normal,none
0a7223bb8f1f,normal,none
73cba46b8e80,normal,none
cacaf326ffbe,normal,none
f1f6393b11fd,normal,none
f71a3e28f741,normal,none
0cb1091440c0,normal,none
8823228fc6e8,normal,none
14e76e1bc019,normal,none
17cc6bceb20e,normal,none
21b8fc2b551f,normal,none
c3942bd817bb,normal,none
ccfcd7b2f531,normal,none
77202d556cc8,normal,none
39641623e4c9,normal,none
34345b41a82b,normal,none
1b0e4ec8136a,normal,none
7e0b55b117cf,normal,none
877b0cc2acd7,normal,none
cc19322a5806,normal,none
44da9c111429,normal,none
6af750bdf0f4,normal,none
4ea7e53579e9,normal,none
fccb55c75ebe,normal,none
dddcff66cc54,normal,none
a47440f98dc7,normal,none
9686cc16489c,normal,none
e72cc52633c3,normal,none
0efd17b2270f,normal,none
fa3d6522cee7,normal,none
01c876b547c6,normal,none
60d2e50166f0,normal,none
631c7ca7fb73,normal,none
b6c6b8a1414f,normal,none
d4ff7d4a1116,normal,none
2d3f008ac799,normal,none
9af08a891fd4,normal,none
549480ebdfd4,normal,none
bff7ab2d8781,normal,none
b3a5adc4277d,normal,none
4d2611046acb,normal,none
3502e383f5ad,normal,none
708cb53f6a0d,normal,none
a681a04214ad,normal,none
71f77c1f80a0,normal,none
51dc5caaf405,normal,none
10f8fb505106,normal,none
5574afbcf958,normal,none
d7269301051e,normal,none
cd34453800e1,normal,none
7bd19a869d07,normal,none
841449f143e1,normal,none
7e971a69f7a4,normal,none
2790038acdec,normal,none
f0140f891c37,normal,none
5232d77a6423,normal,none
25ca1eeb8b68,normal,none
8fb8f9e7ba6f,normal,none
31dd69c25c73,normal,none
dd9b754a9858,normal,none
b31668ff4de2,normal,none
2e9d25719698,normal,none
9dea92eda796,normal,none
32c209be7741,normal,none
45ef9d117948,normal,none
0a3f69f1bfeb,normal,none
2bf471d64550,normal,none
ce3400f30855,normal,none
7d92477d48ae,normal,none
f21d98692f14,normal,none
aa323e0a25b2,normal,none
2567630cd0b0,normal,none
7587632471d4,normal,none
cdd760264a25,normal,none
6133d0c60a79,normal,none
8808684f022c,normal,none
8c2e8293e27b,normal,none
93b9147f07df,normal,none
d576d3a4d4dc,normal,none
8f6a299292d5,normal,none
8bfaa32c0571,normal,none
9a6c3f2bce64,normal,none
01cd62a5265a,normal,none
37efefcefa9c,normal,none
4d4db566ff60,normal,none
fb33de966bbd,normal,none
691cdf103f40,normal,none
2eb8ad983d11,normal,none
01246ffa4387,normal,none
0d5a9d2add75,normal,none
c59b9bd20306,normal,none
9b2895b563af,normal,none
1b4ba6ee5b77,normal,none
5402894fb901,normal,none
5c32d40eded7,normal,none
c535ff406bf4,normal,none
dc2a311cf15e,normal,none
9d5bc013be9a,normal,none
61b431b4596d,normal,none
dfac61671df8,normal,none
05c5df117525,normal,none
1101a2901e37,normal,none
031e333e0bb8,normal,none
c66279523354,normal,none
0873f548c857,normal,none
af5c0f1a9be1,normal,none
0c15730fbf6d,normal,none
645a443cd7ea,normal,none
fde08918e825,normal,none
b49fba239596,normal,none
fb83d303fe19,normal,none
2edb911543bb,normal,none
5e1aebd34b03,normal,none
5a77e611b24b,normal,none
cd17a5780a90,normal,none
6c743344a0eb,normal,none
d3f7c1959b17,normal,none
eeaa63773b37,normal,none
2d2551dfcb26,normal,none
8b7ebcc60437,normal,none
7a92cf511201,normal,none
72914f8833b6,normal,none
6b7e5304c86f,normal,none
000267bdc573,normal,none
ad6776c8f9f0,normal,none
51c10c164e6e,normal,none
f5168c295da1,normal,none
8b1d732b5248,normal,none
b4e4c59e3cfc,normal,none
fd59aea21163,normal,none
a5faf7e950a0,normal,none
4d4a2b7b6de5,normal,none
1ea83f86f031,normal,none
81121dbfdebc,normal,none
7ddf7d8a39db,normal,none
e0d555153dff,normal,none
bd1b75ce126c,normal,none
e484c9012892,normal,none
f7a3eacd914e,normal,none
587edadaf789,normal,none
3ab52beab8c2,normal,none
2bf5d6e750e1,normal,none
f5ed0a6dfb9e,normal,none
ed6712c0bc2b,normal,none
bcdbe8c99272,normal,none
0aad4f12edae,normal,none
c7087fe7f99c,normal,none
8683b09213e6,normal,none
9f1bb27bb76c,normal,none
097af2b97fec,normal,none
481ddc62c76e,normal,none
1e8f361a3387,normal,none
f6af3eea6769,normal,none
379e9c9195fc,normal,none
db2df765980f,normal,none
6e462874e89d,normal,none
e1b93e18f26e,normal,none
dd73a4cb90a0,normal,none
007d90ed177b,normal,none
ffb8ce653c8c,normal,none
d46b9946fcc4,normal,none
386d5d70186d,normal,none
3d918e527c54,normal,none
204bf2cc3be6,normal,none
6650d7518d43,normal,none
146e414447ac,normal,none
b93cab791603,normal,none
3f80a2e66cdb,normal,none
15547063d399,normal,none
d4e65b3d2200,normal,none
7a941862af4a,normal,none
f495e84f7ba1,normal,none
1382633c94db,normal,none
60d2795f81e8,normal,none
8155cbe8cc60,normal,none
185dbbffe5a0,normal,none
864c12a3f0c4,normal,none
d94d8c083c05,normal,none
e937bdba0bc5,normal,none
7c55c85d3d8e,normal,none
dee653e2d8ab,normal,none
098aef0d6765,normal,none
1777a608ab75,normal,none
54bd089dc059,normal,none
4cd180814ef1,normal,none
ffa71a6ea920,normal,none
15f85ce1ee3b,normal,none
84508a431e7e,normal,none
4b8a43a10b62,normal,none
b1c3fc923c8f,normal,none
e124ee83ffd0,normal,none
47200860b4b9,normal,none
a701852c4532,normal,none
bb56792a7c36,normal,none
7f5982285c19,normal,none
de51064a476f,normal,none
f0d42c2c19d1,normal,none
b391fb75544b,normal,none
8ed4584bc83e,normal,none
cc814669469c,normal,none
ba3c9f507e2f,normal,none
855490ba6373,normal,none
f29506de7c19,normal,none
d0f17b567520,normal,none
a7c9a7c401df,normal,none
9e37b645980c,normal,none
2de4ff581342,normal,none
9fc6d32ba992,normal,none
a3b6b67b16b8,normal,none
11b08bbf79e9,normal,none
3eff9e752248,normal,none
a213d50dad75,normal,none
e2aa79ef53d7,normal,none
f7b54f8b13f6,normal,none
8611f061b26e,normal,none
6e06e3061645,normal,none
6317ade34288,normal,none
c0534e6a315c,normal,none
5473912b3eaa,normal,none
a326d7e23722,normal,none
290cbaf7db87,normal,none
235ae83b1cd5,normal,none
023495f6bdf9,normal,none
e0d8297b3c08,normal,none
18e822a3225b,normal,none
6aa539a621b5,normal,none
0f14594765cd,normal,none
e444471b3351,normal,none
907a8951592a,normal,none
697b488518d5,normal,none
4467c64a2f9d,normal,none
ae3e62788886,normal,none
e2031484202c,normal,none
071603d842d0,normal,none
22c1b26ac44d,normal,none
89547c25fa80,normal,none
d43bdd09dfd0,normal,none
53fd161713ea,normal,none
8eb831e14037,normal,none
342bf31754fe,normal,none
96496b468ba2,normal,none
84c6ee33f78c,normal,none
d99283ca26d4,normal,none
5c42af2df176,normal,none
650a4d2094a6,normal,none
687b744e780c,normal,none
c5cd09eb23a0,normal,none
4640788b2df8,normal,none
c38064f67210,normal,none
7e7a6aeb03f0,normal,none
67218e6e27da,normal,none
07749114bb3f,normal,none
250c802d50cd,normal,none
8aceae1e6b0c,normal,none
3f9c2ba166aa,normal,none
1827052661c7,normal,none
9be8e69e97a3,normal,none
16d371980c85,normal,none
7e8ef482c40b,normal,none
b333697aab06,normal,none
7983164b9229,normal,none
87527119cda7,normal,none
4913364d683e,normal,none
b992fa18bfdc,normal,none
3d36c82db7d4,normal,none
90c86e750951,normal,none
b4e24ac9476a,normal,none
5fe63032ecd6,normal,none
36ad3acae7b5,normal,none
1014b6511f50,normal,none
1c0e63622bd4,normal,none
477cc8f8e81b,normal,none
20282a350327,normal,none
fea5ceb12820,normal,none
4d6ca66bbdb8,normal,none
1731ff231d4b,normal,none
4740322d8a5f,normal,none
46417efd848b,normal,none
36914aaad289,normal,none
94971edfc31e,normal,none
1b32582798d1,normal,none
6611ba80c7c2,normal,none
e57659a4c8ec,normal,none
1d264385aedb,normal,none
db958867c2b3,normal,none
195cb34de3a0,normal,none
558c1e0ae3a0,normal,none
43c8fb9095d5,normal,none
5627a2e10e51,normal,none
261028527e1e,normal,none
3d4142cd8a32,normal,none
765290f25009,normal,none
c4c6fbdb40f4,normal,none
20684b568c15,normal,none
02cd34f1c66b,normal,none
4f54db669e82,normal,none
018ad79a5dea,normal,none
d8243704a39e,normal,none
da00726a8657,normal,none
9e0709527292,normal,none
41d818718c1d,normal,none
9110adf4ff8f,normal,none
e2d3c3fb076e,normal,none
e6fdef50e792,normal,none
98d3e192719e,normal,none
82211ea72004,normal,none
70fa04f4b64f,normal,none
2f7da9f8ed70,normal,none
6acb9f0dce4a,normal,none
9c39984f81dc,normal,none
4b933bb5104c,normal,none
c2941ea5aeb6,normal,none
9fd83785985f,normal,none
ef39919f87ec,normal,none
d20e3afe5d32,normal,none
a7d5791cf3c5,normal,none
6e08067d575a,normal,none
a4f563bcdd98,normal,none
750fa23337ff,normal,none
f96dc1682bc4,normal,none
7b2ddf926355,normal,none
3dc8131139ca,normal,none
bddef0056e60,normal,none
946090a974aa,normal,none
f3f1823b1507,normal,none
bf9f1f448d8d,normal,none
4a4c34632137,normal,none
ba647820a2e1,normal,none
5afc6a2767c3,normal,none
97454e75ae29,normal,none
ca04832c9563,normal,none
1208d1c6a766,normal,none
7a083f1ca522,normal,none
c675e5aca003,normal,none
7cf4bfcad6d9,normal,none
5e3df86fc18e,normal,none
320ec6fa1486,normal,none
c0afe2b88a63,normal,none
d5fbf6513c4b,normal,none
8f1025b95711,normal,none
59505b7d74ed,normal,none
b1fb99ca3d20,normal,none
3b9a6fa31db4,normal,none
ffe06592018f,normal,none
2a1b74b6fa8a,normal,none
841c1b5dba9e,normal,none
32de9ce7b1c6,normal,none
228ac1dec586,normal,none
4991b217e99e,normal,none
1859bc27529f,normal,none
cd1dddd142ea,normal,none
1fffd33b44d5,normal,none
6ac586bd9c47,normal,none
070f236c1f0b,normal,none
4d0285af9027,normal,none
24e147db00f0,normal,none
dfb9597e0c1b,normal,none
ffa187470e9c,normal,none
27a306199d69,normal,none
c29bb0aab40d,normal,none
37bbf337b2e5,normal,none
19693509faf5,normal,none
0313f2b6c3e5,normal,none
e2c2c49882b0,normal,none
74ef7226c470,normal,none
fbe7f98da0a8,normal,none
3ae7564bd8d9,normal,none
81a739474f1f,normal,none
24ee225908a7,normal,none
2977b0700a08,normal,none
2748161c4930,normal,none
7602faf8d715,normal,none
0999d495945b,normal,none
975c52d85481,normal,none
228c74d6b585,normal,none
68e1da66ef43,normal,none
e496eafd3847,normal,none
ebf4bdf04962,normal,none
58cb69ffd3fb,normal,none
cd1b3f2f70c6,normal,none
fe1101374ece,normal,none
a0f9b110376f,normal,none
16b2502490e9,normal,none
3ff5492542cc,normal,none
026d3171c743,normal,none
77db0baa673b,normal,none
a458a8683d60,normal,none
5abc9da6a41a,normal,none
3a8d050b9bca,normal,none
cce8e1a812b9,normal,none
59a4cbf35913,normal,none
89cb07e3c60d,normal,none
07a0b672bb3f,normal,none
042b701eb0f9,normal,none
850495c8a35e,normal,none
1edc29f4b0a0,normal,none
80c308b34b2b,normal,none
8ba26507d943,normal,none
65b05eae9e90,normal,none
dd5b956f16c7,normal,none
83a01eab5b12,normal,none
2ea0d4a3b337,normal,none
0e8c256af5a4,normal,none
e783db424463,normal,none
50965573b77a,normal,none
b45392cd60df,normal,none
33726d8da320,normal,none
633131236673,normal,none
b5c3601e6e2a,normal,none
cf1113fc4a4d,normal,none
7c135ab27fa5,normal,none
08da57f977f0,normal,none
b31f6add7365,normal,none
cb82485d4a68,normal,none
9e1052646979,normal,none
b9781ff8cb22,normal,none
dc30585e4d8d,normal,none
b552aebdbffa,normal,none
74626486c743,normal,none
22076ff40f77,normal,none
c7554f2f08b6,normal,none
0b6cf627fcc2,normal,none
831a21020703,normal,none
b2e9973d2ac5,normal,none
fcc5b87f2225,normal,none
7b3958d6440b,normal,none
7c378b08677b,normal,none
0966467a4608,normal,none
5adbcd911c4e,normal,none
da118dc36cd2,normal,none
147b1ef3a47a,normal,none
18f7191686b3,normal,none
a9aab8cfe167,normal,none
5402f29ed66e,normal,none
590047ae8e37,normal,none
da37b82ff404,normal,none
c6b726f4f9fd,normal,none
e9a5263d2e4c,normal,none
d174589474d0,normal,none
e7d568a15179,normal,none
18ea3627d1e8,normal,none
02d6358ff459,normal,none
a509d77e23c8,normal,none
bfcf29c9d9ff,normal,none
f3de567496a4,normal,none
9df18e1d524e,normal,none
c92f47f43563,normal,none
11c4b756ca60,normal,none
15569b894fdf,normal,none
4a3757167756,normal,none
47ac852a9e08,normal,none
8ddbe1099318,normal,none
514400626d86,normal,none
3aa163bd6f67,normal,none
26845b9038f1,normal,none
5d68f8d65fdc,normal,none
d504071563a4,normal,none
7ac3c7576863,normal,none
50bf920a9af6,normal,none
b0a771250dbd,normal,none
ead5327d655c,normal,none
f27f334fe06b,normal,none
3a7f8595da7b,normal,none
0276ee8b88f3,normal,none
726034dba06b,normal,none
a20af2d0c4bb,normal,none
9155899d41b3,normal,none
128854b50523,normal,none
526f2fbddd50,normal,none
770327dea65f,normal,none
216e2900d8bb,normal,none
39b36302db51,normal,none
e8e658f7ceac,normal,none
9bd55298a906,normal,none
2db8613b2134,normal,none
7dd595eacb74,normal,none
84fceb62a357,normal,none
69892fe94d84,normal,none
0c500ac9814f,normal,none
16a7d20c616e,normal,none
f61bd7b7b8c0,normal,none
f809e4241975,normal,none
365968f4c9bb,normal,none
37ead9baee40,normal,none
4c5fbf971829,normal,none
f032e3cf8532,normal,none
a840d19a1ce0,normal,none
fc2fb03a8b5c,normal,none
684f0d7f3f14,normal,none
dfd2c6a36afc,normal,none
a49113584f06,normal,none
d1188af158bc,normal,none
07336121cb52,normal,none
b65b8d115b8e,normal,none
e4bc540522f5,normal,none
ea4b3c5a7322,normal,none
07f9f89034d0,normal,none
7baeefe02039,normal,none
ee388c9bcc6e,normal,none
5ef03049f0a1,normal,none
eeb0723f02d3,normal,none
5c59ccfbeec8,normal,none
a953af1ad6e7,normal,none
22a2affa9a1d,normal,none
7414a4d63929,normal,none
58669902a415,normal,none
286214f62581,normal,none
6577bea7259e,normal,none
f1a992835e9c,normal,none
fe45374ba9b0,normal,none
e6cd33317193,normal,none
a4578bc29d88,normal,none
78bf76d4a904,normal,none
31ddac031f6c,normal,none
7412e64415ee,normal,none
85948178ca4b,normal,none
1c71defd9de3,normal,none
d1beae3d38b2,normal,none
4a8b6641779f,normal,none
d3743ac7703c,normal,none
768e732b7dae,normal,none
8836f8ecaecd,normal,none
1100e0f30a94,normal,none
0503ef54da93,normal,none
6a256d74731b,normal,none
2f7fa7d08c5c,normal,none
a806d091252a,normal,none
a261a9f172a2,normal,none
9268c812fcd2,normal,none
48fd38663011,normal,none
a458b36af458,normal,none
b034ef306cbe,normal,none
fa71864e343b,normal,none
426909a31893,normal,none
63abe96d4e4a,normal,none
22da6fce7225,normal,none
82555728803a,normal,none
d40218850db3,normal,none
07600f7e530e,normal,none
50132e82047e,normal,none
19d5bd9d2256,normal,none
56566fbac8c7,normal,none
7a0811a8a9fe,normal,none
2a90c6e9744e,normal,none
667df8d9bba3,normal,none
929f646fd870,normal,none
e1f836b6335a,normal,none
ed782b423ce8,normal,none
37881ec2649b,normal,none
ff381616ebbb,normal,none
a4ab9c95d901,normal,none
48aa0a627f4d,normal,none
7bea6beceea0,normal,none
3935b2cec280,normal,none
af4379c48399,normal,none
fdfcd43ffd5b,normal,none
33e9f0f3c982,normal,none
dd7e626151fe,normal,none
242bd3f6c39d,normal,none
1f0ec4385431,normal,none
c525b43c1bb8,normal,none
5f1b48bf01bb,normal,none
677982b24900,normal,none
567f6f872974,normal,none
9cbf31b4c995,normal,none
4a367543ef30,normal,none
64b1e78e21ca,normal,none
da6d0c615f26,normal,none
bcab16286ece,normal,none
52866d498393,normal,none
64fc3857f4fc,normal,none
9bbeb0a84bf7,normal,none
a148efe43e79,normal,none
b234458b9a1f,normal,none
d4fc566bccfe,normal,none
97f1f4100ebf,normal,none
4c42e51a32d5,normal,none
16c419739760,normal,none
c911511712c6,normal,none
5ff04a903768,normal,none
4261c95319b5,normal,none
d595225dcc43,normal,none
7be91c8421ef,normal,none
66dc6f9fe2a6,normal,none
f805bd495d7c,normal,none
c032bfde0e9c,normal,none
e99adb1a008f,normal,none
5c0dbdbee34f,normal,none
2aadb1854092,normal,none
6e679336e6e4,normal,none
d5d9c0d6f6b1,normal,none
e35adb998f4c,normal,none
de335aeb076a,normal,none
58180ab458c7,normal,none
4dc21c5b5a2f,normal,none
ee6e266863f0,normal,none
9479c61c66b7,normal,none
6a9603377f58,normal,none
dfdebb795ae2,normal,none
91deb1c6f9fa,normal,none
4b2dda0b2ced,normal,none
062f2110a8a8,normal,none
943ab51c0ac9,normal,none
a409ee0d0d8f,normal,none
aa304431bb3b,normal,none
0ce3932c9b8b,normal,none
7e88cf059cfc,normal,none
b0e7bd088e98,normal,none
ae29bc251089,normal,none
6ec4b8ced4cc,normal,none
c8f29f810dc7,normal,none
539dbe5b810a,normal,none
3cab29037f9e,normal,none
fd2ab8461857,normal,none
6b5de7397faa,normal,none
527f5210efd2,normal,none
8592b1629e09,normal,none
acf742aedcff,normal,none
08d2f81c38b3,normal,none
93f00f8f3f04,normal,none
d8143c6ce3bf,normal,none
95ec419d724f,normal,none
749ae558513e,normal,none
83af8e4575b4,normal,none
77156b5f374e,normal,none
9c7a39968c44,normal,none
a4ae4998cd40,normal,none
42c33d429c14,normal,none
65f1f3de7949,normal,none
ea78704ea69d,normal,none
f60da7ca1683,normal,none
9b550b5eb588,normal,none
1aaa8fa9e74b,normal,none
083b8f35042c,normal,none
d2d68ed168e2,normal,none
b1a3ee6d6e23,normal,none
9f8b2f0e1c54,normal,none
443c254a4d31,normal,none
4cab46809a6f,normal,none
abc30d588aeb,normal,none
aeaacb801aee,normal,none
0f6027a3ab17,normal,none
c8fd2d95a206,normal,none
67ffd20893db,normal,none
ad6f12899323,normal,none
22244662b4ae,normal,none
0f813f51bdc7,normal,none
1cc2a23d8c47,normal,none
fbbcbe49623a,normal,none
1ac3d1301ab9,normal,none
4fdb11d4b0dc,normal,none
ebcb0b1b5632,normal,none
8451dd77f688,normal,none
624b0c3ddf39,normal,none
ce269da6bf97,normal,none
821aafd9602e,normal,none
a91b5354d81f,normal,none
209603951775,normal,none
68f9de840265,normal,none
443e8348b950,normal,none
9f7d8ec447ef,normal,none
c98d3153b526,normal,none
77733748d9b6,normal,none
d89240987a73,normal,none
30c001b85ab1,normal,none
b4ac6e290bf3,normal,none
3981292470c0,normal,none
017861720e0d,normal,none
ca894776d53b,normal,none
2a58bd6acf7c,normal,none
7ba955342238,normal,none
6d22711cb20d,normal,none
df1d26fce779,normal,none
4c9f121b36e0,normal,none
43ad634cf5d0,normal,none
859774fcd1e0,normal,none
9be85b73df5c,normal,none
577de1d5536e,normal,none
ebf582d2be76,normal,none
11794379cb71,normal,none
395ddc11c98e,normal,none
c1b53470c14a,normal,none
82bb0831ad5e,normal,none
fc9cfa505b24,normal,none
ddcf966bca47,normal,none
2de0c9e662d8,normal,none
cb01af8c6c2c,normal,none
8585f714ee91,normal,none
e969cb3ad3aa,normal,none
285a3b21ed43,normal,none
619ce52f989d,normal,none
e08413e8ed0c,normal,none
a1c4c0c3d0c8,normal,none
e4daff495701,normal,none
cff4ee3b5d63,normal,none
bca9a6896c02,normal,none
35808c411c88,normal,none
f5e76c494af5,normal,none
44465763a117,normal,none
88163cbc4176,normal,none
d64b0072b0d9,normal,none
2ea2c2ff1b7f,normal,none
003315a671d9,normal,none
ba415325016d,normal,none
4cbc0edf12e7,normal,none
635fe84f47ea,normal,none
b24c866a8d7c,normal,none
ccf0caf1139e,normal,none
c4702043b88d,normal,none
72d021915602,normal,none
d541bf322726,normal,none
bee0e8fb0948,normal,none
4d0ff1751556,normal,none
a031fb969686,normal,none
bec073c5bda4,normal,none
5b6fee733019,normal,none
2b69c7a8ff80,normal,none
98a94f0e0841,normal,none
0e2661872244,normal,none
f98e171306c1,normal,none
9ce1cb4866cf,normal,none
1adf0deb1540,normal,none
d5a8776167b7,normal,none
ab84b174ca3e,normal,none
0c54ba5dce29,normal,none
46e7f84edbba,normal,none
9c4a49467642,normal,none
2571502b0054,normal,none
de683adfaca7,normal,none
8fc3a013e352,normal,none
ecf8ae4fc81a,normal,none
cfd7399115d4,normal,none
373ffe6eaa15,normal,none
75789b867aa8,normal,none
640f3c9f98fe,normal,none
d33af42339cb,normal,none
282df68dc0da,normal,none
18135bb98de8,normal,none
a9acdb967454,normal,none
9963d7908722,normal,none
83f46a899fd3,normal,none
0692a288b211,normal,none
49386f4f3bf7,normal,none
5185924dd529,normal,none
e717bb14f86d,normal,none
0e9a7030228c,normal,none
b963016bbe01,normal,none
bce6f88fc50c,normal,none
50cfe35f8fab,normal,none
8770b5bed3f4,normal,none
956e228debdf,normal,none
68e62342ca12,normal,none
bd69ead336fd,normal,none
2d5f912fd53d,normal,none
380ec21d7663,normal,none
225cd24efea4,normal,none
549d5f08869b,normal,none
736bbab42dee,normal,none
91acd3bb9264,normal,none
bd0ea8b56cb7,normal,none
1e7bea6eaa56,normal,none
37ac3859bbf3,normal,none
af054f573c0b,normal,none
703d23c5707f,normal,none
b05109caa994,normal,none
4f59ca7a141e,normal,none
2b4c3074b838,normal,none
1eed511e4adb,normal,none
5a924a0cbf17,normal,none
8eb151ca7564,normal,none
a091ab01fb87,normal,none
c2f876383d95,normal,none
4606f783cff7,normal,none
b79a68051570,normal,none
e7663f127eae,normal,none
3c3f32232400,normal,none
4120d06a53da,normal,none
e5dd311bb629,normal,none
7b84e63e826c,normal,none
d03d58e23606,normal,none
6467ee43617a,normal,none
048fb6bc2a80,normal,none
c1c37177fd67,normal,none
8a559c499d13,normal,none
b1f40d22069b,normal,none
4bd19c0e6057,normal,none
6c9e8f9b898b,normal,none
3d1f83b7ac52,normal,none
50075741ab8a,normal,none
7ef7d40be044,normal,none
89137b9ceb09,normal,none
76d1da7f5af8,normal,none
56a68bcb9d54,normal,none
2bf7ef2c688b,normal,none
276a8d19079d,normal,none
c3477979c69e,normal,none
524e5072a605,normal,none
ca3295ce5798,normal,none
f3767311b3d6,normal,none
03f862916215,normal,none
8c1115256af9,normal,none
a791182a28a1,normal,none
77ac6a9a7686,normal,none
2d883eac6c63,normal,none
c163b54417a3,normal,none
d468ab6d8d2e,normal,none
359c4c7a1940,normal,none
27f40f969c03,normal,none
5a6c4fdf5256,normal,none
8358745cdec5,normal,none
91c2872118c5,normal,none
f7da57f0510b,normal,none
89a4cfdab09d,normal,none
75cf77fb185b,normal,none
5181f6436da6,normal,none
81f09cb3a3fe,normal,none
99fbd7c057e2,normal,none
734938e408c6,normal,none
3a27f7308726,normal,none
3860596201f1,normal,none
4b4797cdc578,normal,none
c144fd776a84,normal,none
5e27a2c714d8,normal,none
be8f2a14da24,normal,none
93c3d911addc,normal,none
8ba6917124b5,normal,none
fa38ad02ef17,normal,none
b6a94f1e1881,normal,none
d809441aef35,normal,none
ddf4ff639a6a,normal,none
b00cd93c8d0f,normal,none
77c7a719ea97,normal,none
05b6b1227284,normal,none
1736273a93a5,normal,none
1ce4b0761665,normal,none
b255db5e36cb,normal,none
9dfdd8561a20,normal,none
842dc06feb1c,normal,none
de0845eed520,normal,none
42803a0f4489,normal,none
df359db58c22,normal,none
407a1099e069,normal,none
a9bd783eef12,normal,none
18dd5e9526ab,normal,none
59df7d3ee75c,normal,none
647cc18e45ee,normal,none
b788a9fb639b,normal,none
2c131ba76d6e,normal,none
01f705c9c0a2,normal,none
832572d5ca6f,normal,none
1bb9060de9dd,normal,none
93a3ec9c4eb7,normal,none
69134c3e2a46,normal,none
6f133c099717,normal,none
11af0f319c06,normal,none
26cbaea0a142,normal,none
1740834c83e9,normal,none
0e373b647528,normal,none
626bab85bd63,normal,none
b0215ce3a92c,normal,none
24f0fa7c90cb,normal,none
70ec71343fb6,normal,none
f90e2e49810a,normal,none
77bc89a0da46,normal,none
6c9b63c2bced,normal,none
a5bdea8390ac,normal,none
2727c582752b,normal,none
b7db1bd1f93f,normal,none
b88520330cd5,normal,none
c674da4e7bd8,normal,none
dd8457cdc926,normal,none
d081b47e1193,normal,none
6dcad7afb431,normal,none
5512e5b5d1da,normal,none
16f391ffa673,normal,none
dd1668967772,normal,none
9c717f986f89,normal,none
81686b8c74e9,normal,none
c34e46d11f48,normal,none
a1794be8006e,normal,none
d1d64a9ad815,normal,none
4fc579656dca,normal,none
79d5159f3601,normal,none
007af6ccb161,normal,none
31df0bf07366,normal,none
b5531aefeb99,normal,none
3278a4e850ca,normal,none
8e328832ad37,normal,none
a4e1586c7af5,normal,none
8a5ba5daf97d,normal,none
fa96cc98fb8d,normal,none
136f77b4a3b7,normal,none
80129c8a369b,normal,none
ee551a321a71,normal,none
768343d10fdb,normal,none
72b77671c555,normal,none
c4bcb6b238c0,normal,none
669d14fd758c,normal,none
a1af1bbf40a0,normal,none
349f407978a7,normal,none
8193101b212c,normal,none
a1ae1ebfd475,normal,none
28bc2ca79e78,normal,none
b7d9afab0916,normal,none
9853a8f99b09,normal,none
ab2c00751426,normal,none
5239150b5af8,normal,none
4a77b97778a1,normal,none
8187b5963c62,normal,none
264b727ad0b3,normal,none
340ddf38c4f1,normal,none
187b79b4d3da,normal,none
2e30c8700ef6,normal,none
a60e9fc82faa,normal,none
88f536c131f6,normal,none
5365ea7504f8,normal,none
162a5fb730c4,normal,none
e615eaae3c01,normal,none
4b7f98f23e60,normal,none
357a68c149af,normal,none
917d54598df8,normal,none
11b0e3f776ee,normal,none
b2f63ad4d517,normal,none
2c0476854f48,normal,none
8a5065b53f81,normal,none
bc6a6e774145,normal,none
8ffbf0fb51a2,normal,none
0e191c557614,normal,none
3eb501877870,normal,none
df122b2a7c3d,normal,none
e905c9f2ee9e,normal,none
e09e872aa75e,normal,none
37924ad47e81,normal,none
7d638c400088,normal,none
d537207fe62e,normal,none
c2a7f292a5aa,normal,none
e44ff6786fa3,normal,none
346de800054b,normal,none
f7eb6a444cdd,normal,none
12c916443989,normal,none
afe2ec6692d7,normal,none
d3270f31ca5b,normal,none
bdd7a47b6a53,normal,none
459a7cfdb684,normal,none
bb36ab7845af,normal,none
1d5be25e99f1,normal,none
7445d53adaa2,normal,none
9aaf67e5d0d6,normal,none
0da7b593b9fd,normal,none
34588a02aa52,normal,none
8059d3f0f700,normal,none
39ffaf58b3fc,normal,none
f8933373f84c,normal,none
defd3f8d03fd,normal,none
08fb004d97ad,normal,none
a00e4f49d02d,normal,none
c484b3f0a466,normal,none
760bcab10635,normal,none
6623c317a323,normal,none
5ffc95e57dab,normal,none
33fe103f5225,normal,none
26714c4fba91,normal,none
f8ad1072feb1,normal,none
965c5534eae7,normal,none
072256b92fd6,normal,none
a53064e37aa4,normal,none
90ec761f88ad,normal,none
09f17c0df4ae,normal,none
2d6a5e006a3a,normal,none
3dad6635a214,normal,none
af67a17b075d,normal,none
6d56f1d3189b,normal,none
ea3caf991ef9,normal,none
6299f8e4ae39,normal,none
b19903ec1e7a,normal,none
631ba7ca33e4,normal,none
ec55c1b1593d,normal,none
4b9400f21691,normal,none
8052e3349940,normal,none
76ee902b738d,normal,none
e97f1afcc6df,normal,none
d70ebd9fe3ac,normal,none
83c85107b60a,normal,none
900910affb8b,normal,none
a4a8bcec65f0,normal,none
d39f4e9f078f,normal,none
312f80d0cef2,normal,none
17fb8351ef8a,normal,none
23a000652f02,normal,none
532ba8b82698,normal,none
639d4ad317c9,normal,none
c6accc8744b4,normal,none
8b1a5b8ed008,normal,none
1572830b94be,normal,none
627c24e3f7c7,normal,none
8059219774df,normal,none
759452558154,normal,none
96eece59711e,normal,none
11d5666fc949,normal,none
ca6602282862,normal,none
6c10c73149f2,normal,none
261c3f2aa450,normal,none
75c76865a0f1,normal,none
c6471923a071,normal,none
4ab73c838df5,normal,none
b0de137633f6,normal,none
4aeb759bbfa8,normal,none
8bf01bc22746,normal,none
3cdb496361f5,normal,none
4ac79d9ae113,normal,none
461809331d1b,normal,none
643ba577ce12,normal,none
13999b828873,normal,none
09eebff82ffe,normal,none
b97fd980651a,normal,none
961549832134,normal,none
bcf8d4da2a95,normal,none
055eb76776f4,normal,none
d99bf935729e,normal,none
6fbb3a82174c,normal,none
544dd5f180f0,normal,none
12d4b338987a,normal,none
8f4de4eeba6b,normal,none
74e8bd3b7a30,normal,none
98c442bc1298,normal,none
476c2da63a7e,normal,none
b6f895c2fa52,normal,none
977016cda9bf,normal,none
4dcbeb8d29cf,normal,none
9e3719666d55,normal,none
9bc276c43c3b,normal,none
fb21c93b1b4e,normal,none
157118a06b0a,normal,none
ae08002dd47e,normal,none
04f5700faaf8,normal,none
85155062b73a,normal,none
9f64f390c35f,normal,none
a7bb007e1a28,normal,none
da7b82e34dbb,normal,none
a9cd7b63f9c9,normal,none
7372e9647f15,normal,none
4b4a23163825,normal,none
fba1ea37b9c0,normal,none
165d090e3a47,normal,none
485fd4e6843b,normal,none
08759a847457,normal,none
53445a221beb,normal,none
fee4d8eb726d,normal,none
a1ec2547fd40,normal,none
965fabda0ee7,normal,none
e629a7223e63,normal,none
fc72ef91088e,normal,none
018c71818af4,normal,none
8848605eb1ea,normal,none
3af8b1c16d34,normal,none
a361675ad0c8,normal,none
80995b44db02,normal,none
b0d36180075b,normal,none
104b853d9318,normal,none
781c6b2a5129,normal,none
461119512ffb,normal,none
7ef4d40ed312,normal,none
2baabccf3a9c,normal,none
97f5cbc46e38,normal,none
5e685c680e7d,normal,none
6bcba9ce6b00,normal,none
6247129c8c7c,normal,none
eb8d30d006a8,normal,none
e84fccc72f83,normal,none
c4b3c697474c,normal,none
6cdf35e3dd6d,normal,none
08dd5aa2239b,normal,none
1d58478a5dc5,normal,none
f8bc73d4986d,normal,none
ded07266bfd6,normal,none
4ccba7026181,normal,none
badc52ab6422,normal,none
41fdc21867f3,normal,none
fb1bc3547dc1,normal,none
607d5f1b7c5f,normal,none
ab00d5c180e5,normal,none
e77c37a1b4be,normal,none
f007b289635a,normal,none
ecd9b50e0424,normal,none
9efa0532a1e2,normal,none
3087e156969d,normal,none
1d150cf3c997,normal,none
4acfb4129b24,normal,none
86e3da58fc77,normal,none
6092ebd8a478,normal,none
2e6d245d2849,normal,none
096eec681d64,normal,none
628164bb7cdc,normal,none
1d1194efbb2d,normal,none
bc9e1912aa68,normal,none
830114109dcd,normal,none
2f726e42b838,normal,none
c44f4bfff277,normal,none
2cebc2eb0275,normal,none
31b515c07fb8,normal,none
c0ed8c5bdb70,normal,none
8db0cd93d9f2,normal,none
dbeda9697275,normal,none
cd2c6cdea61a,normal,none
4cfbe19b3201,normal,none
32c0157cbf36,normal,none
4045e80694ac,normal,none
3a1d3c539e6f,normal,none
0597d008a55e,normal,none
02d8e133a09f,normal,none
67ea6b8d1c06,normal,none
b80e7375661b,normal,none
90764bffa628,normal,none
037820923732,normal,none
f7833460f81f,normal,none
6083fdc6ae8d,normal,none
9405cfffe798,normal,none
2a311ee7746e,normal,none
bfbd179a49fa,normal,none
10966365d7a8,normal,none
1572f24031a8,normal,none
8c0bb2def7c6,normal,none
eef79d3278a7,normal,none
9aff1921aa99,normal,none
092c61c8626e,normal,none
f275d7e4bbda,normal,none
a624b1f7e14f,normal,none
b6fad4dcc028,normal,none
d15f5db48f9e,normal,none
96a693623891,normal,none
179593f41941,normal,none
443ea1fa3740,normal,none
3f95add27342,normal,none
bac71211b1c2,normal,none
cbbf5cacb508,normal,none
0296f90e02dc,normal,none
e97712e012f9,normal,none
7b312a892c51,normal,none
1f246df33e91,normal,none
c6f630abea6e,normal,none
0ed1ceac095b,normal,none
69efd4532f1f,normal,none
a49662b2d6ae,normal,none
134282aab57b,normal,none
5ba02aa25e3e,normal,none
775d13c03bdc,normal,none
e9bddd7a0090,normal,none
f000f9f1a81b,normal,none
cef5a0a8b803,normal,none
f948eea64e72,normal,none
59bceb558c40,normal,none
5d7f1e9e1f52,normal,none
e9e21d6bbb1b,normal,none
681c36804f87,normal,none
a974c6a0a29b,normal,none
b08233c92320,normal,none
f33545d7271c,normal,none
f02b76815988,normal,none
56e99be8091c,normal,none
9a496c577c0f,normal,none
5f367d49581f,normal,none
3f47b29bacfc,normal,none
747f1e702d88,normal,none
ce41e6879bc6,normal,none
ca6becb8472b,normal,none
c7df8f7b612d,normal,none
a8713f63ea3f,normal,none
5e080af5a81c,normal,none
d79d49bebaf0,normal,none
e6871cbd0bdc,normal,none
3cb66835a85e,normal,none
d1eb0694b650,normal,none
c86679a066c2,normal,none
33cfe964d295,normal,none
76c2b213062a,normal,none
687981e47ab9,normal,none
09aeb6b726b6,normal,none
c9a66a70395a,normal,none
693ab71f7265,normal,none
205336f2e4b3,normal,none
ba786d04e341,normal,none
3970481fc41c,normal,none
3630338f00b0,normal,none
65ac751b4281,normal,none
4150631c33cc,normal,none
191ed2a749dc,normal,none
ab6cb8d4b919,normal,none
cb4742c3728d,normal,none
8a1b7fa3ffb9,normal,none
a13cdf7a0606,normal,none
60bbbda4fa72,normal,none
1e8c6918809c,normal,none
4ca92eebc8f6,normal,none
8642fea9110b,normal,none
3decb00e37ee,normal,none
97b9bfed8708,normal,none
a958b550c4d2,normal,none
e43c90ac9d8b,normal,none
64683cabf449,normal,none
afcd27016286,normal,none
1b19b4c9ff11,normal,none
6b2f9e01be28,normal,none
fe15bf3d17fd,normal,none
0ce393403a83,normal,none
bd5870887822,normal,none
515a119f08a3,normal,none
0f32e7012ce3,normal,none
cf9b6a1e908f,normal,none
c0bdbab7e6b7,normal,none
41811ec14108,normal,none
61ee9930d562,normal,none
60480e2914af,normal,none
bfc6733b79c6,normal,none
69a115c90cfd,normal,none
b8cf4cadbd24,normal,none
0ac2668f2858,normal,none
a5266fe48909,normal,none
81274371fa7d,normal,none
4175e0dac6b3,normal,none
5e9528519865,normal,none
be04e16b2260,normal,none
d0734cfb6f69,normal,none
190acd890367,normal,none
201bc21db846,normal,none
60f5b5eda06e,normal,none
7ac34c2d4d83,normal,none
1e63db0d00fe,normal,none
a5f7c846ddfc,normal,none
52249acca320,normal,none
f6233ffe62f6,normal,none
06a4990642b8,normal,none
6e17982fcf79,normal,none
1669a995f418,normal,none
c9b3b21ae780,normal,none
be2f4caaf8c6,normal,none
9ada50b5cd14,normal,none
05f93c89a79a,normal,none
25f95b651c54,normal,none
40ee2386eb01,normal,none
7549fa40f84e,normal,none
3feb9b7d5572,normal,none
2425bb859475,normal,none
c6216948060a,normal,none
9ab26b40fe49,normal,none
0c1916bb1ca7,normal,none
21f709f06abb,normal,none
a90c20764bec,normal,none
018517f28137,normal,none
1ab248a691ff,normal,none
5412f04ce3a4,normal,none
58067d371dc4,normal,none
d40940a43b7e,normal,none
89dbc0e7fdd2,normal,none
48ae4f30b8a8,normal,none
9980786db33f,normal,none
51025eb4e795,normal,none
dd27ea9a478e,normal,none
b95e473ba0b5,normal,none
cde2d36e85d4,normal,none
ccab7c6f5ed2,normal,none
158213bc14d3,normal,none
1e1466180c81,normal,none
21c7af6dfe5e,normal,none
e5ad03ea8c2f,normal,none
5627c7025f0e,normal,none
64a7589694b8,normal,none
e90e098504ee,normal,none
a9d4d827b4a2,normal,none
127c86f3ad15,normal,none
5cef57f98a44,normal,none
00f3089b9e13,normal,none
dbac79a0e69c,normal,none
dbc48a74da0f,normal,none
478d78031400,normal,none
840ba11db212,normal,none
78cf14484e6c,normal,none
3bff3a97ffbe,normal,none
7d7d71449b35,normal,none
3a92ea8029cc,normal,none
5050efb2eba0,normal,none
3c8adc3adf61,normal,none
0727d781e4c1,normal,none
71e780eed3d0,normal,none
2115a8db1b64,normal,none
ad07cbf513e6,normal,none
900c3d37bc5c,normal,none
6e40ee75f33b,normal,none
14feff68a9f1,normal,none
b5b25256bdc2,normal,none
054ddc040a7b,normal,none
8871896c67db,normal,none
509e0734a662,normal,none
3bb2fd0ec14e,normal,none
49ce7e9af6ea,normal,none
66b723cac055,normal,none
7ea45b2be817,normal,none
b91c3e0d4ef0,normal,none
5159d70758cf,normal,none
3c3d9964187e,normal,none
1539c050b317,normal,none
95eabdbfdf9e,normal,none
590f2ce4f019,normal,none
44974b7ab1fc,normal,none
51d5e4b55bc9,normal,none
6bc401c777e5,normal,none
5912a4da1acf,normal,none
4db6093e6f05,normal,none
f2fc6c9149e7,normal,none
bcd0f3d5207b,normal,none
a44290187339,normal,none
ce559e635b8f,normal,none
14f8a6ce9c18,normal,none
528a20547973,normal,none
3bdb5ba30427,normal,none
58cb1ceda832,normal,none
020128676db2,normal,none
e31e9f3f9c90,normal,none
116f98058206,normal,none
fd7a1efae32b,normal,none
1ecd139cc217,normal,none
17fca1653ea5,normal,none
1be85a8f8bc5,normal,none
d1e3ceb5ec4a,normal,none
73bddbbc0ba1,normal,none
c3b14a0058fe,normal,none
4e1996130a16,normal,none
dba81b5c71b1,normal,none
6e9fbb1da9ba,normal,none
c2ec32503506,normal,none
251e9bb42682,normal,none
30b4f0f720eb,normal,none
7b8b3539c0bc,normal,none
fc7a7a6df6a2,normal,none
39514112d69f,normal,none
c57ebf4b7498,normal,none
cd595f107b4b,normal,none
b11fd04ce875,normal,none
7d3a1da723ce,normal,none
26783a93fef5,normal,none
ffc87d37c503,normal,none
a6362d384182,normal,none
a96f6f944cc5,normal,none
ebf227ba5fb2,normal,none
6cbebead33e5,normal,none
af74ea5e0222,normal,none
faee5a30c5e5,normal,none
c42b3c4b9618,normal,none
381ea63f4125,normal,none
6aa949a5fc7a,normal,none
ee0c5aa19643,normal,none
bfa44f0b180a,normal,none
32ab9b019990,normal,none
0d027339ee31,normal,none
e69d8dd220e5,normal,none
4863fe69d27a,normal,none
7daa718052fe,normal,none
37ece00829ae,normal,none
332dabf7b3e4,normal,none
018a207a5131,normal,none
cfe2d49c4213,normal,none
0649b1577003,normal,none
63e375afc344,normal,none
b2a4029f897a,normal,none
5528c69688a2,normal,none
5d25e8b6ad10,normal,none
0bf9e83f1480,normal,none
40df8dc3af12,normal,none
fe4449cbdde2,normal,none
9014935fcf97,normal,none
f5688d2d1088,normal,none
b645e7a6ed91,normal,none
dc3acca48d6d,normal,none
78ad29b0c9f4,normal,none
9014f536d0c8,normal,none
7dfd40b10772,normal,none
21288bdf550d,normal,none
9ec9b5cb8e65,normal,none
366924421ff5,normal,none
6168fc4bc45d,normal,none
26b9511cacc2,normal,none
dd232b070b35,normal,none
94c7e2e4d099,normal,none
557dd119ccc8,normal,none
7773d3198171,normal,none
05aa7e81d1d4,normal,none
7794b6c05d12,normal,none
cddcaacffe4e,normal,none
ff78790361bd,normal,none
92fff08083b0,normal,none
646cf7f623a9,normal,none
7bfe66a91571,normal,none
f32ddd179b0f,normal,none
b7c543413926,normal,none
154de25a61c6,normal,none
a0e64edca8c3,normal,none
1398c2aec434,normal,none
41f7c1ad0491,normal,none
526e1914ac03,normal,none
bc640ae1bde4,normal,none
c4ef46148107,normal,none
e628a4b90116,normal,none
0eb63b8ad737,normal,none
e3fb88e62158,normal,none
f2bedc522f69,normal,none
8ac7b5fdaa90,normal,none
34cda9d15256,normal,none
1234380502d9,normal,none
475b5db3a6e4,normal,none
988f9adabd5f,normal,none
78246cfd0e07,normal,none
478aba33f83d,normal,none
6069d7706877,normal,none
5716521ca063,normal,none
60f403f6a795,normal,none
8f7239188534,normal,none
82c8023517ca,normal,none
1ff86942a6a3,normal,none
ca7f69eeac9a,normal,none
4e3418d14472,normal,none
d5a5bc21c114,normal,none
1defe28d9a8a,normal,none
a82fc59d6461,normal,none
cfed06117667,normal,none
b80f4cd5b4b9,normal,none
7ce1022185e8,normal,none
5f4173e18373,normal,none
f5f4c49f9bde,normal,none
738790114842,normal,none
eb7c16347dcb,normal,none
6e5c87ce27ca,normal,none
e7815f453d57,normal,none
885cdbdae836,normal,none
fc0cb1ce1bb7,normal,none
c0ba0617c202,normal,none
7fdffe1c1124,normal,none
83c361f0407a,normal,none
67fc598da5de,normal,none
004a8e276d92,normal,none
f6c69424ce3d,normal,none
2e9ef5e64dd9,normal,none
573f05724e01,normal,none
67c6cd86862b,normal,none
82565b8ae6ef,normal,none
5b68072e1af5,normal,none
6990a6ca5698,normal,none
b8dd90735f38,normal,none
b36ad2d13f3c,normal,none
950dd7b1643e,normal,none
6f20fd3caedd,normal,none
4f56fb3a2597,normal,none
ed101db54b04,normal,none
4cf6ccf47e7f,normal,none
97fd40ad0277,normal,none
7adaeb8023aa,normal,none
439107228cfa,normal,none
5482797bea1f,normal,none
98675f0fc62f,normal,none
38c6a7027495,normal,none
e5e3f84f1d93,normal,none
3e018f9ddd0f,normal,none
cfa753e466c6,normal,none
c4d1bf014a1e,normal,none
8ace926502a1,normal,none
a265fb60b45b,normal,none
994cf3887a2c,normal,none
32ca0ee6e154,normal,none
c2394a15f52d,normal,none
6e5dcbc5aea3,normal,none
3a427ea6b33a,normal,none
034792685b4c,normal,none
029e09b5ffe8,normal,none
50e38a981efb,normal,none
2f5f1427ac25,normal,none
660784536177,normal,none
b2d668124eed,normal,none
f8417dc7b8cd,normal,none
551f93977da0,normal,none
2bfc9d22dafb,normal,none
6d7281453f61,normal,none
1498609e9536,normal,none
434deb5d394f,normal,none
67f775f44bcd,normal,none
698c9490f166,normal,none
45bc42fd4829,normal,none
813770c1784d,normal,none
a060b5e90ee1,normal,none
1ea13f6d0dfb,normal,none
1db6ecd0bac5,normal,none
f2ab71dbf68a,normal,none
691b60773597,normal,none
37d3a33f0e0c,normal,none
9a33beb933df,normal,none
26b5ef0375a0,normal,none
95cb66786e6c,normal,none
51c6b4583707,normal,none
3797d81d7e3d,normal,none
9717b9287062,normal,none
9c5ce4fa0d5f,normal,none
2dc00a769804,normal,none
1700e4e426aa,normal,none
5af3ff69af6b,normal,none
35b31e03e97b,normal,none
7e54ce7ec56c,normal,none
06e64550afb4,normal,none
69075486d310,normal,none
d34d9418a2a6,normal,none
4045f7cc2a8b,normal,none
c606f9bf163f,normal,none
0145b6cf0217,normal,none
8eea0c67ce95,normal,none
d6fd8a287638,normal,none
9b237b089178,normal,none
5390e782804e,normal,none
6e4f42300526,normal,none
e80673f32d9f,normal,none
059870b469f2,normal,none
4b4eabb79975,normal,none
33b00ea9e7b4,normal,none
32f4c5d45f1e,normal,none
7208142e5824,normal,none
120f5f6d0c34,normal,none
ab86410eca1f,normal,none
c57771299e5c,normal,none
f43bdb7fa11a,normal,none
ba48df5dda8c,normal,none
6bc0c0f1f8fc,normal,none
9d02607dd6f1,normal,none
71a70d432930,normal,none
974787d60d10,normal,none
850632c490f6,normal,none
9de02f9522e4,normal,none
73290ad714bc,normal,none
07e137b7f0f7,normal,none
e5d9b98af812,normal,none
9fba53c5c77d,normal,none
e16c26f40c09,normal,none
a41943eb0689,normal,none
e71a90fd2769,normal,none
2e70d62f6968,normal,none
a273cec2fb79,normal,none
65f10bc35078,normal,none
749aecdc2283,normal,none
7b66e45d6b41,normal,none
27023711b312,normal,none
3347bccc0b24,normal,none
aea689bd1110,normal,none
38c0ae3f1df2,normal,none
30d69e440e07,normal,none
c2536c718313,normal,none
a9c41abf21b9,normal,none
0327db8281bb,normal,none
23b60188d5ae,normal,none
0cface527d16,normal,none
4ccff8dc6124,normal,none
2e6999e5ae01,normal,none
be530bf5eee7,normal,none
375158e41779,normal,none
87b0ecfabd3a,normal,none
e2bd10b9d690,normal,none
d284f307df3c,normal,none
9537e852ab3a,normal,none
5ea39f163581,normal,none
ca3534f3b08a,normal,none
a43c0fa4e7aa,normal,none
e10bf0603eee,normal,none
82b937984755,normal,none
d95097fffcb6,normal,none
6851c22ada0d,normal,none
c16ae7326fe7,normal,none
892424af4d0d,normal,none
1aba5d1032e7,normal,none
51a85976f007,normal,none
97ccc93bf299,normal,none
feb1dc9a7ddc,normal,none
22ce38f81138,normal,none
0e458801ee89,normal,none
297395677539,normal,none
6c0dcbfd368e,normal,none
4a0a67c374db,normal,none
3c8339ea3d18,normal,none
ba6040839b6c,normal,none
0a78d8cca97b,normal,none
014b485b9b6a,normal,none
775f162343a1,normal,none
e9fa33a2dcc0,normal,none
461fe9eb8c73,normal,none
167a9292ac31,normal,none
46593ccc333e,normal,none
025949de3bee,normal,none
ac060d7650fb,normal,none
6d5011b45561,normal,none
b7f4bbd6eb74,normal,none
b6e6395d4b27,normal,none
ab54a5283cf5,normal,none
86955c25c039,normal,none
4a9f116fc90c,normal,none
ee8f9b89fec2,normal,none
4707aeb6bb1e,normal,none
94139cc1a29a,normal,none
3aee374006aa,normal,none
40567a63baf7,normal,none
2239aa82daf5,normal,none
665daed5dcff,normal,none
7547e9bfb81b,normal,none
ea774c040501,normal,none
315392af18ca,normal,none
d66e661d7ce6,normal,none
c2279c800520,normal,none
0a395e28d9c8,normal,none
57bf3fc14431,normal,none
df89c1bed383,normal,none
966811a17f15,normal,none
ae86e6b46613,normal,none
a8c117d08fdc,normal,none
bcc669adfabe,normal,none
97ea90551d7e,normal,none
d683bc6eff10,normal,none
e0f3333e6477,normal,none
022af53e1270,normal,none
a11aeb7794d4,normal,none
f90dc415be48,normal,none
959db6015546,normal,none
38fac0e659f6,normal,none
1635d607ee16,normal,none
8c2626ae07cf,normal,none
ea22346b3d37,normal,none
6f59d78acd91,normal,none
200318e9e6e5,normal,none
9fd0502ecb20,normal,none
3649f4f401cf,normal,none
d01a55181c95,normal,none
9b6e8fa0262e,normal,none
701e3d52ac85,normal,none
7577ca765cd3,normal,none
61d0c43fa529,normal,none
17abd183f115,normal,none
a7632f7abd22,normal,none
28b4eba66f89,normal,none
9dd0d64bfeff,normal,none
e64cabe79ca8,normal,none
1635af92992b,normal,none
528c653a0fc7,normal,none
0e022f63b484,normal,none
11e9afd65e52,normal,none
bea465f45055,normal,none
d2dbf4ca90ea,normal,none
eddf2cb14b40,normal,none
65e930caeb11,normal,none
b6d507814b60,normal,none
32e33edbc95a,normal,none
f52c1759c28c,normal,none
f0e672dbb6f3,normal,none
4326c411b08c,normal,none
898cf0a449e1,normal,none
4902db804296,normal,none
32ae2934e2ea,normal,none
bf2b0e0fd2f8,normal,none
72adea24a8c0,normal,none
4929d692e52d,normal,none
b07daaf6f0a8,normal,none
14d4610ce48a,normal,none
6537e7eec328,normal,none
12f19f8cd1d0,normal,none
9b404a268f3c,normal,none
a7ca1af1b601,normal,none
b8b64454576a,normal,none
981287597fea,normal,none
e6259faef3e9,normal,none
6962e01a526d,normal,none
ccf032fb81c2,normal,none
9bf472d964ac,normal,none
9b319252068f,normal,none
dcc0786a5c46,normal,none
43d51081e645,normal,none
d01be59fe431,normal,none
56fdb095f86a,normal,none
a05e65c07f6c,normal,none
911611cf0c47,normal,none
02bf86941d8a,normal,none
46f0b16ff04a,normal,none
356f1f6e2296,normal,none
dc6f7ebb8c8c,normal,none
7533c2aff000,normal,none
bbf8383526bb,normal,none
ce0ea1a02d3a,normal,none
a7353a23d826,normal,none
3986d907f40b,normal,none
2387a4bb5485,normal,none
ef2d73fdff82,normal,none
285aba866521,normal,none
4af1554e51a1,normal,none
dccb89de738b,normal,none
6a67a3f8506e,normal,none
54cf4bf030d3,normal,none
7df0d32d4c64,normal,none
867ff855cf94,normal,none
675c39b89810,normal,none
fefd9db78b16,normal,none
198463f9ac9e,normal,none
3d5dafbc70f5,normal,none
fba57ea3a65d,normal,none
96c3c531ebf0,normal,none
c89c4fb0ab7b,normal,none
8228c871b718,normal,none
73d7aad581fe,normal,none
40369a834007,normal,none
f082724a8a24,normal,none
4cd095004498,normal,none
1144845de1fd,normal,none
d1dd1f7dc68d,normal,none
ec2e79a78738,normal,none
a524e264b1b3,normal,none
f36d80c5cbec,normal,none
5568a2583e5a,normal,none
716ee66346b8,normal,none
71fce695a283,normal,none
7d87c6fa73b9,normal,none
3decdfb03a5a,normal,none
8c3063827fba,normal,none
45748e7c1383,normal,none
66453751ee52,normal,none
d8740bcfe4aa,normal,none
1cb666f2ec90,normal,none
dcda69e510ee,normal,none
faf58de796b2,normal,none
9e74cb286b2a,normal,none
ec3add8bbb90,normal,none
5450e89dc9b7,normal,none
9ae03053e935,normal,none
cb29da88fb4c,normal,none
7415358dc7be,normal,none
2bfb2cf92256,normal,none
1c01e9498dbb,normal,none
43263e9fac47,normal,none
9451f76ee210,normal,none
813786a014b3,normal,none
f37ee69a376e,normal,none
e90f3e4465c2,normal,none
0e7b8f988009,normal,none
efb8c016afd6,normal,none
179be89f05a6,normal,none
0015035ecac8,normal,none
7b1269aef70f,normal,none
6500a2f146da,normal,none
a7170f574b1b,normal,none
03c5df3eaa75,normal,none
ddf9b1621018,normal,none
9c5af98d5689,normal,none
5d3c7137b586,normal,none
ac736530e4e9,normal,none
895dd61ae754,normal,none
379916406679,normal,none
74d204968916,normal,none
15b766da796f,normal,none
2d4c86a411fa,normal,none
891cb183dabb,normal,none
956fd3d37108,normal,none
76b49b822d3f,normal,none
311ff3af9dc0,normal,none
771797f9d94c,normal,none
6e7e41f6b4de,normal,none
047cd8a0a101,normal,none
da457eb585d9,normal,none
e0c5b0ba1de6,normal,none
7df086bb97f1,normal,none
ab483f6b8af8,normal,none
b87e8ae5b413,normal,none
43589ca6eed2,normal,none
1df42689d1f2,normal,none
5a35d4683468,normal,none
8af8c688da89,normal,none
977dd7fb898f,normal,none
278a84d4e3e2,normal,none
4e1dfd446c31,normal,none
e5431fff179a,normal,none
851ca5b324e9,normal,none
9dded5e6c706,normal,none
315f5540bac6,normal,none
8e64cf58539a,normal,none
384690f9c44c,normal,none
8d99e93d8660,normal,none
4afef393153f,normal,none
52c4c569288d,normal,none
88cbc982af55,normal,none
0e630f2d4d93,normal,none
4e1e6095d120,normal,none
4a4434bcc01a,normal,none
566dee9e2f7c,normal,none
b53a1ffdb0e6,normal,none
bf58d7701fe6,normal,none
c539c8f0e100,normal,none
08014f8dcfcc,normal,none
c77637bd3c42,normal,none
2e4a3de13a0b,normal,none
8377a2ba7113,normal,none
061bd9348205,normal,none
b06c1bb47e03,normal,none
13be34dcb428,normal,none
5d6067d2de6e,normal,none
42240cd88a5e,normal,none
d48b4c38501c,normal,none
cfe42cd39c00,normal,none
cdcb3f2a4281,normal,none
a068e92a3212,normal,none
aaafe6223603,normal,none
ad4ba6efef86,normal,none
69fa56ae2cb2,normal,none
25071d1a5ff7,normal,none
d5c502d4a5a4,normal,none
fc3d5e40b638,normal,none
14142ef1eefe,normal,none
aa79756652a5,normal,none
7b239bf58491,normal,none
8416504ff62b,normal,none
0aa475cb5095,normal,none
a261031cb484,normal,none
bdef472bf023,normal,none
c0c8f917631a,normal,none
5db75ab6bcad,normal,none
3823ff1dc427,normal,none
ac5dde1cb89f,normal,none
69dd3606f031,normal,none
b25978e75ee4,normal,none
ccc3ad5f22de,normal,none
db988672a07f,normal,none
a998287feac0,normal,none
ffa81df66caa,normal,none
ac9b896289ae,normal,none
f4ff74f77929,normal,none
1fdce1a0ed44,normal,none
e9eb3a002965,normal,none
3c6c59373200,normal,none
46beff61fcc2,normal,none
6e2ecc147b8c,normal,none
ef2c7862ae75,normal,none
db22cc1560a2,normal,none
dc1ed509d6eb,normal,none
cbd1ccdf0688,normal,none
2638456af659,normal,none
4d241ec2cf39,normal,none
11a584ebb2a5,normal,none
3214c74efde6,normal,none
25a2ba45e0ad,normal,none
a30f691df949,normal,none
325ae496a263,normal,none
8ae8e78a71a6,normal,none
2b09bcc01c9a,normal,none
b024e275887b,normal,none
a25d9364c0e1,normal,none
b97e13b95102,normal,none
2320a510916c,normal,none
3d6fbc6a0789,normal,none
9245d74d8d81,normal,none
043e3ad720e0,normal,none
8ad514e8143d,normal,none
a4abd4ffb431,normal,none
92850226d018,normal,none
e3be4292f869,normal,none
4cec9920ccb4,normal,none
7b422c7fe367,normal,none
f174433d5f9f,normal,none
044f2e584663,normal,none
acf76848fb22,normal,none
903f425f27fc,normal,none
e7d6aa2ad6b6,normal,none
4caffc75a534,normal,none
1d147a01ffac,normal,none
4eb796f98fdd,normal,none
060acfa6f100,normal,none
3d45b0c304e9,normal,none
f664d577bbb0,normal,none
437e1923a04e,normal,none
3b681c124579,normal,none
4df6a901d2fb,normal,none
512d428e89f7,normal,none
1574968865d4,normal,none
1d8b624e5ffa,normal,none
15d86854d462,normal,none
42cbd673b128,normal,none
43c13c272034,normal,none
e7c7b7e8a33a,normal,none
856d472fb272,normal,none
6a6404b209bc,normal,none
81ba8236d768,normal,none
adad3d175ab0,normal,none
2f4ba4930ab4,normal,none
91e878a7542a,normal,none
5a1896933f4f,normal,none
f15528e87775,normal,none
6e763de6b065,normal,none
dd2e7e3e6634,normal,none
6b0d15ec8023,normal,none
9aff94a75dca,normal,none
36601bd361ce,normal,none
053e79dcf956,normal,none
79040257ecf6,normal,none
4f9183061cf4,normal,none
ea88b5bef2aa,normal,none
1a989472a1c1,normal,none
758cda348be2,normal,none
c13a05d858b2,normal,none
612ba2313a11,normal,none
1352163baa4f,normal,none
9c09ec0cb50c,normal,none
26ac9bc96be0,normal,none
9f67f340b7d7,normal,none
a8330d26d483,normal,none
437a533dc2c0,normal,none
627bc4f36b95,normal,none
020db56b9591,normal,none
a8ee6f9ffd09,normal,none
0125b1405b46,normal,none
0583571076e0,normal,none
630cbca2ded7,normal,none
48e35dc0689c,normal,none
fcce13d8ab07,normal,none
bbab0a644910,normal,none
295ce5b9f5dd,normal,none
ee7d9ad7775d,normal,none
2bf820aba591,normal,none
aa480fe0c58b,normal,none
891ec30e86b4,normal,none
35c7b4217ef2,normal,none
7ea248bb2314,normal,none
bc58dac49e09,normal,none
07010b3a50fe,normal,none
3320970ef281,normal,none
cbeb2d0bef8e,normal,none
dcedee780766,normal,none
ef2ccc690df2,normal,none
18c632a5047f,normal,none
10f445329215,normal,none
fd03ece7dbff,normal,none
5988667c7bf9,normal,none
3835fc033935,normal,none
faa5d8dcaeac,normal,none
ccfe7f72fd63,normal,none
54d12a0e55d3,normal,none
35da62fd775e,normal,none
709ec2c1e342,normal,none
c1041b109b02,normal,none
6aad611e20b9,normal,none
c32dac6154cb,normal,none
9b7cae83e4e6,normal,none
cf257245ad7e,normal,none
c0c4658304a8,normal,none
1b0984f3f434,normal,none
6c067e758111,normal,none
4d423f22a528,normal,none
110792c44b17,normal,none
8fed3a4ba95d,normal,none
bd93f9ced9ee,normal,none
d442b3853e1b,normal,none
f07a28db9c7f,normal,none
fe4f11dcf2d0,normal,none
903e7aa6c5f3,normal,none
7caacaed2b2a,normal,none
a19dbd6c0e5e,normal,none
5e974945f28d,normal,none
bacfa703e0cf,normal,none
ec3dfe2c3f85,normal,none
ceae48413529,normal,none
ec7107012e83,normal,none
dca9ac098c0f,normal,none
beffff7b7823,normal,none
1dd9036769f8,normal,none
f6fb061b979b,normal,none
28cc2ae69afc,normal,none
acc3a46378f2,normal,none
a25d33470ad6,normal,none
64569465c95a,normal,none
a51be492789f,normal,none
e90cecf2f59a,normal,none
af48b1f05364,normal,none
54ad4c74b3a5,normal,none
8fe84599868e,normal,none
8bb1aeb2eea1,normal,none
a2e17249e857,normal,none
5d12c9756c71,normal,none
11a67e51f41d,normal,none
f1b221fa2684,normal,none
6694362ad022,normal,none
43a11809bbf6,normal,none
e9f5e4091046,normal,none
d4fd353009e0,normal,none
91694f7a09fe,normal,none
d68f0a913105,normal,none
84ee47f96182,normal,none
2043f7d0b680,normal,none
293f99b3c330,normal,none
11abf9d4efd2,normal,none
e4e614a04241,normal,none
8838586aa957,normal,none
5622b6fb11f2,normal,none
06417ef8d405,normal,none
ac1fed93173e,normal,none
494037ee424a,normal,none
862d7092e777,normal,none
ed881bc55359,normal,none
7b55b7f39e38,normal,none
e7957222aada,normal,none
ad4cc3aa3f4d,normal,none
abd20d594af1,normal,none
2b079f1d38d1,normal,none
d4878376706a,normal,none
0a4b6801374c,normal,none
8fd1378059f1,normal,none
6045599a1815,normal,none
9f34f23d8e24,normal,none
139ef15243aa,normal,none
399a58483b3a,normal,none
4a32e269da82,normal,none
a31ffe41685e,normal,none
1b61d1ff218f,normal,none
f5489f8e070f,normal,none
796d8fd42cc0,normal,none
11ddc8f98f37,normal,none
b6a29b5a13b7,normal,none
e2e4fdad676a,normal,none
40c45ff13faf,normal,none
87260d50956f,normal,none
b57f9b37edff,normal,none
fbf25e84fec4,normal,none
cab7de0b5b51,normal,none
3905b6c67202,normal,none
8c56404ceff4,normal,none
72c4955e45be,normal,none
590b8ebb45c7,normal,none
d5b5e0586740,normal,none
8cc62c858266,normal,none
67d5b23c0cf1,normal,none
b138172be54a,normal,none
4626e2a34e5f,normal,none
e85279a80404,normal,none
f88f74e29da9,normal,none
03ec71db4ddd,normal,none
41d1c9c25f9e,normal,none
05fea4c5d33b,normal,none
68f3ddc0271c,normal,none
a511e6b94249,normal,none
33f75af958cc,normal,none
f76dedd241ff,normal,none
1315b153825b,normal,none
de171a720a7c,normal,none
1fbf4ec39667,normal,none
b64059d6e10d,normal,none
4bca11993350,normal,none
2966c154d68a,normal,none
537c94deed1d,normal,none
f975b760999c,normal,none
5e3b3c30fc5a,normal,none
dad9441086f9,normal,none
a5cb55683850,normal,none
1375d8a53a37,normal,none
9bd89d43fb5e,normal,none
e5f4d147939f,normal,none
e2d1f4887d99,normal,none
bbcfe6bf740e,normal,none
15d4498d8e34,normal,none
68afe3e138cf,normal,none
fde01f1ea721,normal,none
094b8929d7da,normal,none
bb6d5e7731e3,normal,none
457c1404927b,normal,none
06ab39fcf75f,normal,none
0e9a5e9045bf,normal,none
301f2491ce9f,normal,none
8c9338e1093b,normal,none
987fdfb19503,normal,none
4bfd0e7dbbe8,normal,none
30d0cee60bb7,normal,none
f2386f0b3eac,normal,none
79f81f40e5e5,normal,none
6ad926e95dc6,normal,none
a1e771fcd5b3,normal,none
072f52fd8500,normal,none
481b627ba53f,normal,none
a1a222cfa424,normal,none
82bee7ec539e,normal,none
b2de38a39cd0,normal,none
6c4ddb963393,normal,none
dcebaeb02d97,normal,none
1d92c24ca1c3,normal,none
d8229b7c0db1,normal,none
2023d9d0d759,normal,none
8fa81fd55631,normal,none
9e9ce7d8c8f4,normal,none
4c881389efbe,normal,none
449cf6cc3041,normal,none
6348133c930b,normal,none
5a823cdd732c,normal,none
fa530c5a0a95,normal,none
425dcd90ce39,normal,none
246d0464bf60,normal,none
834bb1b68a7d,normal,none
4a5fcdd46238,normal,none
5053b780de00,normal,none
0800793a4b22,normal,none
c9e67d8fdb33,normal,none
3f6abdc93a71,normal,none
e442b79e9bd9,normal,none
961bcbd2362b,normal,none
d9eb02a34fae,normal,none
93163f4f49c8,normal,none
783b1059069a,normal,none
b8727ac1b78b,normal,none
064241a7935d,normal,none
d41d50717b69,normal,none
e7e4616aba3e,normal,none
8c79dc2e3838,normal,none
5df7602943b9,normal,none
cc4c3e36aa1a,normal,none
6e61d35f07a1,normal,none
2ca5ef8e225f,normal,none
df94d32fa06f,normal,none
a470b09b489e,normal,none
cfee5cd1f07b,normal,none
0c920f22ed95,normal,none
bbe2bd9399f7,normal,none
af5ab7885f6a,normal,none
617eb1c236fe,normal,none
5ea3a198baa7,normal,none
c0f6591e6233,normal,none
c3e32177472f,normal,none
1029a9cd3dcc,normal,none
8aea6bd47278,normal,none
4aa8db62e440,normal,none
54e148e6fca8,normal,none
cfbce9b6850e,normal,none
8a8e50f83b56,normal,none
26037e881812,normal,none
d27de082616c,normal,none
40c90cfd5cb1,normal,none
60b0a4fe140b,normal,none
3168b7bda44d,normal,none
1af9bd6fad89,normal,none
b6f614d90925,normal,none
c303813d5f1c,normal,none
191fa278efe9,normal,none
7070d5dd1771,normal,none
697d8a62363c,normal,none
34587a7125d7,normal,none
4e5550231ccf,normal,none
b52f181dc9a3,normal,none
812f0145f253,normal,none
87acea6873d4,normal,none
35be75127f0a,normal,none
def1e1734750,normal,none
61efb5870913,normal,none
0ec1d55b4651,normal,none
6dfab8c68859,normal,none
253232e49cc4,normal,none
1c0cff7b4138,normal,none
61e23f3b03a7,normal,none
9dbc50687d39,normal,none
af1b1074942b,normal,none
237501f8cd80,normal,none
581d95e8ede1,normal,none
d8d6da3e4050,normal,none
29cbd46701b0,normal,none
817ea657a4fc,normal,none
37796c38d9b2,normal,none
86019848f790,normal,none
043c4011dffa,normal,none
9dc5b81a5520,normal,none
7b8df556dd34,normal,none
c455e825e3ee,normal,none
2209abc63e4c,normal,none
a317b7a8bdb5,normal,none
39d791ef9064,normal,none
3b5f1af3949c,normal,none
93ef54439f0a,normal,none
87b975e46c7a,normal,none
842f898a3396,normal,none
04a82b1de1d3,normal,none
6d6f923180ed,normal,none
e84cace6c21d,normal,none
cdb1bade8b07,normal,none
46ceca3138b9,normal,none
2c3b5c163715,normal,none
d48750a97c58,normal,none
72d1cae73254,normal,none
f85ecacfd194,normal,none
879b08c08b7c,normal,none
91b5cd898a30,normal,none
9f58d8def888,normal,none
e66d3cd56a93,normal,none
289ed3f1295d,normal,none
4803caab8de9,normal,none
9a83eebad656,normal,none
612b796150c4,normal,none
2d7146e6ffe7,normal,none
b7bdfce1c9a0,normal,none
34dc298b5fc6,normal,none
b82f0280d498,normal,none
947bed3d7343,normal,none
c3cd4d9a85e2,normal,none
ea5fda16b774,normal,none
634e824acabc,normal,none
f685ac03ad0b,normal,none
c8cf58415045,normal,none
7472132171a7,normal,none
d82d6ed0096b,normal,none
68109b182a01,normal,none
09ee70607248,normal,none
7cf186010c95,normal,none
2888f4e63e60,normal,none
b058effc937a,normal,none
2306998a3819,normal,none
f2b3e9006ad0,normal,none
9ac850fd9cb2,normal,none
7e1116468999,normal,none
5032fa5da026,normal,none
305724878bfd,normal,none
ac4f0fe71646,normal,none
5e5e07df70c3,normal,none
fb5e70666071,normal,none
1d67fb75d376,normal,none
5c52961a73bf,normal,none
820ad2daa981,normal,none
c76876843580,normal,none
a94f0b31dfee,normal,none
c400537af470,normal,none
243bfa768186,normal,none
ab6bcd6bac60,normal,none
1ffd347817b9,normal,none
da803181aa61,normal,none
4e714ae4aedf,normal,none
276cfd86b832,normal,none
3251880e0923,normal,none
aaa721f478bb,normal,none
dc1c1cac760e,normal,none
04590455793f,normal,none
f3c7e4adcfff,normal,none
5b330cdf1fe7,normal,none
fc699e6ab9aa,normal,none
73d707be5b2e,normal,none
a7dc66cd5cae,normal,none
c46fa1901c61,normal,none
1b48990ba635,normal,none
eb838d09f7dc,normal,none
d2a653131bc1,normal,none
25c5256af76a,normal,none
867d34af6ab2,normal,none
a831017c7bc1,normal,none
cc84bd7b6b1e,normal,none
a197c305ca3c,normal,none
2314ad659466,normal,none
e3c7b388863b,normal,none
5c36c1d90742,normal,none
71a8832961d7,normal,none
751db4d6fffd,normal,none
8d9e40bc53f4,normal,none
ebb34aeb6c83,normal,none
22a9a608140c,normal,none
faac6a2d4234,normal,none
15cc2d4ff229,normal,none
f29679a272c5,normal,none
fa1bae07f6e2,normal,none
60679fd42fd0,normal,none
3d19e24d7651,normal,none
dcf7f314d7b4,normal,none
19fb0928a17c,normal,none
0a62eb701f02,normal,none
456fc07ee0e2,normal,none
bcd4ad61ddfc,normal,none
ef7b6abf7278,normal,none
10921df3f518,normal,none
603dd742bbe1,normal,none
ee899ea4c893,normal,none
e6fc9cf934f7,normal,none
12871a9ef385,normal,none
76e85540ded8,normal,none
c9b99d5b50c3,normal,none
15f53241ccaa,normal,none
b35653b67837,normal,none
e12ad668798c,normal,none
68b324489673,normal,none
8d3b72495af7,normal,none
67f1a5693b73,normal,none
653e21fe4e54,normal,none
1a93847cd425,normal,none
34655a85a811,normal,none
14c11dbf71a7,normal,none
d24c070f8083,normal,none
d4b49696dfb8,normal,none
27de40cb7166,normal,none
568f62107459,normal,none
9423d3eacaf1,normal,none
df012754e637,normal,none
7d416d4b6b91,normal,none
94cff37866d1,normal,none
5344bab011ca,normal,none
1c034edd1db8,normal,none
dcd43fa13c8f,normal,none
1c21503e095f,normal,none
f5eb9d29b6d5,normal,none
ad9b06088c99,normal,none
e6e67854c296,normal,none
af4b8b9c44cb,normal,none
1da082ecdbac,normal,none
cc5e97308b5a,normal,none
508bde50e726,normal,none
93da05296326,normal,none
b12c4b9fdc5e,normal,none
bdd7ebbbbfd1,normal,none
456ec1c1e778,normal,none
eb75e5d30d8f,normal,none
ef1c465ded81,normal,none
72734f3d5ed5,normal,none
130f41120720,normal,none
fc8513e9e71f,normal,none
23a2b980edbe,normal,none
6d3fb8ea642f,normal,none
febd49724dbc,normal,none
d7764f05102a,normal,none
2cf50d5efb2b,normal,none
9e68ff1b4569,normal,none
5317a0d5d90a,normal,none
535af2272426,normal,none
c3020e6b391e,normal,none
44e4a21d97d7,normal,none
673e28f2af5c,normal,none
f02ceebc0efc,normal,none
7e1b32e45579,normal,none
8cc0b72dfd61,normal,none
1cfb674b40be,normal,none
2050a8b40117,normal,none
32c73b1ffbbc,normal,none
d3aa4ca6cf2d,normal,none
7d6c07456554,normal,none
f471018504a1,normal,none
99a908f55b35,normal,none
46e8c192c12b,normal,none
140d7ec5cf18,normal,none
80fb7ca1e0da,normal,none
1f0dc0f3bb83,normal,none
516876923656,normal,none
fe60281b6013,normal,none
10fc7d80315e,normal,none
f88acf5cf3d7,normal,none
f9634cd6958a,normal,none
147b04ae3c33,normal,none
72d9ed1990a9,normal,none
0f364da7edb9,normal,none
395ab8391622,normal,none
f277ac8dd269,normal,none
4a8a85cfe374,normal,none
30eb97c95985,normal,none
6c732063c3a5,normal,none
536d16ac6bb9,normal,none
361dfdb5f2c3,normal,none
fc1a1350c670,normal,none
89f6a33bde47,normal,none
e6097da761cc,normal,none
2b48e1f9535a,normal,none
675b84cccf9f,normal,none
da06812f8b7e,normal,none
4bb34015a64b,normal,none
5af3dc20a1fb,normal,none
a5a7ccc68de5,normal,none
3849d3e1060f,normal,none
271ed5c122a9,normal,none
12065bd42940,normal,none
fbf748cfae24,normal,none
b4f6281f3535,normal,none
bc368e7c4481,normal,none
151450faff28,normal,none
8813e6bb31f4,normal,none
b202617957b2,normal,none
5a6b82382781,normal,none
64d033a613cf,normal,none
b2e53aab7436,normal,none
d18e3dfabcd5,normal,none
4d0dcdd712c8,normal,none
5f1f30c49493,normal,none
102793fe72a2,normal,none
6acc9b36bbec,normal,none
6a9f2de28776,normal,none
a8a6aa5af772,normal,none
20ac860230f6,normal,none
5eda5d886d0e,normal,none
4a2065635857,normal,none
7b382e53ace3,normal,none
36baebf781e9,normal,none
1e3c135e862c,normal,none
4c9562e8c830,normal,none
499e41c456a1,normal,none
36dbaa3cc0ef,normal,none
dfb083218fe9,normal,none
dd0e8af8911c,normal,none
47ad764f5961,normal,none
668b45a29aa6,normal,none
c6319cad2d51,normal,none
720344751edc,normal,none
75c49782c075,normal,none
67bd11dfb123,normal,none
665d8ede261e,normal,none
3d99b249a4b3,normal,none
0ef50ce4c00e,normal,none
7e374598b160,normal,none
51da5551af00,normal,none
3445afc23d3c,normal,none
8dca9cc5cbc5,normal,none
16963c73d788,normal,none
7245afc1048c,normal,none
a680a5b7dba5,normal,none
0ea695a2870a,normal,none
ea9ee56cb7e5,normal,none
dd0abd2c377b,normal,none
c13feaabd55e,normal,none
e1e0d3da7d33,normal,none
6000b3f06f57,normal,none
9e74bed85083,normal,none
372c5a11be46,normal,none
5a778b2038ca,normal,none
9890a0f68b7a,normal,none
c0c1b1cf4448,normal,none
c5eac19881b9,normal,none
5db9b3dc6a7d,normal,none
64d3530e8036,normal,none
15acf60d0959,normal,none
c5c4a348e6a6,normal,none
ff9125f0d8fe,normal,none
1c81d5d03fd7,normal,none
f26eed09a28b,normal,none
9294eaa34a58,normal,none
0e147cf3fac1,normal,none
308054a35448,normal,none
0b169ca16ea9,normal,none
5f02e105ab9b,normal,none
0e85b4db40c8,normal,none
c22610e5e8b2,normal,none
e029232ad22e,normal,none
33f3ef9f0153,normal,none
819d2bce3987,normal,none
a7d875875983,normal,none
24aa28539f63,normal,none
78b3af299255,normal,none
d309a4192f94,normal,none
51717618cec2,normal,none
49223dee8853,normal,none
7054ee32327c,normal,none
73537d8bf8c9,normal,none
b6465a0347fb,normal,none
a7c5e4200943,normal,none
a2dc1f987959,normal,none
f53e8d944a1a,normal,none
4d4005bf0b03,normal,none
071584b9cc9c,normal,none
59069982ca54,normal,none
e9131749f39e,normal,none
86f04dadde8e,normal,none
3b0940e79ef5,normal,none
704c2f42c5af,normal,none
82d5469e3cdf,normal,none
fe4afb5014ec,normal,none
9605e3605c9c,normal,none
714b45c1ff6e,normal,none
248f51816841,normal,none
bc153a8d8105,normal,none
527ebee893ff,normal,none
02933a06de33,normal,none
4f1b3fd59c6a,normal,none
c09cd8ce8530,normal,none
e66d08c3fc30,normal,none
d1bcad96777e,normal,none
448f224c5b4e,normal,none
aad78c98d147,normal,none
c0f8ceb135e8,normal,none
89586faedae3,normal,none
53e94669f963,normal,none
77c01fa88315,normal,none
216332fb538d,normal,none
09ed9bd4857e,normal,none
bc62a6f31cbb,normal,none
c42be421d213,normal,none
de36ebc92424,normal,none
44d949b9585d,normal,none
7f7b6bea944d,normal,none
15ec5b8f5c45,normal,none
a07bbd3a0b55,normal,none
de64ae9c47cc,normal,none
44eaf6c84cc5,normal,none
c99fd77078a8,normal,none
bb5eb1d66551,normal,none
d3fefbebbf8c,normal,none
230caed0b7d8,normal,none
4a835a3f28d0,normal,none
0bfbf8331d43,normal,none
ad71efac4eeb,normal,none
63d1ce3f88cc,normal,none
4d776ab2c273,normal,none
8154ed9f9752,normal,none
a582956c416e,normal,none
23ebb923764f,normal,none
61c9e5e9efff,normal,none
6a00983a2489,normal,none
8e18e6b70294,normal,none
7248fec83672,normal,none
93ca2d823f0e,normal,none
3f22f689cb22,normal,none
62b7b67382d9,normal,none
b4a80b739b31,normal,none
64530f16fa92,normal,none
27139526400c,normal,none
e2d4e4ab31d4,normal,none
66d4c985d8d4,normal,none
4831cb3c8d12,normal,none
c010eda439b8,normal,none
ccbd7948fb60,normal,none
bfb8152942e3,normal,none
f4a053a0dcfd,normal,none
e1f4d01c0ee5,normal,none
3724324f3030,normal,none
3b79aba5df61,normal,none
3d60eee6eba2,normal,none
a7eee749f3e4,normal,none
77809dc6118e,normal,none
8ddaf04a4328,normal,none
5e55f4e2e9ba,normal,none
a1141fea196c,normal,none
96d5e879ff75,normal,none
b6a698a53d59,normal,none
b694a90db5dd,normal,none
a4a36b19b5a7,normal,none
9194191f6152,normal,none
b978b5c17f0e,normal,none
6bcb3bad71ba,normal,none
920adb140c60,normal,none
170c98179f3f,normal,none
7bbbad308816,normal,none
e5965b52160a,normal,none
0fcae3dc876e,normal,none
e0a7eb459101,normal,none
da0421d460e2,normal,none
e00da91650ff,normal,none
27ec168edb76,normal,none
be858e47f0a3,normal,none
17fe8a3a3f50,normal,none
efdfe58f1210,normal,none
53d20437f893,normal,none
3f2f802856c5,normal,none
cb591c63a816,normal,none
b7e2df52a1fa,normal,none
3661066f0fe2,normal,none
c00e145ce02c,normal,none
b8f1f1addd1d,normal,none
e20635e19e9b,normal,none
8d7a9f9f2220,normal,none
89094319b2fe,normal,none
aa5e1ce83f19,normal,none
dd8f154a1613,normal,none
3409d9cc408f,normal,none
afd812cbf102,normal,none
81f44f938711,normal,none
a95a24087816,normal,none
1467f87ddc6e,normal,none
4c77bbed78d6,normal,none
a8e2bfa35ec2,normal,none
ce7f62b0264a,normal,none
6cbbdbdcfee3,normal,none
fa19830f4706,normal,none
b959a441f0cc,normal,none
214aa3ef2acc,normal,none
dd835df24e38,normal,none
d8acb1aacb4f,normal,none
b7b91c30621b,normal,none
fd779035eca7,normal,none
c8132468f504,normal,none
c52c5c36f704,normal,none
5f974f81ba56,normal,none
fc18b24ce61b,normal,none
4810e7f955d3,normal,none
dee9ad04f2bb,normal,none
0fab93633feb,normal,none
41591653e9cd,normal,none
c475364e3185,normal,none
d4ed85f32b43,normal,none
bb2d05fd549e,normal,none
dbf7446e032e,normal,none
89d4ac6d2887,normal,none
7f6764f6e13a,normal,none
53524eb9d3c1,normal,none
09576adbf741,normal,none
ff8d6dfc62f4,normal,none
9f6e1a9d1493,normal,none
797382a8af29,normal,none
158b115b0948,normal,none
fc748ff7408a,normal,none
27e0f1fc24b3,normal,none
27fc9de22f06,normal,none
4be06503ad86,normal,none
d9cd05fd73c8,normal,none
afa96a628a3b,normal,none
d045ecf222df,normal,none
9dc901ec7269,normal,none
fcf591e96f98,normal,none
f75c9d7e2a8f,normal,none
5804e7f77aaf,normal,none
657cf9405e28,normal,none
88f3b444f63d,normal,none
ea2a4e42f0c3,normal,none
ef18631172e2,normal,none
8cda3dca844b,normal,none
94470fb0958a,normal,none
8205c9854256,normal,none
3068563880dd,normal,none
239b59a4bc4e,normal,none
8ffbcfb6fd96,normal,none
9eb2965e7d3d,normal,none
0bac7f0ad541,normal,none
59b60e7edf09,normal,none
0a894068e6cd,normal,none
63da6ec1fdc2,normal,none
06e8fd86dd96,normal,none
2267a1ac6936,normal,none
2c059c0cb674,normal,none
18bcbe4b04a7,normal,none
e455d39409c2,normal,none
7fb3140b4f43,normal,none
57c322627464,normal,none
4eb8fa2936e0,normal,none
a05332c0ecaf,normal,none
325eb207f841,normal,none
a9ec86a45002,normal,none
f5e4f053d95a,normal,none
4324ef708864,normal,none
1de7bca19465,normal,none
6c3f5b1cbfa4,normal,none
58f767d41b02,normal,none
bd7941940ab3,normal,none
c1d2aa424d1f,normal,none
c7dabfb1326e,normal,none
a35b02a638ae,normal,none
1886add1dd7a,normal,none
7cddbf28255e,normal,none
f95994c5c70c,normal,none
75530aeee74d,normal,none
64b660127cf7,normal,none
d5ec05103b21,normal,none
0ea57adace9e,normal,none
4f8363ae523e,normal,none
9f22c6c36abe,normal,none
cc60e561c21b,normal,none
af61e727a608,normal,none
32961243f02d,normal,none
e35e57687f74,normal,none
3f313706119f,normal,none
7d038d19b1a0,normal,none
eb1768ca52a4,normal,none
d3080c7d59c2,normal,none
01bda8c20e3a,normal,none
6df158a5b9da,normal,none
2a98c558dbfb,normal,none
111d53ed17f0,normal,none
4c328d1bfc5d,normal,none
d7f25f2ae819,normal,none
833f40beeda2,normal,none
401bb48558e0,normal,none
f6b49ded5f65,normal,none
7cdec7635bdf,normal,none
cd8a8171adc8,normal,none
a368a3ce5789,normal,none
efbef97594a0,normal,none
23be465842a6,normal,none
949e6dca9736,normal,none
1a6a45e75bca,normal,none
da87d874ffb5,normal,none
c9c946bad1ba,normal,none
8163b513311e,normal,none
f4c2515671aa,normal,none
04266db5b10f,normal,none
bed05756b5cf,normal,none
31ed41785702,normal,none
e9cf2e8f3a50,normal,none
6fc060deba0b,normal,none
5eaace62199e,normal,none
61cbc6f47d68,normal,none
1ce7cbdaca29,normal,none
6904ac0ab53a,normal,none
7f86064de8e8,normal,none
7e3e81e04368,normal,none
4cb4230c0f5f,normal,none
c0b0f3fc86df,normal,none
b56598e18259,normal,none
cd5c0dd732f5,normal,none
82a9b24822bf,normal,none
8cbedf4a3c5f,normal,none
39dd3f241110,normal,none
c1b6c495edaa,normal,none
65bcb2d1ab1b,normal,none
6251f4c6b662,normal,none
97e53b08489f,normal,none
9055b548df64,normal,none
1ec23f3173fd,normal,none
e3676a99fb42,normal,none
2f961ccd5edc,normal,none
af43942772ee,normal,none
06f612bb4043,normal,none
9d6684c26476,normal,none
b745845a74cf,normal,none
36a2344deea9,normal,none
d3cb1f7c6ba3,normal,none
7308e38d7941,normal,none
b947dbadb341,normal,none
cdfca9413a14,normal,none
d895070cb425,normal,none
d699b0e8cb24,normal,none
62917c4aee7a,normal,none
bcf7ca96a11f,normal,none
3fbee424d133,normal,none
430f9e2f617c,normal,none
dd3e739f250a,normal,none
5613412450a5,normal,none
032da8ffda2a,normal,none
63cc038721d7,normal,none
a3c39c251329,normal,none
37b0375e2047,normal,none
3e3734dc4e6b,normal,none
029091802aee,normal,none
cff8863450f7,normal,none
8ae50b8cbfea,normal,none
4875d8562d29,normal,none
a0c391360da4,normal,none
d64f59f5e84f,normal,none
596c7d0eaf1a,normal,none
a3ff89196005,normal,none
dbd4f495dd4e,normal,none
a85b1417f6e1,normal,none
dc767ed6a4a7,normal,none
55ba939005ef,normal,none
02c3d41a165c,normal,none
978deb38ea6d,normal,none
7ac3b95817c0,normal,none
3ef4ad781a7d,normal,none
0df56909ba3a,normal,none
fa993e62cfdb,normal,none
80cd846e97dc,normal,none
967627856045,normal,none
92d0796dacb9,normal,none
4b4e60f691fc,normal,none
a03edc2bd997,normal,none
3f8aa200ffe0,normal,none
a09b43dd0502,normal,none
2ce36741af2b,normal,none
d1bfa5319554,normal,none
998f8cf56ae0,normal,none
1813e06425c9,normal,none
6397f903ad1f,normal,none
701f7d442bfc,normal,none
175d0e5858cd,normal,none
27a4180ac5f0,normal,none
b213a29f6f93,normal,none
302ac1631f68,normal,none
95bed61b3b8f,normal,none
c77fd10bf2fd,normal,none
f83378e071d4,normal,none
6a0591dcef9e,normal,none
62d525804b94,normal,none
ee650ec54a15,normal,none
b2f4e2da58ea,normal,none
295ae15d4619,normal,none
d7aaf8743624,normal,none
70add35cfb82,normal,none
148e17fe1e4b,normal,none
9c7d939fce18,normal,none
15ad1232c64d,normal,none
9ba024ec6396,normal,none
ea49a7ec8c83,normal,none
ca7e0cc84ba6,normal,none
a083954cbaf9,normal,none
a70938857395,normal,none
6635cefcd9ec,normal,none
ce4ab654c651,normal,none
e34051cdf67e,normal,none
5adabe7c476c,normal,none
542a93b744ae,normal,none
88dcf229c5cb,normal,none
d4a879219244,normal,none
31f1fb4dff11,normal,none
aa6458983cb6,normal,none
493ef729cf7f,normal,none
ba17b5d672b6,normal,none
e91926c2215c,normal,none
3433dc075220,normal,none
7d3b0f4a7896,normal,none
dc903eeb0126,normal,none
b479bcae53d4,normal,none
853e66112747,normal,none
1e71364c5229,normal,none
3dc85930c975,normal,none
501ae31130f7,normal,none
d155caa72462,normal,none
4fe508e570ac,normal,none
1a4bf8de6037,normal,none
bedecf257685,normal,none
f090ed6b4ddd,normal,none
c158951812ca,normal,none
282870c15629,normal,none
c746b1a5274b,normal,none
cac039366f19,normal,none
89ff50d86ef1,normal,none
95c5a2b96c80,normal,none
dd950584335d,normal,none
85b13f55f1f2,normal,none
b4388d768c11,normal,none
5a5985ae61ba,normal,none
b83021637b0c,normal,none
bfb253ecc689,normal,none
333ae1dfe0e4,normal,none
d5c76082cf91,normal,none
75ac7aa16300,normal,none
23665523e576,normal,none
7e8c9214c3af,normal,none
147908ca8418,normal,none
28e6285bb67e,normal,none
ca8a4b158c86,normal,none
6ddc5c01be37,normal,none
d565efa7ac89,normal,none
ac0035179c23,normal,none
5f8901270fa3,normal,none
8c1e3a7572ba,normal,none
310b1ac17840,normal,none
5b18f937d983,normal,none
596f85b0fe2b,normal,none
81e4c2d54dfe,normal,none
9b958008fb00,normal,none
70f912fbe2fd,normal,none
13034b865f50,normal,none
eb4895d70b04,normal,none
41c40b07d1f9,normal,none
cec92379a92b,normal,none
0d9b051b34e1,normal,none
3ac0ce8894a5,normal,none
306eacce59c3,normal,none
11499560145b,normal,none
397925ddf3bf,normal,none
5798660eed67,normal,none
b26fdff0511c,normal,none
36967a5bc492,normal,none
2cfca8ae30c2,normal,none
c715e95af94a,normal,none
2db6246e17cd,normal,none
f96007c0d2ad,normal,none
1b50234e0924,normal,none
d1ce81b0bfba,normal,none
40a24982e319,normal,none
2f043af580a7,normal,none
572cba6ddb24,normal,none
bfd2d8a1cbfc,normal,none
0a7ae8374e0f,normal,none
3982044910af,normal,none
3d90c66f49ae,normal,none
a2b05b68f688,normal,none
a5a1accb7633,normal,none
6a7e10ae346c,normal,none
26d24c5a4120,normal,none
7fc31e01fcb3,normal,none
32fa82bab217,normal,none
363ebb868a1f,normal,none
3b1ee5af046b,normal,none
c0f29aad0a98,normal,none
1850c2832b4f,normal,none
8693840fc30f,normal,none
ed00ad0314fd,normal,none
7f84335de65b,normal,none
0ce9ec9e54bd,normal,none
0b3e2e717b47,normal,none
dfe9691d5e7c,normal,none
a6c5787e6699,normal,none
9d3a456b9703,normal,none
ce6f17650f44,normal,none
2b285ad7a6e8,normal,none
c01dfaa8ae42,normal,none
abcec3ebcbfa,normal,none
7e01332063f4,normal,none
a66ea3d77cc2,normal,none
d85a8571c346,normal,none
d43be4f31d87,normal,none
eb21a3c436ce,normal,none
81a41da06800,normal,none
a020091c1a1f,normal,none
4773784e19fa,normal,none
9e733cc03d47,normal,none
b1a234a3b797,normal,none
925528748d5b,normal,none
1a3343d6d5ba,normal,none
ceb3fcb738b9,normal,none
fdb70e3e9b05,normal,none
1fbb60db5bd3,normal,none
cda7fbe45074,normal,none
9bfa49a76183,normal,none
da82c43d4764,normal,none
1fabc9eaea23,normal,none
e6b2ce008704,normal,none
b9c32e806c43,normal,none
82836f12a412,normal,none
c9b7855883d8,normal,none
074089f7a45c,normal,none
121eb74ced13,normal,none
8d69699a583c,normal,none
571f93c441cd,normal,none
887325066712,normal,none
d4ca505e7529,normal,none
4cafc86ea2da,normal,none
4e71075160b5,normal,none
fe4d7af4ccb4,normal,none
985ce52e5c92,normal,none
2f2bbccd0804,normal,none
cde65b10a605,normal,none
67f693d526f2,normal,none
19d5971ad704,normal,none
dba028787dd3,normal,none
01bf60f8b4e2,normal,none
25f5556920e7,normal,none
bf79cfa60bf4,normal,none
f0645c30dcb4,normal,none
b5a09691b9e1,normal,none
f38f106d0aa4,normal,none
31f67cd28a19,normal,none
3725cb9c4d97,normal,none
a0c7045852f7,normal,none
c4e1b039f6d4,normal,none
2ac86ac291a7,normal,none
5254a5ea677e,normal,none
feea92ab12d4,normal,none
7dc93c18da82,normal,none
26aa42637c4c,normal,none
749851013f12,normal,none
d750a88598b0,normal,none
2305d08bbf51,normal,none
8bba0789024d,normal,none
eb7d45ceb55e,normal,none
ac983e4c0b4f,normal,none
5c5bc6a19722,normal,none
f7817a780280,normal,none
2e1861784577,normal,none
28a462a1c040,normal,none
f495c5332d20,normal,none
ac17da1fd187,normal,none
243629976148,normal,none
228e761c5ff1,normal,none
9266aeaa4b93,normal,none
c313c75b823c,normal,none
ca634e7cbd57,normal,none
fd63791a8831,normal,none
0355faa6cefc,normal,none
fc299351f122,normal,none
a448dc780ff5,normal,none
b2018b2b35c6,normal,none
67bc521973c3,normal,none
ac0be0210f71,normal,none
4bf8ec5a2fe2,normal,none
e334fcac6adf,normal,none
fa9b593fafa9,normal,none
88dc53a7d3cb,normal,none
5121f802e5d5,normal,none
ce12197b39d8,normal,none
55e3d164a0fa,normal,none
8cb248ddd2a2,normal,none
4c81a7a7b493,normal,none
8efb359e7584,normal,none
60538258c663,normal,none
3f7c84965c90,normal,none
493a268028c4,normal,none
5f4b6af7d9ee,normal,none
2dcbfef012bd,normal,none
1ff3cac0ef3e,normal,none
16cfebb5bf8a,normal,none
69d83ca1d6e3,normal,none
0d01e09ffb96,normal,none
c252af4d2d3b,normal,none
be4ccbe5a75b,normal,none
9dc503947bab,normal,none
53420056223a,normal,none
fb7e8c69ec02,normal,none
b40cf5153558,normal,none
7be321bc444e,normal,none
dceb45200244,normal,none
f6178eccd078,normal,none
1e9c3b142fcf,normal,none
af4b1f2a85fb,normal,none
21d41bce3222,normal,none
651d5f4e646e,normal,none
a22411d5fa30,normal,none
26b75f13444f,normal,none
104cdbd851cd,normal,none
a404ed99987e,normal,none
ab56713dc4e7,normal,none
051502cf4af4,normal,none
4414e0ca4e44,normal,none
556f3a7e3bfc,normal,none
c9ecbfc39f2b,normal,none
14e122330663,normal,none
7b8bfb9fc71e,normal,none
59f9d022af3a,normal,none
901afaf0750b,normal,none
e2f72b5bdf39,normal,none
211b682f5862,normal,none
6f38f121fc02,normal,none
9b82148dd06e,normal,none
1f6019509ec1,normal,none
0ed050968918,normal,none
4696329ae4e1,normal,none
e7cc73d6d6a7,normal,none
2f20f610951b,normal,none
29cdcf9a3e88,normal,none
96735c031a6a,normal,none
f44dda703ad1,normal,none
a98e12562ef5,normal,none
257d39d35130,normal,none
24395bb2d8b0,normal,none
4d20e60c24f5,normal,none
79ad03071297,normal,none
4153d099b91d,normal,none
a86f4fa3cde7,normal,none
b82f3db96679,normal,none
44d19c8b7e89,normal,none
7506a56466be,normal,none
5f55687d87b9,normal,none
6625d88ee133,normal,none
16280de177ff,normal,none
5712df20696f,normal,none
25c93630826b,normal,none
226657b9edaa,normal,none
dbc2ae9535ff,normal,none
cfb93ba6aeee,normal,none
d4e8275b513e,normal,none
2039fc727fbf,normal,none
94cd9a8b8d3e,normal,none
832bbea3feb0,normal,none
24dfc4be91d5,normal,none
92212c774be2,normal,none
ddb9025ea68d,normal,none
a394e1f51c56,normal,none
6cc2abe045d5,normal,none
e82a6afe324e,normal,none
e6ca85b6b124,normal,none
475c6294023e,normal,none
53078a41c78e,normal,none
9fecefa1723c,normal,none
d3c827b77e21,normal,none
8acd35c38eaa,normal,none
7ea96377496d,normal,none
ef366ffe2b81,normal,none
934ca44c6ca4,normal,none
da2582ca0919,normal,none
687af5ad9693,normal,none
1305487dde60,normal,none
4e4f70edaa33,normal,none
20cc3e814150,normal,none
9f63531c0246,normal,none
fa70cd5e5de0,normal,none
78bce5e532d7,normal,none
af62a01cb44b,normal,none
b32113f1fbc5,normal,none
beef68d55452,normal,none
36e61375b2fe,normal,none
4c75141f8731,normal,none
62ad6cfb98ab,normal,none
c366a9e77995,normal,none
c191b9198efd,normal,none
68474efb9b79,normal,none
cbb66ce22b7a,normal,none
756f504559ab,normal,none
789653f7e267,normal,none
470a29562a8f,normal,none
ed0569175c15,normal,none
e94f0d559a89,normal,none
1049b7f561fc,normal,none
d2c62e0ed83f,normal,none
6b6cf93b7643,normal,none
b4c8207952b4,normal,none
72643ed3b494,normal,none
77c7a4d47a57,normal,none
a1f204d5690e,normal,none
78d764681ba8,normal,none
dbd740d91c3e,normal,none
67aae174d968,normal,none
3ce379cca946,normal,none
abb8236bb4fd,normal,none
356740040742,normal,none
a43b2625aee7,normal,none
8cbfb8cf2ce6,normal,none
2f39ce2b69b2,normal,none
fcf544f01970,normal,none
6fdba7ff8ffc,normal,none
a36324c9bcc2,normal,none
0efc6e78a30d,normal,none
3eed245daaf7,normal,none
c65cf3cea4b1,normal,none
2f12a83a3f5e,normal,none
53c5f1c838f3,normal,none
795d1e6924f1,normal,none
5443d3232405,normal,none
5eb55789b6e8,normal,none
145bfcc60a13,normal,none
1c36b27c5244,normal,none
02b61eaeb32f,normal,none
f70e655881ad,normal,none
e55a15d34fd6,normal,none
98cbffb180b9,normal,none
d7ce1c01b07f,normal,none
85fae50a372f,normal,none
4161b8e36b7f,normal,none
0cefaf8ec287,normal,none
cd4b7cd6c71e,normal,none
696bbba8708e,normal,none
a24fc376cb6f,normal,none
81792c60f174,normal,none
c4ea5536e467,normal,none
54091457e8f4,normal,none
833541956e4d,normal,none
c9a60f711a0c,normal,none
4582e48dada6,normal,none
98b9687432b7,normal,none
c70646f24a60,normal,none
8d037863f736,normal,none
a8457ab1d3ba,normal,none
b4923de47301,normal,none
72eea3a06347,normal,none
758fc082941f,normal,none
0883e9d5f966,normal,none
c5aa7526c2ec,normal,none
7ba7999f8764,normal,none
102b4142599d,normal,none
8c0ac31d252d,normal,none
06f9d9e1429f,normal,none
800df8108aa6,normal,none
08afdd0df8e5,normal,none
3a8f13ddffa9,normal,none
0331a3acdff0,normal,none
51c1de42711f,normal,none
abe2b1b70897,normal,none
3e059c248edc,normal,none
a6c6e223571c,normal,none
a329f4fc3378,normal,none
9b615d6fe578,normal,none
5493798ef453,normal,none
f5c93499199f,normal,none
85d648a9fdbe,normal,none
3c313cd0a46b,normal,none
e0f60640f7bc,normal,none
8c2eabd97a7d,normal,none
fb08c1ebee67,normal,none
7a08cdd8f64c,normal,none
4589bc185b3e,normal,none
8d5127ddf529,normal,none
6de7378b410f,normal,none
8b6ec080f776,normal,none
82ff5df48811,normal,none
25855a23d1e1,normal,none
d799bde9c2b4,normal,none
006bc97a44d6,normal,none
476424107504,normal,none
e7c4a183a657,normal,none
78f5f9c606dd,normal,none
e61011a8cf7d,normal,none
c372554a6347,normal,none
b5d71bedb983,normal,none
b753f818be2e,normal,none
8982bffc30c1,normal,none
4934199737ff,normal,none
d912034b2e45,normal,none
8fffcbdace9b,normal,none
40e4347447e2,normal,none
d90e3a4ab254,normal,none
0bfb44b3da1d,normal,none
78d1bd99eb07,normal,none
62f1020a34b7,normal,none
5842f99b7731,normal,none
87ab3e8c7365,normal,none
9cc29856ad10,normal,none
d595de55bea0,normal,none
7b2fab773212,normal,none
84701ce8f515,normal,none
366f7c5be11d,normal,none
f2a1ee311fc7,normal,none
30771d4cc9df,normal,none
5551a1b963ff,normal,none
cb751393d203,normal,none
0615fb7fca5d,normal,none
b5e3dcb2c4dd,normal,none
10e018ec3f1e,normal,none
7cd2eea60393,normal,none
16668b6f4b75,normal,none
21ed1f0bbee4,normal,none
ef8b45d63f06,normal,none
126559acd9f6,normal,none
c5ae17031462,normal,none
35e3ccf696b5,normal,none
c45f6006aa8f,normal,none
65b15036dca8,normal,none
a97b313e25e5,normal,none
cb2a9a4d0003,normal,none
afa9140b4558,normal,none
06c59103bd5e,normal,none
3b3b8163e540,normal,none
a37d242cafb6,normal,none
e29bf92b0e26,normal,none
1a7896bf75ce,normal,none
ad4e3c002d92,normal,none
bb59564f4892,normal,none
376b83fc32ff,normal,none
e3af4ac3e479,normal,none
25033f20622c,normal,none
df1264d228ba,normal,none
74f8a97cc4ff,normal,none
8392fc12c0bf,normal,none
3c8f5cb52d0d,normal,none
eb260e2339db,normal,none
d76d03750018,normal,none
4807d81fb0c1,normal,none
2cc0fb08d7f3,normal,none
826538d15c9d,normal,none
94141575c316,normal,none
ea72753287aa,normal,none
3d4a3475c58f,normal,none
851da241fab8,normal,none
7c1cb8bc7775,normal,none
e0f6540823b5,normal,none
5ea276b6b247,normal,none
3f7e4ec8959d,normal,none
c85c8bce40fd,normal,none
d86b23677eab,normal,none
b4409ffeee0b,normal,none
8a586ddc0428,normal,none
45a98e496fce,normal,none
369de7877ce7,normal,none
0377cd3c4572,normal,none
5fe3cf0d4504,normal,none
fcac73598f97,normal,none
e8484380d14e,normal,none
0b3480bc5003,normal,none
07a94a0d7749,normal,none
18febd17c962,normal,none
8809c1faf147,normal,none
d0c756862963,normal,none
99da68bdbea7,normal,none
e0791c16fd23,normal,none
9ee925a10c1d,normal,none
b4abda6d0a8e,normal,none
e968c2c26e2f,normal,none
affc5a0c1b31,normal,none
f3a9ea7f428a,normal,none
bddb4f3fc7ef,normal,none
2e588c68885c,normal,none
687210b3e768,normal,none
0836dc04881c,normal,none
06739c3aa24a,normal,none
3f68bae5a4bf,normal,none
3edd12c8afad,normal,none
0204db67e37a,normal,none
faafd2640424,normal,none
03ed15eb0f6c,normal,none
c2e002b9b760,normal,none
574a2f2a3c56,normal,none
f90600fa2387,normal,none
6a9ef6dc2b6f,normal,none
3818f10dcb8c,normal,none
af378e5869cd,normal,none
3d74281bc1b1,normal,none
3389c0042693,normal,none
df7071cb52e8,normal,none
474750ef73b0,normal,none
f55f64c722bc,normal,none
bb3afe0bb0be,normal,none
bf02e8edfa1e,normal,none
a7075f5a9167,normal,none
768a21998f6f,normal,none
518cd3b0d6d9,normal,none
bcb437afdad5,normal,none
70fe2a7c4b04,normal,none
76bf2cfc5bce,normal,none
751e84ce7fe3,normal,none
c0857fe60613,normal,none
f6a2edbdca42,normal,none
c1d2e2284d29,normal,none
bbb755fed816,normal,none
8ed0f402710b,normal,none
dea8723165d5,normal,none
1cbde0949ea7,normal,none
5327555ff17b,normal,none
2be37fdd3425,normal,none
13b15aeb5aa9,normal,none
625effee62d1,normal,none
01fc9ea290cb,normal,none
17c2fda92555,normal,none
947b43b829f1,normal,none
d712aec96ec0,normal,none
693106b7e02b,normal,none
bd98fdccb155,normal,none
4ead1430a7dc,normal,none
e177f82cb5b1,normal,none
2c5d01d5d6bc,normal,none
b2e58f5b9cac,normal,none
e60d037d6651,normal,none
2e52664404c8,normal,none
9393e2f98936,normal,none
714e8ed18515,normal,none
ef9a5780297a,normal,none
0ca260d66b77,normal,none
76185ed00d89,normal,none
7b16862431dd,normal,none
0fc209aee93b,normal,none
1263e44a274f,normal,none
139e149ed80f,normal,none
2f58b0d91634,normal,none
fabd6dd2d9f1,normal,none
831123482f3c,normal,none
b90e903a0f1e,normal,none
c5fe064e867c,normal,none
d8b91691a7d4,normal,none
50d03aa2ac74,normal,none
d0addbb0ac39,normal,none
57695f95e31a,normal,none
30850b90f4f6,normal,none
7d5e773b32e5,normal,none
41ce40b78bc8,normal,none
5a7900d71d36,normal,none
8aa47eff5073,normal,none
2b93301929e9,normal,none
e4d6c1dedd70,normal,none
326c06196e28,normal,none
84cf35881188,normal,none
2c3ecab579b0,normal,none
7e768bb49824,normal,none
74e699b2c951,normal,none
24e6f3fce717,normal,none
8bd2aed2bf74,normal,none
bcf3fbe59058,normal,none
f2438f7af5d5,normal,none
fdf2b3113f20,normal,none
04e5e5990a4e,normal,none
0aa951bcf636,normal,none
aeb178b46ec0,normal,none
b099dd7f57c0,normal,none
12ab6b8bba68,normal,none
69d362b3d8b4,normal,none
bcf1d6eaca81,normal,none
d30e1aedfb5d,normal,none
ffed26e60610,normal,none
e3e0987f2be2,normal,none
10089928e4f1,normal,none
5b4036139e83,normal,none
7b423c8f8319,normal,none
f7b91cd3ca95,normal,none
d24051436701,normal,none
5f049fb425f3,normal,none
1d2846ce4201,normal,none
87dcba934db1,normal,none
bbb45777822b,normal,none
d48b6b1fc42e,normal,none
71165acad8a1,normal,none
b4c5ffee878e,normal,none
9214c3530c50,normal,none
b8889210b763,normal,none
c6505fac1863,normal,none
7da76f63e112,normal,none
a1330bd26529,normal,none
7c7f5616a814,normal,none
9491d2c63427,normal,none
c07f49ce05ec,normal,none
60fee5c6b096,normal,none
57054091d260,normal,none
500ccedcf4e6,normal,none
8c85da11d51b,normal,none
c7ed046d5837,normal,none
141b2aedf81c,normal,none
3c0a77a5a2c1,normal,none
2d5472dccb5e,normal,none
d34ba48893b7,normal,none
97625c01d06d,normal,none
7cc5edade9b8,normal,none
1f2b2f46e871,normal,none
9f94cf9ae25c,normal,none
0bf63e12be98,normal,none
18b05105798a,normal,none
795433e08d00,normal,none
ba2b1520d35d,normal,none
f86a4045fd3a,normal,none
aafd9f6fee97,normal,none
ce0cf265da52,normal,none
62795b74e453,normal,none
fb3cdc7e0c9f,normal,none
c77e6957c4f3,normal,none
15a3d5d340e3,normal,none
c215a33dcbf8,normal,none
9d090d3e2954,normal,none
f704784090c2,normal,none
0c7eb1cca28e,normal,none
3dab07cec17a,normal,none
9f744d0535b9,normal,none
01cb4b6bc58c,normal,none
77dc7e9f8e03,normal,none
2dee1e91d518,normal,none
76a1d3d21569,normal,none
6c4bb6f1d6f3,normal,none
bd6c65c4d0a6,normal,none
668038b63eb9,normal,none
0ebf3f7cbd6c,normal,none
3758387510b7,normal,none
51c1498bef7a,normal,none
468b941e4ad4,normal,none
d88a0cb0da69,normal,none
2ffefb67f28d,normal,none
151004b21798,normal,none
4e6c35aa1129,normal,none
012847bc53dc,normal,none
0587154dbce0,normal,none
399b8c8c8356,normal,none
fdb39f84c6c0,normal,none
2a732f8e7f9a,normal,none
e66afc08c3a6,normal,none
38dac4da9424,normal,none
43224a2fe6a2,normal,none
df27b87c6222,normal,none
3de4724fd953,normal,none
a5937eb45186,normal,none
9e0d24ad0a95,normal,none
8ad36d57cd38,normal,none
51c80848eb9c,normal,none
e85294c36903,normal,none
214ff9ec6031,normal,none
2067574d2903,normal,none
ca597ac0f54b,normal,none
07e1975e7c5e,normal,none
4fe3e5230c62,normal,none
5d5ae083abe1,normal,none
27ec4aaeb4fe,normal,none
e65ba2ee9b8c,normal,none
b7fffeeb0cff,normal,none
fa600c78c6e5,normal,none
2bc4a5272182,normal,none
bea7948aac18,normal,none
e907c10e0c51,normal,none
faf12f699050,normal,none
79b18d282796,normal,none
29408cae4424,normal,none
75827321666e,normal,none
d2dd56e3bc20,normal,none
c65719690705,normal,none
83037b653677,normal,none
d1d6223ef0d9,normal,none
ab2fa25ee574,normal,none
39cff123ca7a,normal,none
d2a607c7097c,normal,none
a1ffc7b6f3bb,normal,none
bc867505a4df,normal,none
fbb415807a31,normal,none
ade1928986ed,normal,none
b92ae993d598,normal,none
3caa6227931e,normal,none
ed607a4e0c07,normal,none
d6693f9a1d9d,normal,none
8abe50ed8ab5,normal,none
7b458fa307f9,normal,none
e825a73c1cac,normal,none
de2f88d5f5d5,normal,none
42ae533c0638,normal,none
21724deb76fb,normal,none
b8bb3bbec913,normal,none
4c7ea16602da,normal,none
fe8845692bcf,normal,none
98fe12b5e248,normal,none
07c65f9b3b18,normal,none
419be64d43ae,normal,none
f0407e5b36ea,normal,none
c8dc6322c0e8,normal,none
a8ad7ff29959,normal,none
c6da4ee8aba0,normal,none
4f826adb0426,normal,none
e866980c5fd7,normal,none
ed8416ca24f2,normal,none
ce5e387fcd0c,normal,none
e8da12afda38,normal,none
fbce7a5bca78,normal,none
6e79ac38656d,normal,none
b54cea9d526d,normal,none
1ecc7c5044ad,normal,none
67e5ec522432,normal,none
5969179855ab,normal,none
6ad8c42d8df1,normal,none
39057d6498bb,normal,none
e5f5c6dff5ba,normal,none
7ab21508b062,normal,none
40b326927aa4,normal,none
1eebdeb29794,normal,none
ea7f690abe22,normal,none
025e6fec59d1,normal,none
6b2126c179e5,normal,none
f3062286e1e5,normal,none
9c9ff3905264,normal,none
3d4807efe2e9,normal,none
0cefff549dbb,normal,none
f5936c3c1648,normal,none
05f7b5284b68,normal,none
091c10a02774,normal,none
99ecd8592734,normal,none
89c57066eaba,normal,none
582f977ff23f,normal,none
e0c02de636d4,normal,none
c400676f238a,normal,none
ea9ad95e6cbd,normal,none
e15f905fff6b,normal,none
a724ed185699,normal,none
c90f302be018,normal,none
64ed484c8ef5,normal,none
591f14e5215d,normal,none
30074bf96a17,normal,none
3815b41804e2,normal,none
860d094148d8,normal,none
507ddb1ac912,normal,none
ba7825ef265d,normal,none
4c51a7ccf490,normal,none
03f930d39274,normal,none
171ce717e695,normal,none
3ac50d696ba9,normal,none
6c53700a08c6,normal,none
a9c3afabe589,normal,none
1a9e28f37ef5,normal,none
3d0a3d538a6d,normal,none
50765d29fd5d,normal,none
285863828fed,normal,none
6c02d96311a8,normal,none
2060ec545b16,normal,none
a1d66a4229b9,normal,none
07f0d4109e9a,normal,none
722cf2abb5f6,normal,none
9028e50708f9,normal,none
9c861fda1542,normal,none
34515d11dd3a,normal,none
cc53f91abd44,normal,none
f81f61bda23d,normal,none
e893e560733e,normal,none
a9db1b2f501f,normal,none
aad7bbc46021,normal,none
10a4c8807108,normal,none
b22ba3415a44,normal,none
290468927d25,normal,none
6e7409b21e1e,normal,none
4b7098ffa55f,normal,none
07ca74653157,normal,none
0664c86e2538,normal,none
4b4cb350898a,normal,none
156a803d7138,normal,none
8b940f847875,normal,none
eb18759c4ef0,normal,none
c30bb101913b,normal,none
454d728cdb5d,normal,none
165df69e285f,normal,none
6f8ea0534322,normal,none
4725aa563a9b,normal,none
c7b62e596af2,normal,none
de4486043d72,normal,none
409be32b9d23,normal,none
9b4382aa05ad,normal,none
3e21fb95e916,normal,none
21ddc3a55020,normal,none
a85e9b62f4a4,normal,none
71ed4ae66227,normal,none
47183c8cb3ac,normal,none
bd1dbe2b967b,normal,none
1dc2ec07b763,normal,none
f1eb9711c904,normal,none
a2acfb8f3c84,normal,none
5644e6151557,normal,none
837e891145c4,normal,none
ea3a93aed857,normal,none
73c4199775e2,normal,none
2a26b6546e8b,normal,none
5bbd71a05b82,normal,none
dbb4d89b14f6,normal,none
ccab0edc9b44,normal,none
917098788266,normal,none
ee327276196e,normal,none
d738ab7a5dd6,normal,none
115e468f48db,normal,none
fb4f9280ff97,normal,none
4bb98f0646ef,normal,none
61a803c16470,normal,none
ac8f49f833a6,normal,none
4346eaf7f54d,normal,none
318fc070a028,normal,none
85dd4b957296,normal,none
7e68a568e01a,normal,none
7ea7c5f7a11a,normal,none
d2851522f124,normal,none
4aacdeb7416a,normal,none
3422b1fd9be5,normal,none
6139c2e9a665,normal,none
4163496f3a76,normal,none
c485f4930f4b,normal,none
416216001d3b,normal,none
23a652ead579,normal,none
62c273a9808d,normal,none
440215f8890e,normal,none
630b5208657f,normal,none
25b1dc0c3971,normal,none
44ad7392a0bf,normal,none
04a40e3c53f2,normal,none
ddad559d26bf,normal,none
653ba1f4f0e3,normal,none
568d7d6026ec,normal,none
e17263104a20,normal,none
c91050949a88,normal,none
a8c474c6b019,normal,none
1d729101ed46,normal,none
0990be1aedbc,normal,none
d662b6cc4f29,normal,none
eb87e1c7353b,normal,none
67006f2b8d78,normal,none
cea3b5adb67c,normal,none
830d681d9ded,normal,none
7d84b113029e,normal,none
f3e2dd6a5a44,normal,none
0903e04fff24,normal,none
b9bde7d4fc8b,normal,none
0693eeada474,normal,none
8ce2f08a9d00,normal,none
b3617592ed7a,normal,none
e983430ae5e4,normal,none
40a01ac95efe,normal,none
330f9b74c844,normal,none
5a210cd3b6dd,normal,none
44487f505299,normal,none
770ee6a87885,normal,none
0b22b16ac249,normal,none
46eb53689cb7,normal,none
4ee7703c2bdf,normal,none
1777ca3ab927,normal,none
7a947dab2245,normal,none
8137f98691e0,normal,none
73fed041d5c5,normal,none
08aeb5a3d393,normal,none
a9456614ab26,normal,none
eac792604700,normal,none
bed022c43b47,normal,none
49a6eb849726,normal,none
cb0b62563662,normal,none
7f361758e442,normal,none
7ee70b517c25,normal,none
3a723a351e65,normal,none
6b7040d99af5,normal,none
5cbe0d43df8f,normal,none
edab0a000359,normal,none
eb8da557bb39,normal,none
eeb8a586705e,normal,none
4bca2bfdbdc6,normal,none
f3886249c0f1,normal,none
f1e754339149,normal,none
53e679e81a90,normal,none
4569994b3bf4,normal,none
869b1bc2a5f2,normal,none
d5287ab61d66,normal,none
2943d1db3b5d,normal,none
95664d36984c,normal,none
3c42810d0778,normal,none
0d1d0cc39a6a,normal,none
8998f3dbb9f3,normal,none
3a781b5693c8,normal,none
cf20f86fcf39,normal,none
127d93305bfd,normal,none
41e0204ee04b,normal,none
f0cd03b112a4,normal,none
a323876a0893,normal,none
b31c72be741a,normal,none
f46e3029b8c8,normal,none
437312eca557,normal,none
539cfd72ba43,normal,none
b5271b6fe16a,normal,none
d2c1abb68200,normal,none
63eb35ab4fe2,normal,none
fe41cbbb8796,normal,none
4070cb697d29,normal,none
d57b1df423ef,normal,none
74b74533cd79,normal,none
fe88eff8fe90,normal,none
5c5f9b9de4ca,normal,none
c2933da3d3aa,normal,none
0afc7757e74e,normal,none
db14d4d1b829,normal,none
c66713814e9d,normal,none
84a2abfed7b9,normal,none
9354d559fd7c,normal,none
22d61b22830c,normal,none
15d0f831778f,normal,none
4c2eeaba94bb,normal,none
938023585a10,normal,none
3f169e90f274,normal,none
6c3986ec154c,normal,none
2c2e98a02c8e,normal,none
14bda651435a,normal,none
c1c4c0f2865d,normal,none
edddda937e9e,normal,none
96a5a0888683,normal,none
f188cd36f766,normal,none
4f4cfd7bd664,normal,none
173526b077db,normal,none
afed06dfe78d,normal,none
0c90ec78cf1e,normal,none
5a3329e7e1a6,normal,none
d58411ccd211,normal,none
31ed80831d8a,normal,none
37273a0852ca,normal,none
eed57e3c6cfa,normal,none
737c4a2516c8,normal,none
c34ffca114de,normal,none
b38a0759a275,normal,none
853490f959f2,normal,none
22e34a0df9b0,normal,none
908c3d05fba2,normal,none
44052ff8d676,normal,none
0430a2c2e944,normal,none
4c12de8b9641,normal,none
5f0e165ddbf2,normal,none
398cfeb00a30,normal,none
ea045fd37305,normal,none
a76ae4077b27,normal,none
94a55d023157,normal,none
d70176c12960,normal,none
6ad3cfa51483,normal,none
6843e93ec97e,normal,none
d46b5f43f046,normal,none
fbb120d82c43,normal,none
58b3f676e3a3,normal,none
a078e2e314f1,normal,none
9ff13da28cf7,normal,none
495e55269889,normal,none
00d014057050,normal,none
9fa2861a0b9d,normal,none
d6801ab51c4b,normal,none
cdfa0c33d975,normal,none
b1fa618fabf9,normal,none
7a2b4cb930ea,normal,none
f9b9168bf013,normal,none
d4840f4bb6aa,normal,none
10adb9e7bf98,normal,none
5834f5def540,normal,none
a41bacb1d570,normal,none
89431e8ee3e6,normal,none
e87a79bd3a12,normal,none
ff7cc3c332fe,normal,none
d4144a377100,normal,none
c74ddf0b93a7,normal,none
7a0c380de746,normal,none
f0fb508377ba,normal,none
80e34f86c190,normal,none
77ac257ac80b,normal,none
d93d1c5ebbde,normal,none
3f4f02fff4bf,normal,none
732b4e915825,normal,none
f3c7c894067c,normal,none
bde8eb37ecc5,normal,none
47a3ec910dc5,normal,none
9869f71197f2,normal,none
c2e2a4610fc2,normal,none
b7c42e455ac2,normal,none
4eed0b402d0c,normal,none
f209ca5a5ab7,normal,none
31075dc8add0,normal,none
fdde377d043e,normal,none
b6789e896c2e,normal,none
b238eaf37999,normal,none
68c5a997acdd,normal,none
84a29b7630be,normal,none
303e714fa8b5,normal,none
3611d4b188f3,normal,none
fe5dc2366064,normal,none
677a64bc33c6,normal,none
9876979a3e43,normal,none
8f5141041332,normal,none
f9e17e52e818,normal,none
dc6aef7b5453,normal,none
5f1428253e02,normal,none
1ca349c70c06,normal,none
f85d890c33d1,normal,none
daf073a7935d,normal,none
523d1ef3b225,normal,none
018a0b272c41,normal,none
1bdd017213ce,normal,none
8c6baf4b2e43,normal,none
64fcf09265c8,normal,none
c8496dfca5ac,normal,none
27e5fe7f4c21,normal,none
aaf2774b6a3b,normal,none
6dde5eff772d,normal,none
471202e4cadc,normal,none
675e8032b1c8,normal,none
1fc151ffa936,normal,none
7be90a3124ab,normal,none
a5f5fb121037,normal,none
bfb3e7f6e342,normal,none
e9661518c41c,normal,none
56f758c56a01,normal,none
1bd6c8a052f3,normal,none
e5f2e940a621,normal,none
5fb36143c6ad,normal,none
9f4c4eace96e,normal,none
0776ecbbf293,normal,none
cd37e3e58768,normal,none
1a393607bbeb,normal,none
1d9f84b6d5b9,normal,none
86d17acaff19,normal,none
c7221fe33c34,normal,none
56bc081381a0,normal,none
345da23ea0dc,normal,none
30ad85a296dd,normal,none
29b7e764b612,normal,none
38be6bb207ee,normal,none
057793bc5d53,normal,none
a34cc5b692c1,normal,none
e90df4a83d42,normal,none
a02851259511,normal,none
e007ee20fca6,normal,none
70e035d82067,normal,none
87d4da3eb340,normal,none
67d54ef8d2b7,normal,none
42a3df6da625,normal,none
b7506345694f,normal,none
329c2ae6831b,normal,none
7c3475a490f1,normal,none
fc143601f5f4,normal,none
1c2b307a35cc,normal,none
c5d9dd47d038,normal,none
b24077fe195e,normal,none
b1d3ef5f4554,normal,none
c2a1a33b155c,normal,none
b07813f8ea2b,normal,none
5950d5952679,normal,none
9737ce1fe9cb,normal,none
842c20328db2,normal,none
25f0e9bce4c6,normal,none
8d75dbbeea71,normal,none
0edb7fac9344,normal,none
a6e81504b86d,normal,none
7eba63276d26,normal,none
4ddd5f5a9735,normal,none
9b3e5cdd40ba,normal,none
f02e04f81d28,normal,none
653a8bbe7353,normal,none
28354c436620,normal,none
3fdaffb7f606,normal,none
c1dc63fa396b,normal,none
22f08537b090,normal,none
ad6ba7286c5e,normal,none
62bcd9b9f2b7,normal,none
24df320cc120,normal,none
d2b612306e54,normal,none
8d32fba3ab76,normal,none
3ae24434ad67,normal,none
0fec63811682,normal,none
b64674375d04,normal,none
2343de15b8da,normal,none
e65761b010c8,normal,none
43718a8f18a0,normal,none
a0cdf3f0365b,normal,none
9f3c31f39605,normal,none
874521b17ad3,normal,none
64f6aa3ce234,normal,none
bdea507822af,normal,none
c2778c99c9f9,normal,none
33169def7565,normal,none
803ebce6d232,normal,none
bbd1a4c0896b,normal,none
4f41942fd7b1,normal,none
1fae62f87f30,normal,none
7c844bdd9489,normal,none
669513599d95,normal,none
c98d69aa80d3,normal,none
fca5c78d17b0,normal,none
c0efcb9c390a,normal,none
adca6705e851,normal,none
69213520caf5,normal,none
fadaf225ec0f,normal,none
2978675a655d,normal,none
d60cec198a41,normal,none
cd0830639b3d,normal,none
3375769ea446,normal,none
cb9e45947e0e,normal,none
428b99ca64ba,normal,none
2d063c0f0b86,normal,none
bb63fc240c55,normal,none
b482e8feb5cb,normal,none
df9e4060a964,normal,none
587212bc1401,normal,none
b0a6824e4e91,normal,none
fdb6ec4e74bb,normal,none
1169180864b3,normal,none
6ef757bad9ee,normal,none
fff007fac582,normal,none
a3b087858301,normal,none
5e7065f7178d,normal,none
9d39281c9ec3,normal,none
afe4e105c2d2,normal,none
a2c9508cf09b,normal,none
5dfa9bb09139,normal,none
522d4a4eeb74,normal,none
d0951d73611e,normal,none
40647912e5d5,normal,none
8a0383f71853,normal,none
beec45e3c127,normal,none
45d0a8dbb1d3,normal,none
ca4d47819a4c,normal,none
a367fc0258a6,normal,none
7823eab21a68,normal,none
b65758bf4572,normal,none
191ccd38aa50,normal,none
132cf0e1207a,normal,none
932d3de42edb,normal,none
e37451449afd,normal,none
5f55396cbf82,normal,none
8ce422afa1bf,normal,none
563d8d9ac7a7,normal,none
d4fe89f727ca,normal,none
bbbe64184240,normal,none
236edc046296,normal,none
67ed3eceb231,normal,none
37cb79345e55,normal,none
4ab9352b4a1d,normal,none
e61cc478dc65,normal,none
50aeb39b0efa,normal,none
d99dbce44a6b,normal,none
7ad66bb95210,normal,none
d368da541a2d,normal,none
067ca848e0bc,normal,none
45da9224365e,normal,none
b8713445dcef,normal,none
24a681e3738b,normal,none
565b12975b13,normal,none
36db895b4735,normal,none
2bcba012697d,normal,none
a920a87704ac,normal,none
bf8f7cf4e55e,normal,none
6037f15e914e,normal,none
901aeca06ef4,normal,none
b22ca4126735,normal,none
560a35318282,normal,none
23b9e2fea146,normal,none
39d6adec04d2,normal,none
5e0dfb5b3fb7,normal,none
6d16b7ff17af,normal,none
0dc438644a9c,normal,none
37275b284446,normal,none
1df23654792c,normal,none
2dc26f60a574,normal,none
0e676c2b9f21,normal,none
95f1616e3f4c,normal,none
41f27e741970,normal,none
3c2877d46554,normal,none
9418ada79ece,normal,none
f58d6077d6ec,normal,none
183695e85e53,normal,none
ad7921d7db58,normal,none
14aa7ae17abf,normal,none
44e26ddb51cb,normal,none
c1178be43e45,normal,none
5e0917cc9267,normal,none
43ba13f8e962,normal,none
62d8eabf934b,normal,none
744ee7186642,normal,none
2478328764e1,normal,none
a6d53ec8fbc8,normal,none
e5ae7c8ccf40,normal,none
590df1f009a0,normal,none
f60712eb5416,normal,none
04463c19d822,normal,none
369e4e17a372,normal,none
7bdaa8187d8a,normal,none
83451d9ef9b9,normal,none
c2f246919e44,normal,none
c71fa205a31b,normal,none
5af623ccb7cb,normal,none
1e74b3999351,normal,none
a135a0f9c25b,normal,none
270fd90857ea,normal,none
ead2163090f8,normal,none
6bf5386eb02f,normal,none
983df3a5b645,normal,none
f9dae100fb46,normal,none
4d35ff69f246,normal,none
690ad80b1c65,normal,none
7594eb82ece7,normal,none
13fa1c7cca1a,normal,none
f88bba486fcc,normal,none
6c4eea327dfe,normal,none
1020374dde60,normal,none
06923a368e86,normal,none
b58a5cd1524d,normal,none
f1cc226e35d1,normal,none
1b919619c952,normal,none
2d1e10e95d3a,normal,none
8a5c0f199361,normal,none
08b981d07b22,normal,none
e08da0df53a2,normal,none
b87c965d1bf5,normal,none
77d6fdbc4a89,normal,none
1b1d1e7cafdd,normal,none
bc0b64759036,normal,none
f1b32f48e7b2,normal,none
03d6d4218e14,normal,none
b540a0750ca6,normal,none
1c49d6c1637b,normal,none
773ddfb66cc7,normal,none
96df0dccca8a,normal,none
2e156bdd1062,normal,none
5c3fd557bc24,normal,none
4622668a9ede,normal,none
975740154748,normal,none
beebd7960595,normal,none
20d508008e6f,normal,none
a89948387f80,normal,none
ce5c87e6894e,normal,none
c43b1f46dc67,normal,none
c1cd0b3f03ee,normal,none
c6b05e48dfb8,normal,none
bb38dcdb0d1d,normal,none
669c9bc6074e,normal,none
4d4246a11734,normal,none
650f41a0fc62,normal,none
8dacf3c1f906,normal,none
d1e5160cf3d2,normal,none
13bf979d4436,normal,none
b6a12aa906e6,normal,none
829380d51165,normal,none
48ca4e3b7b9a,normal,none
ff79a07c61f6,normal,none
bab484fe75a9,normal,none
8afedecff312,normal,none
16cd3d5857a2,normal,none
ebc1f65b54b8,normal,none
98f4fc90913c,normal,none
6321f26c5136,normal,none
facd7441e343,normal,none
4638efddeb8b,normal,none
7285b3289976,normal,none
9509a235a0af,normal,none
f50a70e29246,normal,none
f75187662e54,normal,none
0f25add842d0,normal,none
e2beabba742e,normal,none
c4d4f025389d,normal,none
24083aef15f4,normal,none
f88ccc760673,normal,none
b9e5e47d271e,normal,none
35d0ad88adb3,normal,none
8962c5d24477,normal,none
44573d8194d2,normal,none
7faf1aab908a,normal,none
f70e43848171,normal,none
bc60ba48c0a9,normal,none
b808ff265bef,normal,none
554493d20dd0,normal,none
0b11fac43ec4,normal,none
bafe653b0c51,normal,none
f596b0bb7982,normal,none
3087b10ac72c,normal,none
358741268955,normal,none
9c8002c6ac3b,normal,none
ac7a75fb96e8,normal,none
2c91f70c05ab,normal,none
7e568092cb61,normal,none
8e01541e5fc4,normal,none
d18833e0eaf4,normal,none
37b65f6d802a,normal,none
f5c98b818154,normal,none
81a6d74c11b5,normal,none
edcda711e550,normal,none
0d71c9c0af29,normal,none
18567e0fc023,normal,none
cdc2bb47e435,normal,none
aee079f140d4,normal,none
fd3112a98065,normal,none
4bf263cfd122,normal,none
e9e32b93d966,normal,none
32a29216214a,normal,none
7252db1d000f,normal,none
60c961bca1c7,normal,none
15dbdf7fedf5,normal,none
ed44f5a0ae76,normal,none
ac8100424ca2,normal,none
df34c9331be0,normal,none
7bd65f252377,normal,none
b37e17619765,normal,none
36c8943c562b,normal,none
7504e7e5d311,normal,none
3dcc19c80444,normal,none
99cdd2b1d12e,normal,none
6681707502e7,normal,none
d45d6ca089b6,normal,none
fee0196886bc,normal,none
db2957b51662,normal,none
4af1452683e7,normal,none
853d0744adef,normal,none
f16f979a8871,normal,none
9d271663e3a1,normal,none
f125aa544d41,normal,none
82b14dc0704e,normal,none
84c76abd8869,normal,none
aed16be12d77,normal,none
9064e17b5445,normal,none
b54afc89f252,normal,none
8e151d7c5ab2,normal,none
44fdd7b03315,normal,none
ea64a6895e9f,normal,none
7934b64483a5,normal,none
4cc39657a407,normal,none
dcdbaeb815dd,normal,none
db03f9bdd27e,normal,none
7a7004e3b2d7,normal,none
cee93d58cd71,normal,none
6358dcf073fe,normal,none
e325ee0454ff,normal,none
e3531729e7f7,normal,none
9aa799a03b06,normal,none
5e2fbdb6a9b4,normal,none
4048dd737a4f,normal,none
a79ebf59a37a,normal,none
ce6de16535bd,normal,none
3abfc642b474,normal,none
cdb819261086,normal,none
23f95a9a316b,normal,none
8984373381af,normal,none
05314954477b,normal,none
afaea1aab2be,normal,none
dd49aa7b3061,normal,none
e9eb909225d9,normal,none
fbfdfc5567a9,normal,none
eb81360467e5,normal,none
0e9af62737e6,normal,none
5d721b9307bb,normal,none
d0792847d0f7,normal,none
e2454f494078,normal,none
0ff03036fe34,normal,none
b4fdb998ce4a,normal,none
c38abc52b8ef,normal,none
6b29789a71d2,normal,none
9d33bb0f70cb,normal,none
452bc8f68ea2,normal,none
67ab76fc1f3e,normal,none
48bdb1892eb2,normal,none
12a1b68008b1,normal,none
9ae907880cf8,normal,none
38b0da3b6d48,normal,none
f1778dac3a0a,normal,none
310ade4f4ed3,normal,none
7f98e5e85d2b,normal,none
32655411e8a9,normal,none
bf936f748a8f,normal,none
9b24221ad094,normal,none
0f7d9c513184,normal,none
cece78d76703,normal,none
b914a8a69170,normal,none
772c87156b14,normal,none
4ca685df5e24,normal,none
9c6c27b890e4,normal,none
a5bcf175d0fd,normal,none
e01cda6b4d2e,normal,none
7a102a6b70df,normal,none
bbbbc1cb1117,normal,none
3a20c9a79ba6,normal,none
f15d954446f5,normal,none
49eaaf2c301f,normal,none
d4cda65812bd,normal,none
30e538184042,normal,none
ef02e34e0a8f,normal,none
f7903cea8f66,normal,none
66fd95b54899,normal,none
8c516f1abf7e,normal,none
c3b715ed8de4,normal,none
6a7420e9f60e,normal,none
86c35ff77f8f,normal,none
cb9264174834,normal,none
935ff74255c3,normal,none
320bbb3fe87d,normal,none
ad50013671a1,normal,none
efa3394e0175,normal,none
44306ae95680,normal,none
ab37b8dcc3b8,normal,none
91f9025dde35,normal,none
24162a40e3c0,normal,none
78ad22ab522b,normal,none
7f48580f83cc,normal,none
3aa8a440d1a0,normal,none
12ee93c5a858,normal,none
ec9721e89538,normal,none
7a2c9bae9c29,normal,none
2f01a3c7a4bf,normal,none
54e44b4ccb4e,normal,none
265179d71f8c,normal,none
42017d3f62f4,normal,none
31f59ea7dcaf,normal,none
034486622ca7,normal,none
3005a33aed6a,normal,none
19a231cc2431,normal,none
8bffa0b3d3d5,normal,none
4092c48e1985,normal,none
6abd662e6926,normal,none
39903dcc1f56,normal,none
9072a8f11e83,normal,none
15a5b2b3bf1b,normal,none
af381c146fcd,normal,none
b2bca765899b,normal,none
2ba0a17c9a4f,normal,none
96e3f958daba,normal,none
0699fd89adff,normal,none
d1a9fcb43cc8,normal,none
0f54962c45c2,normal,none
e4001b2d6092,normal,none
a5c6105e61ec,normal,none
68fdd7a3f276,normal,none
bdc82fd3d497,normal,none
da4abae59c85,normal,none
d1c08dd8b443,normal,none
88bb50b670b6,normal,none
797db22b6075,normal,none
77a7d029cbf0,normal,none
d018167f6b56,normal,none
a6b6857b1d22,normal,none
424f90ad505d,normal,none
08864aaa5635,normal,none
d20fd440b30d,normal,none
10a899061791,normal,none
22e8d1525489,normal,none
1405f98ab0cb,normal,none
18a77c2bdb6f,normal,none
e535e2c842ae,normal,none
2c4f66aacd11,normal,none
8c89bce5b37c,normal,none
2d68522afde6,normal,none
b1be67942f14,normal,none
8e824a5d39fa,normal,none
6e9bf5e413f9,normal,none
7b45b089b56c,normal,none
4e94b3c87e6a,normal,none
d780e8452491,normal,none
9179d5d8a35e,normal,none
e10add91eb5b,normal,none
d4818e5152b0,normal,none
e60e219d6db3,normal,none
28dccb48b1cd,normal,none
0cf7e31ecae6,normal,none
fff41112c09c,normal,none
6a9a27089839,normal,none
9af873165acc,normal,none
ed325f093a53,normal,none
dc643e06f522,normal,none
95fb8654208d,normal,none
ac9e6f5a7a0b,normal,none
27735c0e36e5,normal,none
56b680ce1282,normal,none
fa9089f83989,normal,none
5b6415709095,normal,none
60277001d1b1,normal,none
92b7554cbe05,normal,none
0e1758848f74,normal,none
cc7395864b46,normal,none
2bb996f542f0,normal,none
da07ce689398,normal,none
5eb1ece110a0,normal,none
893575a08f21,normal,none
1100ff573ceb,normal,none
404e6276d43b,normal,none
78bcd872cfad,normal,none
719aba8458be,normal,none
c3df5bee5a01,normal,none
f38288775599,normal,none
ab9b592cf50e,normal,none
4b57af87151e,normal,none
78a07207100a,normal,none
191b0d4b28a4,normal,none
9a2ccb0d4c8c,normal,none
567f27f69e0b,normal,none
d201ce2e2e23,normal,none
e1efc9deb9dd,normal,none
b5d7a7df685e,normal,none
3057b4d0266b,normal,none
30956e9b98bd,normal,none
d7d46d4d8a15,normal,none
803a8fedaf6f,normal,none
3e4c9ee8f699,normal,none
6c333ff7cb55,normal,none
82ef1573d49a,normal,none
6b3de8b1810a,normal,none
0b2a747a23c4,normal,none
02a66b1519c9,normal,none
a9bb3ac9a717,normal,none
904fcca42083,normal,none
0bc7c0e2bf98,normal,none
7cc9e31d5621,normal,none
ac2a1f941755,normal,none
bf0d5313bd93,normal,none
fd4623768e95,normal,none
0f470918f928,normal,none
748194a566ba,normal,none
03a8bd682d3a,normal,none
149ab5565374,normal,none
14cb219f45be,normal,none
adfcb7938e9c,normal,none
f22e3d61ac26,normal,none
27a81331e010,normal,none
0c9221f01893,normal,none
0920d78f9d81,normal,none
a1d78015125c,normal,none
523aaf6f4ab9,normal,none
3955a2fd637a,normal,none
35709886963a,normal,none
c6fb7dde5f0b,normal,none
01b782bc841a,normal,none
2637a66d64d1,normal,none
e43401c4b087,normal,none
96455a21baab,normal,none
329977f69c8c,normal,none
bf3437c50e42,normal,none
2c473de4587e,normal,none
aba1dc213884,normal,none
011f2b646965,normal,none
f25d929c8c12,normal,none
caa372c8f4fe,normal,none
475e38a91b4e,normal,none
b73a15e185b2,normal,none
a9c8b346aea0,normal,none
70e3a1762ecc,normal,none
150798416ec1,normal,none
f2d3b769da4a,normal,none
c0e926c0c267,normal,none
172aa087f301,normal,none
4d82c15b957e,normal,none
3df22fae01fa,normal,none
8abc43847ae5,normal,none
42b92c7c63cf,normal,none
f85d61a98a80,normal,none
a072e1bc2d3f,normal,none
3731f5bc13d7,normal,none
b9775250a5ea,normal,none
ea2315824a53,normal,none
77c40b5ef730,normal,none
c0d3b3a705a6,normal,none
5fbb6d5c613f,normal,none
0a5c242f0549,normal,none
05d5aa4aca87,normal,none
8e6d05fa0094,normal,none
3088cb9ce924,normal,none
22852cb02f94,normal,none
76023649f82a,normal,none
2b0f227eafaa,normal,none
1929659a8b01,normal,none
de599f27b18b,normal,none
32875883ee62,normal,none
7d6c4154294f,normal,none
471f7597b4c6,normal,none
7557e8ce177e,normal,none
9258b71d08d9,normal,none
86e2eb9d003d,normal,none
85d52a72f9c4,normal,none
166e1f201aef,normal,none
9fe3263547bb,normal,none
edbc3f233656,normal,none
c0d54f43e808,normal,none
6a21dc0a08b2,normal,none
444f7dbb799b,normal,none
c705228c7070,normal,none
b6dca0e78eba,normal,none
00c1ab5b4aa8,normal,none
5e9b6cf17307,normal,none
49f799e84d5f,normal,none
685fafa8e118,normal,none
a99211f2d414,normal,none
db27c586f8af,normal,none
7bfab0cab0c5,normal,none
b71303fed411,normal,none
35324cb2800b,normal,none
75c708c485b8,normal,none
ef703dd7efc6,normal,none
c43291c3bc35,normal,none
7b5fb41d6072,normal,none
44b257bacb69,normal,none
b16cfa057f48,normal,none
0de2d50a1398,normal,none
c597389ac656,normal,none
61e63d2a8fd6,normal,none
43e60e5c8d9d,normal,none
c7da172ac4d2,normal,none
8d16cd2e0dc6,normal,none
4c9a87967b62,normal,none
80f9c93ce30f,normal,none
df59f83ca150,normal,none
841b45ed1498,normal,none
c79a88f22ad5,normal,none
47fa5031da0f,normal,none
c8e5ac6bbfc9,normal,none
4b3981489465,normal,none
26ec30628606,normal,none
3dd41d633dd7,normal,none
96e277a5b155,normal,none
c3dac3777778,normal,none
a81b828e10ec,normal,none
0526ece96f04,normal,none
9d5f3784b60c,normal,none
0145505519ee,normal,none
b2564bba261d,normal,none
93b648184e2e,normal,none
5e1ec7d939aa,normal,none
8705ad90aed0,normal,none
a74f891edd25,normal,none
c1659ff700c6,normal,none
5d48bc3de105,normal,none
9f83a919bf81,normal,none
35124967b69b,normal,none
901c92368039,normal,none
75eaaccaede4,normal,none
6443f17d5755,normal,none
b8ab86ec59c7,normal,none
194275eeae17,normal,none
79ee328afefd,normal,none
bd27a37ed7de,normal,none
8c98c657f1c4,normal,none
1dc3b07761b3,normal,none
9171f6510b26,normal,none
bf34423618c5,normal,none
0def027653eb,normal,none
b3025dd4fe61,normal,none
7db0069ab912,normal,none
fd3a1d9bf8c2,normal,none
2d880192794c,normal,none
550ec3687206,normal,none
44929cbee841,normal,none
e0e78166ad21,normal,none
56a9dfeb3cb7,normal,none
34ea13699b7a,normal,none
e52b63b04be9,normal,none
7463cdcbf1c5,normal,none
0ab1bf5ed8df,normal,none
a08c125565de,normal,none
efba31650cda,normal,none
681027ba04b8,normal,none
8b7835bb8a28,normal,none
8a08c498b0ea,normal,none
5545aa29bfbc,normal,none
aabcdcba0a66,normal,none
7edfba0a05e0,normal,none
8d3226f246f6,normal,none
47e2dd2eb9e6,normal,none
be1f3b75147f,normal,none
1dc727c0af4e,normal,none
900e4fb550e3,normal,none
71c519ea909e,normal,none
16b64ed6b73f,normal,none
ee223e77a2ee,normal,none
b7cc8cd4285a,normal,none
145f9311194a,normal,none
98e4f5929487,normal,none
597ebf00e258,normal,none
74309801ef36,normal,none
73ffd52c4cce,normal,none
6a249b713eb5,normal,none
43ec0ba81ec4,normal,none
63d458b789ee,normal,none
7a1150fe8f4c,normal,none
2d58994538d4,normal,none
8eeb6094ba40,normal,none
82611a77478b,normal,none
8859e0c64f36,normal,none
4a2ab658cc1c,normal,none
aaa8d3e01865,normal,none
addb29742cbb,normal,none
5384eb9f0a1a,normal,none
c770ef320838,normal,none
4adc9cc63a40,normal,none
c90b80ed5ddb,normal,none
07268a1968ed,normal,none
e321dfbb9bfe,normal,none
f1f82460fd2a,normal,none
f61f3fd43ee9,normal,none
106ef0a1f018,normal,none
a543529516eb,normal,none
af4ceb23f0ef,normal,none
c137986635f3,normal,none
37d7e41344f8,normal,none
0bc698d2dece,normal,none
bc1ce7427915,normal,none
077f3d81d09e,normal,none
a498fa58ccda,normal,none
67645bda8f07,normal,none
2f78054d47cf,normal,none
e2ba5aead665,normal,none
aa0d7a39592a,normal,none
f16bd3aad029,normal,none
f2b303351a9c,normal,none
9d564e8dc757,normal,none
b571ef39ad7c,normal,none
c0f72d8c5e8a,normal,none
0e4b6a52c95c,normal,none
d6c3db3f60d2,normal,none
64e7e64b0243,normal,none
70041a6e73cb,normal,none
acca64f1ad02,normal,none
b6b1084e297e,normal,none
dcadce99e7b4,normal,none
b9bbdd5f49b3,normal,none
673aebbbd238,normal,none
70bc7ba66801,normal,none
6a18c66ec40f,normal,none
1316161949c5,normal,none
a8c8bb626c72,normal,none
33158e714ce4,normal,none
cf44df87021c,normal,none
bd8a5855cd59,normal,none
88bf8691266d,normal,none
eee0c8794969,normal,none
7baa9c9cc6ff,normal,none
8c5cca150cdb,normal,none
f10f29275415,normal,none
0e68c96ad768,normal,none
748b198d3b2f,normal,none
f0d8ef3d2dca,normal,none
0538ac2aef58,normal,none
7261700e7cf9,normal,none
2f25eebbaedd,normal,none
51914640af44,normal,none
e50bd62bafe8,normal,none
99848c7ed7b5,normal,none
41ad360a5b46,normal,none
10d519861166,normal,none
0531309cdf09,normal,none
23693b9773e6,normal,none
68b44c0ce2b2,normal,none
00312ab0b06f,normal,none
549e20f2794e,normal,none
d9c9a766a42e,normal,none
fd7cead9bd42,normal,none
13726ba4f6bc,normal,none
1dab0fbfe55b,normal,none
356f8bc046e3,normal,none
25a859b627e2,normal,none
5ab378671e02,normal,none
c12e65de2940,normal,none
a9c036e1e9d3,normal,none
aebf75e408c4,normal,none
917e775d25c6,normal,none
a98de4c56d58,normal,none
573eb22ea039,normal,none
1e98afc2e473,normal,none
ce2a90d87264,normal,none
efa7d1b5862d,normal,none
235e2e7add02,normal,none
38397f525952,normal,none
03c2b11175d1,normal,none
bae24adcae01,normal,none
5175e92d8da3,normal,none
0da85b1a9a3a,normal,none
9b31c4e338ff,normal,none
7beb5684ef4c,normal,none
72efc93ccf16,normal,none
75e9e45bd12f,normal,none
742f8ff37c2b,normal,none
c2fa58b41d4d,normal,none
5ea8242892c7,normal,none
920b5873e97b,normal,none
b44efda9f949,normal,none
a2aaa437f217,normal,none
ea4d1cb7540c,normal,none
35de560bd8ed,normal,none
5348425d311c,normal,none
c042c037649b,normal,none
6ed67c6919d2,normal,none
8cc5530f1cce,normal,none
2a3337e6bed9,normal,none
56d0e0a6720d,normal,none
61d205f7d370,normal,none
59acc59b8c77,normal,none
2ed66ae9c152,normal,none
e40eb36bf388,normal,none
8be8e19bbc26,normal,none
750d549fc7d7,normal,none
356d6005e6eb,normal,none
8611dc56d917,normal,none
01afcdc0e117,normal,none
4f1620139b11,normal,none
7dfd7b42ee68,normal,none
21fa2e59f690,normal,none
1765c0591b3f,normal,none
e6848470557a,normal,none
e9ec637be55f,normal,none
d382c2793627,normal,none
b7a2ca5b9279,normal,none
5b285add8c02,normal,none
06e0d29128f1,normal,none
f82ac48c1a0c,normal,none
1d03a4d76c87,normal,none
419d4c1bcafa,normal,none
62c4ee42733b,normal,none
abd1967b3667,normal,none
04a846b8ef71,normal,none
6859214d36e9,normal,none
bcef5539fca7,normal,none
c38c4347feb0,normal,none
145e596fea9b,normal,none
1c0cdc41a78c,normal,none
5ef82e3c7980,normal,none
83b952d2e9c2,normal,none
6d629145ade8,normal,none
1d0b2c4b993d,normal,none
d02c5e38ba9f,normal,none
dcf1ee3328e0,normal,none
7f6c0692ac91,normal,none
f64682dc629d,normal,none
2cdb8e175cb5,normal,none
9409115aaf36,normal,none
516e3f507227,normal,none
8d3ba3070f9c,normal,none
eb342a077814,normal,none
6d4f22ac5c3f,normal,none
326b66ccd612,normal,none
e155fddc9cbf,normal,none
664f9dea6b00,normal,none
2ab1c42ab75d,normal,none
351dee666e9c,normal,none
fa6b0005825f,normal,none
262108131873,normal,none
40175ee0b73b,normal,none
42ddb03ca0b6,normal,none
5c6a2bf36854,normal,none
9e82272a7096,normal,none
0ef5a124d7e4,normal,none
e402fdcf2303,normal,none
bd67e02be217,normal,none
30c36fa53acf,normal,none
356074050881,normal,none
4f1945189c36,normal,none
fefc390ce779,normal,none
14a561b00e6e,normal,none
762d2028d650,normal,none
6e9c41fef86a,normal,none
4c48bd2ba2dc,normal,none
d5879f9973c5,normal,none
46ef78acde7a,normal,none
c920e3cabbb9,normal,none
367965f84add,normal,none
b93f4718209d,normal,none
add4a3ab48ae,normal,none
6e0969cde11c,normal,none
439529efd0c8,normal,none
0ee1ba283e4a,normal,none
b6b5420602f7,normal,none
155a67c6d65a,normal,none
d04e00ff299c,normal,none
ec282c16a128,normal,none
1243dd1b1597,normal,none
ec53afa0a158,normal,none
a63a74875c31,normal,none
375d07536613,normal,none
f5ee9dc7a57c,normal,none
553571042174,normal,none
31a923e6a0fe,normal,none
24a76ee8ffa6,normal,none
5561549deabc,normal,none
2789902b10bc,normal,none
f66d6aa4d747,normal,none
03b209bd2ce9,normal,none
be44aa593173,normal,none
81a3d4c0d8b3,normal,none
fcdd097b74f9,normal,none
e3cd8d036497,normal,none
284e2314d36f,normal,none
d335724414e1,normal,none
e380ec6b6ced,normal,none
f0eb291afe71,normal,none
b972b9339f97,normal,none
d3799944fff4,normal,none
5d600c9e4199,normal,none
6d819b05fd33,normal,none
85f34a603e70,normal,none
8bd4bf6a56b2,normal,none
267de12eddd8,normal,none
cbdb0db36507,normal,none
6e681aa43feb,normal,none
8c428cc9a05f,normal,none
578322ea848a,normal,none
c217411c3e29,normal,none
a5b4c4f9ab11,normal,none
971dbed4066b,normal,none
e373c1ea781d,normal,none
e4a5bd3205e3,normal,none
d0b016ddefb0,normal,none
a12b9b5fb0d7,normal,none
8138614bf50c,normal,none
40b4933b4a2f,normal,none
f85d4e7f49b4,normal,none
6a0a994e0363,normal,none
fcc0b5c9d388,normal,none
67c33262bc80,normal,none
2f39baed26dd,normal,none
408c6934f85a,normal,none
c85bf64974cf,normal,none
8474e1bbcc24,normal,none
41d82f37bb65,normal,none
66fc129d79f2,normal,none
e5fc2eed4035,normal,none
9468c5a4ea66,normal,none
9eb7c49ae0b6,normal,none
dab42cdb0fec,normal,none
d2e3cd40164c,normal,none
972f6c85ba9c,normal,none
961128a26901,normal,none
69589e00e553,normal,none
3c01551bfa01,normal,none
be43b1306247,normal,none
4c8d351ff74e,normal,none
6da603628eba,normal,none
803ecd15ff41,normal,none
dc32ccee46f8,normal,none
4bbe468d5887,normal,none
cd8caeb1acdb,normal,none
435b568dc3e4,normal,none
f85fa6a0b3a7,normal,none
df3615392d11,normal,none
1f35c0963bf3,normal,none
4f5410fdbed3,normal,none
a1ad108d9011,normal,none
20414baeb54c,normal,none
85e9dcf620fc,normal,none
fa03c59e3412,normal,none
6c535d2bd672,normal,none
920d03e0ae69,normal,none
83ae4c8aabbc,normal,none
9177e210ac03,normal,none
45691654ef17,normal,none
f65d85178d1b,normal,none
1a0e2d0bf3a7,normal,none
d8c396a35f1d,normal,none
43fe72fafeb7,normal,none
14ba40ae16a9,normal,none
bc7dd4a11fcf,normal,none
bd5c334077ac,normal,none
734fbbe4485b,normal,none
ab768119a133,normal,none
f2dc5b3bc977,normal,none
226c27747c3b,normal,none
b042361e1f94,normal,none
98ec57d69c7c,normal,none
a34ed4d5d713,normal,none
55e4b5caecfd,normal,none
d7e0500990af,normal,none
44bc3cfe062f,normal,none
7dcec1391f30,normal,none
4fc14cdc85cf,normal,none
c7bd269c342a,normal,none
1d3d8e2321c0,normal,none
fc3dd6d0dd3a,normal,none
ba2a34c407e2,normal,none
c3c01ef96393,normal,none
d3522ecd68d7,normal,none
b0d5714ddd1b,normal,none
d1d0e88910ec,normal,none
3248f62c1094,normal,none
d29d7c0f5204,normal,none
69b3202a64d5,normal,none
c63681004148,normal,none
60e37ed2614d,normal,none
e8788dd8b171,normal,none
66fc2cb461fa,normal,none
8ea6456fd73c,normal,none
3ae67de313a6,normal,none
c0781fac1ed8,normal,none
333d96c60492,normal,none
240e5df73edd,normal,none
fb1a191bca77,normal,none
b73b5e6d302d,normal,none
eae82b62437b,normal,none
008f76a63a58,normal,none
c54bc146fccf,normal,none
92587ff7af04,normal,none
b213bc3b3a82,normal,none
907e4eb67681,normal,none
182bf3aa8018,normal,none
5fd973f0ab01,normal,none
858575e93e49,normal,none
831a52c5143c,normal,none
18393e1264f3,normal,none
78fa157ce67b,normal,none
e96b5fbffb82,normal,none
d64ae3e6035c,normal,none
5ebca36a83e0,normal,none
91c3b152fe71,normal,none
0521674c99d1,normal,none
a7a73941e208,normal,none
f78e2dc097f5,normal,none
456517cadeed,normal,none
237d54c172ab,normal,none
f36393a6da04,normal,none
b7d8fec8257b,normal,none
dfa4f421a6d9,normal,none
72ea44215e83,normal,none
4a58f2d9f819,normal,none
772ccea17965,normal,none
3a41560c9f67,normal,none
d052a77bf074,normal,none
e95cc5331cdf,normal,none
25159e2d144e,normal,none
7a97ff6592f3,normal,none
7d9ff61722a4,normal,none
c31a588d6767,normal,none
6d1faf1c39c8,normal,none
de431ff3c355,normal,none
4323bbabed4f,normal,none
92ff688c135d,normal,none
3795cae2c823,normal,none
08cc948deb15,normal,none
69c982aa3006,normal,none
ce651dfb5c66,normal,none
59fafca7bfe4,normal,none
c0f514eb0b9a,normal,none
dec105433405,normal,none
f3455c494079,normal,none
4998d2c54c4a,normal,none
9f90945d99d4,normal,none
84ac1ead9af4,normal,none
65997a1f09cd,normal,none
a3513d51a214,normal,none
6d20d5615f3c,normal,none
d7a4062ce5c9,normal,none
5d0d79be7284,normal,none
27bf2ec1f081,normal,none
c31c705aadf0,normal,none
b84e338396c8,normal,none
ee1691b7ab23,normal,none
f90d442c83b5,normal,none
57122b07bef2,normal,none
3488542b37e7,normal,none
2ca1cb253e2e,normal,none
ad1974419856,normal,none
e4b0c86622bf,normal,none
051919ca6c61,normal,none
579753f399a6,normal,none
e2b36681c516,normal,none
1580fbb8a211,normal,none
013b141446b3,normal,none
e91f6fa2297e,normal,none
a5fcbebc7feb,normal,none
4073c389ec4b,normal,none
f103124463d4,normal,none
4d4b31968ef4,normal,none
cf8370ee6e83,normal,none
6c32a26134b6,normal,none
ebf0f4f18f76,normal,none
385533a0eecf,normal,none
6dc10467558a,normal,none
771f6656f471,normal,none
35dc041b852b,normal,none
b43b08a84750,normal,none
33c3e460e6c6,normal,none
b6fdc2ace2eb,normal,none
ee7fbc7c806e,normal,none
a25517829c5a,normal,none
68d02068b16f,normal,none
660892102208,normal,none
97aee6c1d169,normal,none
ccde02827741,normal,none
0e841104a1eb,normal,none
dea64e4d9036,normal,none
047156f500ba,normal,none
7e53d859b3f2,normal,none
cf8c51b04851,normal,none
531bb59b61bc,normal,none
25e8b02fc1f8,normal,none
3c1bf3327781,normal,none
d138b196726d,normal,none
02dd1810ef95,normal,none
8dc5aa84862f,normal,none
21ba21a30570,normal,none
c4bd8d6dd8bb,normal,none
4c3f75050cbd,normal,none
862ba592d3d5,normal,none
b4e020e39b1a,normal,none
72ca9795bac9,normal,none
46f717f1c79b,normal,none
b8b9138418dd,normal,none
a132eace3eba,normal,none
e6091fefbc77,normal,none
7184ccaaad04,normal,none
a2a2b011a867,normal,none
9a4d6eebf1a5,normal,none
6e348a6febf6,normal,none
49aa4b563be5,normal,none
9f640b03e6ac,normal,none
44d636bf48aa,normal,none
10042af60478,normal,none
0426771245e8,normal,none
2a9782f947f1,normal,none
dafeb1a270b6,normal,none
d08b15a769a5,normal,none
e929137a938f,normal,none
8d74e158ab36,normal,none
ba5d62fc64dd,normal,none
48d1109b56f4,normal,none
1f16695b909c,normal,none
b21057a1021c,normal,none
f136d0c22f61,normal,none
2667a646ff75,normal,none
ef42829be731,normal,none
ff0dfeac3b03,normal,none
207dd609de18,normal,none
9a23ae07570f,normal,none
d0f8bca62f62,normal,none
77835810e0ef,normal,none
114f7e206715,normal,none
eea50f28fe16,normal,none
2a85b9e22a6a,normal,none
49e9539caf2c,normal,none
39a985a5af54,normal,none
8d0e60beaaaa,normal,none
c523aec7c312,normal,none
48dd24d0538d,normal,none
bcd04dc6f03b,normal,none
dbc5d8c0d23e,normal,none
3acbf1cff010,normal,none
5b7655f812a6,normal,none
c7e8484d2be6,normal,none
da3b90b1b7b9,normal,none
d740b52c5a9a,normal,none
90f6fc996bd7,normal,none
77e9b4c954c9,normal,none
8401b215fec4,normal,none
d7062a1883d8,normal,none
4bceaaf31dca,normal,none
9f42fdc29061,normal,none
bbc41c469110,normal,none
2c7608700af4,normal,none
dc3a39918970,normal,none
b759694bafe8,normal,none
c106c688bce1,normal,none
4c1e4bf82b55,normal,none
c8e54d338fe2,normal,none
16ddd24c6270,normal,none
15731cf74c3a,normal,none
f4a638ee5a37,normal,none
09bd8823cb6d,normal,none
5fe98f9af832,normal,none
046d20f299c5,normal,none
42f7f9b8633b,normal,none
14766892a0b5,normal,none
0de1e9904c2f,normal,none
ca66424574dd,normal,none
434cc6dee776,normal,none
3e3b3f3b1964,normal,none
f0207e359428,normal,none
87774fc229da,normal,none
fc5d44786c46,normal,none
ae515a9d9663,normal,none
bfdfede3df12,normal,none
904ed159feaa,normal,none
21a9596bd434,normal,none
ca242b17af5a,normal,none
59eb1f314c37,normal,none
74cd1c3f9d3c,normal,none
0d84a2fa56d2,normal,none
5aef2cb75fc5,normal,none
542dfcf173a4,normal,none
89a4db6623d5,normal,none
a2c1a8444db1,normal,none
7d6956324b34,normal,none
5af1c968e7d9,normal,none
2ec83e2d03e2,normal,none
7f942098408a,normal,none
9f52c615a1f4,normal,none
13efc0a9ac33,normal,none
869bddbd3f80,normal,none
1ee1701dc7ca,normal,none
67ef35d9a703,normal,none
1d8078d0c2c5,normal,none
f77b28cd5775,normal,none
184574a0384b,normal,none
74eb7583d949,normal,none
e00050038e1f,normal,none
546d62879a38,normal,none
d782b1b76608,normal,none
c5a71ffec0c4,normal,none
a99a708a3e8c,normal,none
0fb19808fa45,normal,none
67c1129932b5,normal,none
6b34f95f3616,normal,none
1a62270b4264,normal,none
95b4ffa630d5,normal,none
d8b23274ec72,normal,none
a085ffbb7764,normal,none
3c45baaf7fb4,normal,none
4303467bcbaa,normal,none
b4ee97bebf2e,normal,none
f13680c0fe4d,normal,none
e36ce02d2208,normal,none
4dca4e0feed1,normal,none
e28acc42b166,normal,none
c989e949a89b,normal,none
c75a229bc217,normal,none
56ec459681b0,normal,none
6faa4d1cd52d,normal,none
f88fd0408b2a,normal,none
f708da42bfa0,normal,none
182c4a7fc225,normal,none
00422a00cdb2,normal,none
f27321de3b1a,normal,none
21e7b38df2e8,normal,none
968a1c135eb2,normal,none
7b344349a1a5,normal,none
a7e8819d7a78,normal,none
82163c0ff844,normal,none
0b1cbb4533cb,normal,none
3de830e66227,normal,none
f62f2ffec0d0,normal,none
5c358df1205a,normal,none
9c4fa8967c79,normal,none
c81f33b69e0a,normal,none
541e176bf697,normal,none
ef55f1aa8d3c,normal,none
e8d7356b155a,normal,none
33cc8ae12c72,normal,none
7cb6bff82ce5,normal,none
b261adf619aa,normal,none
9da9d5116ed6,normal,none
5425538dc2f7,normal,none
8200dee27f07,normal,none
1f348f265a5b,normal,none
6ee53d4edc23,normal,none
9ab584ec04b4,normal,none
39817e488e89,normal,none
62915a14774a,normal,none
bb911b8f206d,normal,none
134d9d54ea4d,normal,none
d48fa8996350,normal,none
d273cb0ffc9a,normal,none
7f9f25c87178,normal,none
6da7bae894b2,normal,none
01c6bd9e0d01,normal,none
a7b5da9efe8b,normal,none
f2b201634c0d,normal,none
1be70b1b27b8,normal,none
1a5d1721d800,normal,none
e5001852291b,normal,none
291ad7d44434,normal,none
f22a187f2b66,normal,none
31f91fd8ba54,normal,none
7c3cce8c37c5,normal,none
fa62364d43fe,normal,none
ffa7b37bd0a2,normal,none
c5132293c046,normal,none
72cefc55c117,normal,none
2f2aa8b9d6cf,normal,none
fee133370500,normal,none
f630bbfc18bf,normal,none
205495a93348,normal,none
44dd7c3ac33e,normal,none
a732debe6eee,normal,none
6992dc5c11e1,normal,none
f1959f88101e,normal,none
a8d121a54e75,normal,none
6832586bd24b,normal,none
4d279650efbe,normal,none
a96ab0278d38,normal,none
42fcebd5ce1f,normal,none
2e522eb7663a,normal,none
f46e94f429d5,normal,none
0b75bf7af6f3,normal,none
f7b21f155c28,normal,none
a69b05a6bca5,normal,none
6cefdb4f2c57,normal,none
a730133765ee,normal,none
f1ecd7b6f16b,normal,none
47e5b8ed9e27,normal,none
e9037888bf34,normal,none
745f7b851ec6,normal,none
f7e25f511460,normal,none
be51d671584a,normal,none
d4bcbff27221,normal,none
330e3a8cc0f4,normal,none
0cf7f97dabc1,normal,none
4ea4fc1a5b29,normal,none
85613aaca309,normal,none
e8365b5b0c0f,normal,none
6da1651cbca7,normal,none
ef4d2c5af94c,normal,none
dec41d2f96da,normal,none
6f69b5d00e5d,normal,none
97e770f0757a,normal,none
625635b81bc7,normal,none
844fe01a8361,normal,none
e4270d111e87,normal,none
38269591a674,normal,none
6ae9f03fded8,normal,none
3ac06e230dca,normal,none
0cbda5b5f259,normal,none
647f888d5f9b,normal,none
a42b07970e61,normal,none
b9f2fd6fcd4e,normal,none
3cee73a6eb2b,normal,none
d64157b83b0f,normal,none
ad74459007ec,normal,none
c4de08e3a52c,normal,none
e232c299bec6,normal,none
a94d7ee81903,normal,none
17a90edfb4b0,normal,none
96edb4f2898e,normal,none
777889661ee8,normal,none
758d06a50ff8,normal,none
bd08cbacd8b9,normal,none
eeacc48f084e,normal,none
c236b1ae012a,normal,none
88afb64d8f76,normal,none
7f9b109d6cac,normal,none
2dd2e5cf5270,normal,none
fb0f67f9f1ec,normal,none
29b97aee672d,normal,none
49c5d492b0d3,normal,none
2e2ba265a885,normal,none
75d2ae1734bd,normal,none
a7f47e1cbb62,normal,none
9a431d442f8f,normal,none
4cb995881578,normal,none
87b276db9534,normal,none
c98eda9f0d71,normal,none
5e9929ba8759,normal,none
daa0e825555c,normal,none
ec31a3e7c954,normal,none
8b85a6aa958f,normal,none
f1182a053d6f,normal,none
985d0cb0a043,normal,none
8fe19109275f,normal,none
166082413d1e,normal,none
0bf199c6af96,normal,none
eea661ea80b9,normal,none
a5fec5becae1,normal,none
10b41b3714d3,normal,none
d85342916041,normal,none
fef41a1d37a3,normal,none
8a52fc15e9cb,normal,none
c1efe62a7b75,normal,none
e2f4ada29129,normal,none
64de4720960d,normal,none
abbf99c683a7,normal,none
34762f4962a6,normal,none
49808214a9f7,normal,none
2c7ddea2077e,normal,none
b3d3550d2992,normal,none
578ab06dba82,normal,none
f59255f9b826,normal,none
00a4fee76449,normal,none
9537f3e256dc,normal,none
6b0269aad05c,normal,none
bb1612360d6c,normal,none
fd7b758a48d1,normal,none
1b2da09485e1,normal,none
65ad0f02ce87,normal,none
797658310c61,normal,none
4705a665d2fc,normal,none
058487deed28,normal,none
fba06f3e89c4,normal,none
2c116c34ec55,normal,none
2ed16628332a,normal,none
a84ccb460c38,normal,none
8e3664915f6b,normal,none
021e8e93038f,normal,none
b3e2bf872f87,normal,none
aeb4d11bf98f,normal,none
7b6024ca6719,normal,none
97c69c5c2fd6,normal,none
3f4b79321acf,normal,none
7c5d90bb081d,normal,none
1d8be09c6445,normal,none
cfd3f13d0e10,normal,none
25b1872c366c,normal,none
6d28e087154f,normal,none
906a60edfbfb,normal,none
4d6765943ea4,normal,none
1dcfe2986961,normal,none
dc2eeb3727d1,normal,none
819b0f15c4cc,normal,none
0e015dceae57,normal,none
857d9232db72,normal,none
201f4cb8569c,normal,none
1f43d9c6eb83,normal,none
39d7242575cf,normal,none
c7daff6c5c72,normal,none
5bc08d47733f,normal,none
9fcb9d218ccc,normal,none
ad4138d2a13b,normal,none
dd8ecb718f06,normal,none
1fe86bdc556b,normal,none
ff86d8ab86ff,normal,none
2c01cbed6533,normal,none
39bcb08c1bd8,normal,none
b4421acff55b,normal,none
2c1ee838fd9f,normal,none
219a3595f134,normal,none
471ae7677b68,normal,none
5dec8ede641e,normal,none
dbf62000b019,normal,none
247bfa7856c0,normal,none
a0b6c736df06,normal,none
cb655e2b7142,normal,none
e422b54b8cca,normal,none
dccf8d5a5371,normal,none
6a71505eef3b,normal,none
7c106d2e8309,normal,none
eaa4aa4388a8,normal,none
f8d2bb016f2d,normal,none
e499790c8cc8,normal,none
89d4b29b7aaf,normal,none
c66f172af7ab,normal,none
3721dca4ea25,normal,none
593e8b87abf4,normal,none
fc5884ade7a5,normal,none
a9e49eb01089,normal,none
4602b1acdb74,normal,none
5d6cc1c18235,normal,none
5ca068eb77de,normal,none
07c75fcecce8,normal,none
7931b2a0e856,normal,none
030b1fa35f07,normal,none
62b3d7d028d4,normal,none
d5fe1533cde2,normal,none
13641c9489bd,normal,none
dfb9fff30394,normal,none
6e2772e5c628,normal,none
0be8329d5aec,normal,none
65822d533e21,normal,none
8d57d7c67af8,normal,none
881a8c0d1107,normal,none
1816e83166a7,normal,none
d2c77a1052a1,normal,none
a203fd38d09d,normal,none
c81c060b3dac,normal,none
fa0642ecb0c6,normal,none
f78499435509,normal,none
18e86bc1e736,normal,none
7bfdc4827187,normal,none
3aa50adec6d5,normal,none
de9c61023f60,normal,none
fb9c76da6066,normal,none
ae7f330e9481,normal,none
2f1fbbf4ed85,normal,none
3ba8634151c6,normal,none
81ac79461418,normal,none
8c1462bbbb2c,normal,none
41d2729007ca,normal,none
9814cad29d37,normal,none
5fbb18cd1dd7,normal,none
480bbfdc7cc8,normal,none
870e104b4ec0,normal,none
4b61523ef2b6,normal,none
c4a9d5f7e514,normal,none
79df0a3a8067,normal,none
448fdbcc5a6e,normal,none
fdc4f3ced404,normal,none
adff5a55bd07,normal,none
79e16709e30b,normal,none
8b49620d2d95,normal,none
fadd9d0ca788,normal,none
47d1af24f7a9,normal,none
a7fc8b99afe4,normal,none
8b09a12e58f2,normal,none
7f514f12700c,normal,none
dc78ee32cd2a,normal,none
3e7f4dad6f3e,normal,none
7168e7ccb0f4,normal,none
ef924d48742c,normal,none
47d41e87d23e,normal,none
1ea29a8c2c1d,normal,none
e3b700168941,normal,none
0ae6d4ae9b0d,normal,none
cc2be5651ae4,normal,none
fc875e52195a,normal,none
debd45700e8c,normal,none
0efc5a52256a,normal,none
a087e60726ee,normal,none
430c0d4617ad,normal,none
52b7cb25e063,normal,none
a6a6a3b637d8,normal,none
7770af651fe2,normal,none
824776a8f8f2,normal,none
eddae6930818,normal,none
7b7842fb6d4f,normal,none
cbe625961a87,normal,none
f708d95d2242,normal,none
5f16f2e4b5a6,normal,none
67ef419bc455,normal,none
a71c42528fa4,normal,none
d6db8c1cac50,normal,none
6e7a4431281f,normal,none
740bf7287a97,normal,none
9cd9e8891b24,normal,none
72a44adb5fe0,normal,none
5aed01a0b5e5,normal,none
34a720cbf467,normal,none
e5d0703a538d,normal,none
ac38f29c909f,normal,none
4023f9187ecc,normal,none
baf85c67fba3,normal,none
e5c413bc7f32,normal,none
57fd15954ae5,normal,none
d5235e49dc7d,normal,none
b3ed6b1f30b9,normal,none
0dc03aab763a,normal,none
6fdf453bad6f,normal,none
9cc9f73aa188,normal,none
447b1209ee10,normal,none
46649f7a14ae,normal,none
b22fce1dd198,normal,none
c44aac9e3563,normal,none
552e08b48e43,normal,none
bcd6f24c90a0,normal,none
d7bc775f016f,normal,none
017a85e7b011,normal,none
044448c6a615,normal,none
f7d1c774f4ac,normal,none
868cdaa2fc6e,normal,none
fe25301dd00c,normal,none
c0dcd974a7d1,normal,none
9a2a43c3bfd1,normal,none
a78ca6d3e01f,normal,none
12e95d7922bb,normal,none
05f2c666787c,normal,none
af67b70a09c1,normal,none
b020c4738c51,normal,none
3590bfdc30bd,normal,none
6868bf12d391,normal,none
7c43086afea1,normal,none
f78447525e88,normal,none
964e3a7bee18,normal,none
3081a096cdc9,normal,none
81a5dbf36685,normal,none
c5d4f4b9cd85,normal,none
56a04e98ccb1,normal,none
452afb698d3f,normal,none
5482c34e316a,normal,none
4a833c9396ca,normal,none
5605647258d0,normal,none
edceef3f6a0e,normal,none
b1a9bc8dc338,normal,none
02e036573e95,normal,none
a1bd110a0299,normal,none
e1e8ce983212,normal,none
04d26c1196ea,normal,none
dbe2896fbf90,normal,none
129b62ed386b,normal,none
1a0e8bb814b3,normal,none
99080b8c18c7,normal,none
59d7b8916b9d,normal,none
709c7466ba53,normal,none
025d932b35b0,normal,none
17f9b2db31ab,normal,none
0be7fc08b0d3,normal,none
826af3aeb3d3,normal,none
13d427430f71,normal,none
2b1622e3ce51,normal,none
b36819351d42,normal,none
2c8dd09d9836,normal,none
5b05903d80e2,normal,none
d0975d7a3404,normal,none
743e1fc54c27,normal,none
4f1ddf15433e,normal,none
f56f6f278444,normal,none
dd492ab6db65,normal,none
cb7354095214,normal,none
95f1229076c4,normal,none
6361e93a618c,normal,none
a47e9f3679d3,normal,none
49feb65eae8a,normal,none
a3ac847c23d0,normal,none
b03501521c1d,normal,none
00211edda32d,normal,none
d877580351e4,normal,none
988e15f901cd,normal,none
78775a40ea81,normal,none
2101ff2cbabc,normal,none
346ddd9065cc,normal,none
8b177633277c,normal,none
348522573b05,normal,none
c584f5c69ec8,normal,none
2873b1042fa9,normal,none
cf4876677a03,normal,none
105a42d02d60,normal,none
874c65dee720,normal,none
426cb9a401d7,normal,none
4539517e9f33,normal,none
45d9d0766f18,normal,none
d6dc75d94a36,normal,none
57c7e73cb0a2,normal,none
7087a99b5fb7,normal,none
5301b77cd689,normal,none
6964d6ff7c3d,normal,none
dca13af1ec60,normal,none
d516f2f2b436,normal,none
116a467ac6e3,normal,none
e8b7323287a2,normal,none
b5638aaf806e,normal,none
4f08c82874f2,normal,none
62a77b1ce4bb,normal,none
b9b89b3e1cf5,normal,none
1d0715287bf7,normal,none
16ca7d8846d4,normal,none
6bdf0016c630,normal,none
3d4e5ad0569a,normal,none
233062dce546,normal,none
6e09dcd31205,normal,none
918ebf69c105,normal,none
85dbdfa94402,normal,none
b455cd0fda0f,normal,none
5d4baac9f543,normal,none
5c26848a08b9,normal,none
64e4b5caa0b8,normal,none
6c024a1284a2,normal,none
661b3b7c8e30,normal,none
43cc22c22954,normal,none
b8225747cfd5,normal,none
851461e1f411,normal,none
71fe6466ffc0,normal,none
294ee7c841cd,normal,none
8c66bb644fc7,normal,none
a8b2b096cf24,normal,none
035c1010abb9,normal,none
95cd9296e30e,normal,none
f8f3dac483f4,normal,none
d7723ecfd48c,normal,none
5927de558ece,normal,none
1cc293a09625,normal,none
0bf4f9625946,normal,none
bceeb677ddfc,normal,none
de89586d8a04,normal,none
98a84b7231eb,normal,none
8dd7f0e21fb8,normal,none
6b2801a31203,normal,none
3d1bd925fb6a,normal,none
811e7d02b66a,normal,none
a53e7d7e6f7f,normal,none
681d193849a6,normal,none
2d6a2ec5c252,normal,none
d125e4e14499,normal,none
9cddd221f5e7,normal,none
6b6e8cde1ae7,normal,none
0341d6455da0,normal,none
c4b19473a82d,normal,none
ecbdb5a60406,normal,none
09e89a3ea12d,normal,none
acc497712d3a,normal,none
104b9ef156db,normal,none
41bd4898eda7,normal,none
688faf106ae1,normal,none
bf0ed57c2eae,normal,none
17f60d9e3518,normal,none
74193f703b05,normal,none
4f604a03afb9,normal,none
33c5810672a8,normal,none
d6830fab350d,normal,none
12c5fff12ebd,normal,none
b5c120e7c9f2,normal,none
947b51ff5861,normal,none
af9328600dbe,normal,none
cd094e71aae9,normal,none
a44b38379bde,normal,none
f26abfe16dbb,normal,none
b656361fe5dd,normal,none
9f061fa3d1cd,normal,none
8d4e57446c77,normal,none
7d33a1213629,normal,none
8242ce4d683c,normal,none
8ddf7b0132c7,normal,none
ae4180d38a0c,normal,none
b6af292d997e,normal,none
3abe7505b004,normal,none
1589c39b75d9,normal,none
e14075f307d5,normal,none
c3d3b56d4b0d,normal,none
f79435ed2410,normal,none
ed07c98c021f,normal,none
8ff042fe66d5,normal,none
63c738d2ae3c,normal,none
b951ec2cb8bd,normal,none
f85eb6358bc9,normal,none
fcbe3117b96c,normal,none
802885aca8ea,normal,none
edcbc8c0a2d8,normal,none
397be41f413a,normal,none
3db7b2439168,normal,none
11a7050bf40e,normal,none
7812869c6c62,normal,none
ffef296943fe,normal,none
3f8f6a7138e8,normal,none
c0d19edc88f7,normal,none
99fd2954fdea,normal,none
06c0784e8b55,normal,none
ab8b989e6473,normal,none
9d344279e7bd,normal,none
53db33500db4,normal,none
e9effb22b4cc,normal,none
73a333b9cb84,normal,none
eb9a221e50f9,normal,none
d28a7dd8836c,normal,none
92f43c361b60,normal,none
cdef1ec6a7d2,normal,none
10c10b0a6dc0,normal,none
8a4683cf34c1,normal,none
35b5756e23d8,normal,none
92cf689a8f93,normal,none
5a4ef3b8ebc0,normal,none
51648b5209cd,normal,none
1dc2925f780c,normal,none
67e6288c4a92,normal,none
4ac9c244e20f,normal,none
98e3ae1e0e05,normal,none
34907c94d792,normal,none
34a4f1f50eac,normal,none
054db85c70b4,normal,none
602f6bef7abe,normal,none
fa3c5e54293b,normal,none
9ef215d22927,normal,none
b39f24fc95f7,normal,none
f652a73c361d,normal,none
6be4baff573c,normal,none
54d74ea340f9,normal,none
735486035f8c,normal,none
65fa74fb75e1,normal,none
78085c441fc1,normal,none
055fe64469ef,normal,none
a7e89695fd84,normal,none
715301d9d94c,normal,none
2ddf06cba6ab,normal,none
9bba4b8e6964,normal,none
ffa8d4b16741,normal,none
65390c7b399e,normal,none
a63d2b13eef2,normal,none
420dcc121744,normal,none
cdf1df221c75,normal,none
6540201206db,normal,none
80db10e6ba5c,normal,none
e6c0f5a86e7d,normal,none
419a9e6540a1,normal,none
c2eacd2c9caf,normal,none
2636e80f1ae3,normal,none
7f411531c7e6,normal,none
a8b27aeabb6a,normal,none
d47a080d158b,normal,none
77d15332e980,normal,none
cf78bbdacea8,normal,none
9d57ba1e011e,normal,none
96d5da10b986,normal,none
d5fbfd885435,normal,none
bd3e8cdd8c73,normal,none
5e63246b2f14,normal,none
ff954434add2,normal,none
87d5d4ba77e6,normal,none
f1d2a716b48e,normal,none
f71a208c2da6,normal,none
fc0726c24cdb,normal,none
bba81d255e9b,normal,none
8b7a5f8b3cd7,normal,none
c319d85e533d,normal,none
159bcb5466c0,normal,none
0c10cd235e1e,normal,none
8a03352874fe,normal,none
6388bf8dc42e,normal,none
22281afd349b,normal,none
a25b5ec2939e,normal,none
f080e7e3f2ec,normal,none
64a2aebabf38,normal,none
009e0c97f3be,normal,none
26058f0d7b0c,normal,none
b67a906f46a9,normal,none
3ce3a81dbd6d,normal,none
f73b955f1d40,normal,none
11a3fbdf1b0d,normal,none
6f7d71a5d451,normal,none
00373a1b9c51,normal,none
2f9695f9d588,normal,none
df01d47a8d98,normal,none
95d184186e04,normal,none
61d02102b17a,normal,none
d04c6b8dc331,normal,none
01490bfa0f3c,normal,none
38edc7fe4f93,normal,none
304550d39e7e,normal,none
5a5456176d1c,normal,none
618f6610eba7,normal,none
3dab49ce7a8c,normal,none
9ea6755b95f6,normal,none
2c2a9e9dbaf2,normal,none
05328101e963,normal,none
98a3be0468ad,normal,none
2421f0fe365c,normal,none
f2f7b8f0c083,normal,none
ae9fb1b4dc2d,normal,none
7ce4b1b29f17,normal,none
10afb4087149,normal,none
9c8c767a0003,normal,none
98a67c1ee6b5,normal,none
b33a4f73c7ba,normal,none
9e74272c42a5,normal,none
1766012c7863,normal,none
b7bd18b8c38d,normal,none
359349986879,normal,none
a4f3de5ca6cc,normal,none
67aedfc50bd5,normal,none
fa288660eefe,normal,none
15bae4d327bf,normal,none
ae2ab6a0af61,normal,none
c86dfff1be13,normal,none
bd5e374fe676,normal,none
38beee0cc75a,normal,none
436f07430e97,normal,none
be3ce1761da6,normal,none
bf7f2af3fe4e,normal,none
69e824aa8832,normal,none
5a909c36c0ab,normal,none
88278fc27edd,normal,none
de22d448eb7f,normal,none
b9a4e7dbfeb2,normal,none
30e76ead5934,normal,none
f9be55e4f067,normal,none
2db6e23c16bb,normal,none
67273e2d06d6,normal,none
07b4b0cd753e,normal,none
20bbd8f1be24,normal,none
447960978e35,normal,none
c92962ca9d19,normal,none
acc900b7a67f,normal,none
48e02acf07b9,normal,none
ff4672944960,normal,none
04071aea4c79,normal,none
5e5662fc807c,normal,none
b5cc2f1a97c2,normal,none
ef5fa9369d1b,normal,none
5acefe7ccb86,normal,none
50e4de35f989,normal,none
06f29c97502c,normal,none
7ea3eca08960,normal,none
9a46205318dc,normal,none
4857264b5db6,normal,none
e7dd6cdb72e2,normal,none
0b49809c33fd,normal,none
8b5cb5c3ca3e,normal,none
5d3e3e7e2d1b,normal,none
2bbfe7e3ed13,normal,none
7c35e5be166c,normal,none
f132b6e5778d,normal,none
395b15612a47,normal,none
f6ff93af5dc1,normal,none
b7aaa5a1837a,normal,none
1a835a5f4a6e,normal,none
f49473a2f99f,normal,none
6cf928e9e4d9,normal,none
0182754fa06f,normal,none
2ac5c21da28f,normal,none
a093bfb6b27c,normal,none
6831dded31cf,normal,none
6cabf94d3008,normal,none
66b1791f3ebc,normal,none
130b2b9cc3d0,normal,none
ab74d0b4b9ae,normal,none
0e17ec6bfa38,normal,none
91e272404c3a,normal,none
26e1765c19d0,normal,none
d01a0d560ab2,normal,none
aabef73fc2e8,normal,none
1e49b8d1584a,normal,none
5e0da588b47e,normal,none
b494e0cb305c,normal,none
be9b2231863b,normal,none
7aa6506559fc,normal,none
f5042a1d6444,normal,none
8f3b9d8d9b59,normal,none
85031eb61595,normal,none
032d158aebe4,normal,none
b33509b7e688,normal,none
cb53e6ba87fc,normal,none
d194dcb4fc93,normal,none
6b3e2887676e,normal,none
ca89451b106b,normal,none
21bffa72de25,normal,none
728541828311,normal,none
631bbf047f15,normal,none
f4b4552ff3c4,normal,none
d855daf9cd35,normal,none
8bcfec837d08,normal,none
d5d5c7aea91e,normal,none
6694d029e09a,normal,none
2c25e55022aa,normal,none
ce6f0dea2a9e,normal,none
c0be02915eb4,normal,none
8aa45c78997f,normal,none
d626c87fa512,normal,none
381faaa70378,normal,none
948bce47686d,normal,none
8c2689426969,normal,none
9210ce82a407,normal,none
b16d76502a40,normal,none
229877f88dc3,normal,none
117c55fcbbb1,normal,none
763c14fb7f76,normal,none
e0746a6fa55a,normal,none
14b9a9d9e11c,normal,none
c34d6e1c1641,normal,none
f1d8db740557,normal,none
77ddbdf981cf,normal,none
cb873d576894,normal,none
fe5ca4a34ac0,normal,none
96f3bdd8ba46,normal,none
5e6ae0797b8b,normal,none
d2fd5260cc1c,normal,none
1e775c692780,normal,none
536dc31aaf84,normal,none
903c331d7472,normal,none
47e6699475be,normal,none
833c453e9ecf,normal,none
08d6c5286d59,normal,none
2838e4e56cbe,normal,none
641e7faa9244,normal,none
2c94fcdb2c51,normal,none
088bf515f0c3,normal,none
8ecad9bee666,normal,none
bf6b6faafef7,normal,none
4eddea4d8205,normal,none
9bf5f20d33ff,normal,none
b0c05add552d,normal,none
7feff64c7102,normal,none
af3fdb34df45,normal,none
5be3822706bd,normal,none
f95086111902,normal,none
12e37c09a37d,normal,none
0e99afaa0535,normal,none
b663e02a336b,normal,none
1016eee26c05,normal,none
4a0c1b61c95a,normal,none
9198220f6094,normal,none
c792e67cbf55,normal,none
9a931883fdb0,normal,none
edcdc10936c9,normal,none
8d008e98ea1c,normal,none
1c09b9c6d94d,normal,none
91a41878ff5b,normal,none
bbf2b0b27338,normal,none
5326e31396ac,normal,none
7b2bb43a6944,normal,none
018b5e8aeb35,normal,none
947d66254ed1,normal,none
30a759ef70a9,normal,none
02b75cd9b04f,normal,none
6950e5cea0c0,normal,none
4b4bd145cb35,normal,none
b949cf7f5662,normal,none
da3f15b364bd,normal,none
c354dfa9b18e,normal,none
e3f1077a0bde,normal,none
aaf190536b22,normal,none
cf207768ef0e,normal,none
78b1c2d2e631,normal,none
0e10abdaf37d,normal,none
53dafc04c6a4,normal,none
100f64ee39b1,normal,none
84239edc69a6,normal,none
46e62c1e3b93,normal,none
b70ccc0722f6,normal,none
546e3c139bfc,normal,none
a99f60dc213b,normal,none
3ce435c3c9d5,normal,none
05bee73c2f7b,normal,none
1e4331750cde,normal,none
6009f3f856e2,normal,none
217c3b98b44f,normal,none
1d562c275b78,normal,none
46d07fedcc86,normal,none
97b7f4e40c8f,normal,none
3c1a4fa9af6d,normal,none
05a8eed7e39a,normal,none
2f6ec35e79f0,normal,none
5e96a850e206,normal,none
2b42df888110,normal,none
f744c197d53b,normal,none
74b12b0efb50,normal,none
e601a44a3111,normal,none
f12b72c456d0,normal,none
039dbe150f0d,normal,none
cd3290e22aca,normal,none
efb1a145208a,normal,none
61bd31af74f1,normal,none
c31980f7cbcb,normal,none
957f88816cd4,normal,none
a35c743a8b33,normal,none
1a831e3b07cf,normal,none
9f9977f99d09,normal,none
56020da9d365,normal,none
302e38a6108a,normal,none
423d3baee854,normal,none
2b85ba14e387,normal,none
973991aa30f9,normal,none
f589b6cae0b0,normal,none
c6b81587bcb2,normal,none
9b2ce11f07e1,normal,none
ad27879fd5af,normal,none
4b17131e639a,normal,none
81f4ce013609,normal,none
b0cf08bec458,normal,none
6751b2564aa2,normal,none
d6e534e5356f,normal,none
feb0a0187c8c,normal,none
3f21f6c05222,normal,none
c6361c87eeab,normal,none
094d7f825e75,normal,none
d69e72e400aa,normal,none
972eef5307f3,normal,none
65e61c20b605,normal,none
7756eea08b15,normal,none
9fc0785e9213,normal,none
1d98c2842c05,normal,none
90d6fd40d433,normal,none
2691496ca1c6,normal,none
b00932ae8264,normal,none
e400d8a1f5f0,normal,none
76d9cd4dfdae,normal,none
c2ee1c559b66,normal,none
56c187b1cbba,normal,none
63ea23a49b88,normal,none
1a65d528e920,normal,none
7390c531511e,normal,none
19e47391306d,normal,none
dd5b76919be8,normal,none
7245da6cf08e,normal,none
fb5dbcc6f8cd,normal,none
f31989ed6c35,normal,none
403b6346fb3e,normal,none
8ae5e52ae493,normal,none
fa43e4e0c91f,normal,none
f29824befcef,normal,none
35bd1746f906,normal,none
ec6c7a6bd7a6,normal,none
221c5f7c5f95,normal,none
cb80816ca741,normal,none
c043c877b596,normal,none
9f8fd29ca42b,normal,none
3d0cf77a7ee3,normal,none
601bb072c2e1,normal,none
78909aba75de,normal,none
5b435e2451fa,normal,none
5e6a4fefc8c8,normal,none
61d3160f17f8,normal,none
3e23d49acd36,normal,none
7a7c06c80f26,normal,none
a1c9431bbaa6,normal,none
5823bab36d03,normal,none
4b1d0abbc3cf,normal,none
e79fb27dc034,normal,none
013508861334,normal,none
3f4c0febdabf,normal,none
d5474934156a,normal,none
9db1ab89e575,normal,none
a8d6609d25b7,normal,none
ba0af750c0bf,normal,none
6a1fcce8c6ef,normal,none
011f7d1c922c,normal,none
6a668b2aa3c8,normal,none
bb1a881f4e06,normal,none
35ff7fcb1fb3,normal,none
d713314f5872,normal,none
d19deff3a58c,normal,none
6445e45edc2b,normal,none
10c443fbb175,normal,none
3633951c6738,normal,none
d380be80525e,normal,none
496e123fe3c1,normal,none
7d607b2b239d,normal,none
2a00c31656f5,normal,none
c83e091e850b,normal,none
3f12dc32f85a,normal,none
34c21a2ee2ec,normal,none
8d7ab88232b9,normal,none
606b6cc17807,normal,none
b40b9081065b,normal,none
e1aec1f0d7b9,normal,none
eb34ae36ab69,normal,none
1d19a57f71a8,normal,none
ac23ffe2bfce,normal,none
cc082216f33f,normal,none
244e617a6ac0,normal,none
fe97e2078083,normal,none
d2f20eb70b95,normal,none
db7f88fa1a07,normal,none
83379f6e6330,normal,none
37cbc725c9f9,normal,none
56a228b481c0,normal,none
2ae6cf4aeb54,normal,none
69433b673cc1,normal,none
ae9e93333a09,normal,none
82e6d008b8a2,normal,none
61af77a297d5,normal,none
d2ca02820187,normal,none
ba6722e82051,normal,none
282895d45bc9,normal,none
d1031154bb8f,normal,none
673bebe68266,normal,none
3f05f627e7b9,normal,none
0076d1b43a3e,normal,none
40014463b4a8,normal,none
dc6f2c176cac,normal,none
31e2976d542d,normal,none
15da689d8940,normal,none
8e56f9a457af,normal,none
875e28ef266a,normal,none
6cfec11fafa0,normal,none
bf6deccddc75,normal,none
d2feca52d6b8,normal,none
0d8e9a1d45f4,normal,none
6ceeb9cdac0a,normal,none
8f08bc5504b3,normal,none
9b5be5a19d73,normal,none
b42b0897a829,normal,none
305cbd649b38,normal,none
f3064bb8152b,normal,none
9b1e8f48d86e,normal,none
faee21c8c39b,normal,none
b0b5fd2b113f,normal,none
05cb52a1555a,normal,none
be47678ef86d,normal,none
8219d8ac8ef0,normal,none
cfe31be6c0bf,normal,none
eebba5183322,normal,none
56a101237e65,normal,none
611892fcbef1,normal,none
d157c2f4e29d,normal,none
92f5ed01f0c9,normal,none
dff49b3cb82d,normal,none
5357a5180fa7,normal,none
8cb4d6cfb8fa,normal,none
0755e263b0ec,normal,none
7d8d8402e1cb,normal,none
15a6b60f67dc,normal,none
739452ca2ac6,normal,none
701003ab6b15,normal,none
9ed31e5be6f2,normal,none
370a9315bb6b,normal,none
54f8eff0de8b,normal,none
bb8a3462cbec,normal,none
4647ad2cee8d,normal,none
682a646abd14,normal,none
4230edffe88a,normal,none
0c2d80d88d46,normal,none
c5cbd270d075,normal,none
94445a80de3b,normal,none
ae625c533983,normal,none
fa179c18611b,normal,none
af3afc49de1d,normal,none
c53e5a5d73e4,normal,none
9d8e8ecce722,normal,none
5059cd585283,normal,none
3b4ff1b3a5cb,normal,none
62a6dd4e2a82,normal,none
6b8576d3e7ea,normal,none
df460f1831fb,normal,none
f312b9c9b5e2,normal,none
0ba14d2d3e37,normal,none
3b17b3283d80,normal,none
ee7384142c33,normal,none
e0424ee71c1c,normal,none
78924cfca2e1,normal,none
c12d35fe19f5,normal,none
324e0f272619,normal,none
b0201545e313,normal,none
1bf0ba37783c,normal,none
ad4110aec33e,normal,none
9b8c23fdca04,normal,none
2c5c82649fe5,normal,none
3df44e259829,normal,none
2b380b1b3711,normal,none
3507678f1708,normal,none
7f97f7993eed,normal,none
aabd94232a8c,normal,none
39a393fbc40b,normal,none
829768fb1bd6,normal,none
8b96888ba9e1,normal,none
06fcc99eabc1,normal,none
de265fca26cf,normal,none
09b63d45c78c,normal,none
987f95e744dd,normal,none
ab70236ba959,normal,none
ccb06cb2e359,normal,none
47684f372856,normal,none
9e8c9d3d0785,normal,none
ddda6af04d7d,normal,none
fb17b10729c7,normal,none
7b2b42ebe1a4,normal,none
67d2424ee22c,normal,none
b3989f88eb31,normal,none
99a34b5779e8,normal,none
f5599e43a6de,normal,none
557f83282c0e,normal,none
f66834e28e3d,normal,none
16c8f0933e38,normal,none
2270dadfe96c,normal,none
8ef0f54c00df,normal,none
ed23506b03f0,normal,none
a715fc3781be,normal,none
af3e63317cf4,normal,none
576518211eec,normal,none
1f8bc0f9499f,normal,none
a9e5a678b81b,normal,none
2ea8d940db2e,normal,none
5240216751a6,normal,none
9993764cfc75,normal,none
42be8aa93cf1,normal,none
796bf93b9c71,normal,none
0b74c4a9573c,normal,none
9de1ae4838b4,normal,none
842930e6ae6a,normal,none
82b90d33fc05,normal,none
2a397f45945a,normal,none
45f33b64f710,normal,none
c3f82c088051,normal,none
9c3f67709e94,normal,none
5723344e5a4b,normal,none
e244d6f13fd2,normal,none
ea4b99bb6caf,normal,none
570796921a63,normal,none
e3215730fe63,normal,none
7120806bdce0,normal,none
b7f1d9bd9761,normal,none
ca749b7ed05b,normal,none
0d28e2c1df6f,normal,none
7e13c66441ee,normal,none
5ef9cdd84741,normal,none
2a2b2b4147af,normal,none
81645b2856bb,normal,none
ca6f1fc5afe1,normal,none
c2bf29740a51,normal,none
0cb32b7625a4,normal,none
d77d6192f17e,normal,none
f9461e703de2,normal,none
34a63b691a0e,normal,none
d293f7ac1442,normal,none
75d165c16d75,normal,none
9dafa971e1c4,normal,none
2bc5578754e5,normal,none
9fad727e631c,normal,none
d93b3c62e4cc,normal,none
b5b2858bbc90,normal,none
5026164186ae,normal,none
a5e55c9b296f,normal,none
187e21377d24,normal,none
c10d89634058,normal,none
cdb0ad4dc2ac,normal,none
ea931a5cec60,normal,none
82f066b60b32,normal,none
fcf7f741512d,normal,none
5103784cf4f6,normal,none
60756a555f99,normal,none
6aa9f21f772e,normal,none
190d68016dec,normal,none
ce60bde266c3,normal,none
e11e4bb07573,normal,none
14fbbc3a8f9a,normal,none
66813d734aea,normal,none
619698a40ac1,normal,none
e9d8b5bfb526,normal,none
d915cc1cad1f,normal,none
c7442d5e8150,normal,none
8d9a557343c2,normal,none
b705090bb809,normal,none
1d0d97cf1253,normal,none
27aa830e4276,normal,none
c0d56d231e5c,normal,none
9db39aff65cd,normal,none
a5eb0e14329d,normal,none
12f707d68a8a,normal,none
1a87d4e9d013,normal,none
3ee9394a7230,normal,none
dafd28eacfb0,normal,none
c8e848858934,normal,none
e0443a580c3d,normal,none
92814a10012f,normal,none
c7c2d1e29b19,normal,none
b591be67ec88,normal,none
d5689a388017,normal,none
e1ccec2d47db,normal,none
000a7ed0d04a,normal,none
756f042ed086,normal,none
ee964d1c641b,normal,none
6f63a572b901,normal,none
ec45571a69fe,normal,none
c089f123c5a7,normal,none
cdc3b7f7aa48,normal,none
2e65f378998e,normal,none
e99b72a7bbc1,normal,none
b8c3cf021fd2,normal,none
670f12efb474,normal,none
a575cdad8588,normal,none
a03d65fff9c5,normal,none
efc4cd9bea7b,normal,none
5280ff45e159,normal,none
01cb6b37715a,normal,none
4ee074067dd2,normal,none
5c4406b0e8bf,normal,none
1fd4c415a684,normal,none
a0fc2f3730ce,normal,none
69d8b1039595,normal,none
2d4aae37c8e8,normal,none
42ea58663f9e,normal,none
90416e48863c,normal,none
a2bc6a9a048d,normal,none
50131eb69973,normal,none
9630a55af7b5,normal,none
fc7cae6d86e2,normal,none
b82a455b7e08,normal,none
490975e3f1ea,normal,none
8db7c54d1a61,normal,none
b0d018832f00,normal,none
95c59d04f7d1,normal,none
608a2083fa45,normal,none
19542ba15470,normal,none
58ce583b33f9,normal,none
006405634be5,normal,none
8daf49cfdc68,normal,none
ccea6d18a3c9,normal,none
9daefc447bbd,normal,none
af7b62d02b6f,normal,none
897b7453ed62,normal,none
506274d47726,normal,none
38b5051ff616,normal,none
3804edd8a0ba,normal,none
44edc8fb3e6e,normal,none
a7b71794b965,normal,none
9f8b4355e0ce,normal,none
c9c7ad49ca0d,normal,none
7a700d5f4134,normal,none
59aaf26f0130,normal,none
9a827fbf41c4,normal,none
9e69f533070c,normal,none
1cc558077c35,normal,none
39cbaab5b8ed,normal,none
f2086bc45af5,normal,none
de3918bb5719,normal,none
dd993f910e20,normal,none
43a865eeb5cf,normal,none
3a63502a04b1,normal,none
41c19f106906,normal,none
020f7ee3dde6,normal,none
ffae4de462c1,normal,none
9a639a5e0896,normal,none
be2d777898e4,normal,none
1f28757eeae8,normal,none
3a2d884396d6,normal,none
43744d3580ab,normal,none
d44ace45597a,normal,none
e9ea36078647,normal,none
08db274eed6c,normal,none
76fa1901c59a,normal,none
f309ddb79600,normal,none
9c546c4512fb,normal,none
d3568b70cd0d,normal,none
8c7cc599a068,normal,none
c18b169c93cb,normal,none
170d6e35c019,normal,none
33e9015b56f5,normal,none
94c406f6f1a2,normal,none
2de1d771efe0,normal,none
c4ef33b364ea,normal,none
6a798a11b800,normal,none
8874febcf7bc,normal,none
52234af1e7f9,normal,none
efce7a860dda,normal,none
246fe85057ee,normal,none
48680cfdfe88,normal,none
7841bf8e6174,normal,none
fd8b08670796,normal,none
6506eca6d804,normal,none
5d082baaf56e,normal,none
04b1adcb1f00,normal,none
458fec6563f9,normal,none
3e0baa3e6bd3,normal,none
d2e54ec3d048,normal,none
73a5052d5ae1,normal,none
94a779c33306,normal,none
f79d5747496c,normal,none
210bed8da5d5,normal,none
db162b3a15a6,normal,none
c49ef2fc2a4e,normal,none
7c3417e0fb44,normal,none
57504dd5260a,normal,none
39313d430531,normal,none
336896397606,normal,none
fb82814e3ca8,normal,none
6f9714e24cc5,normal,none
16a0692190e7,normal,none
a0d873dfef67,normal,none
76bd164294c5,normal,none
29b4dc2125ea,normal,none
5a0278d6b099,normal,none
482171d47d6d,normal,none
d42d8126e6b6,normal,none
254db246cddc,normal,none
2a99bfcf6366,normal,none
e8de0f2bde07,normal,none
883101413552,normal,none
b9ff33d2ea2a,normal,none
60e8c60e913c,normal,none
e2d67cb64ddd,normal,none
e4fb4a7174d8,normal,none
7e360c81292d,normal,none
629ac30080a3,normal,none
760938359ccc,normal,none
f3b0af09ce84,normal,none
2e845351718f,normal,none
722aabc4a8c7,normal,none
1998f00ccdb9,normal,none
26fab7ed357d,normal,none
d5758d0c7686,normal,none
f5e8027ca727,normal,none
1df6cd03dc89,normal,none
5e0015d81953,normal,none
783879d2d46a,normal,none
d7dc23cf0127,normal,none
ab0d70f369f8,normal,none
9b761d39f25e,normal,none
39f34395e47b,normal,none
5986e77f7b89,normal,none
f6d533959c66,normal,none
f64528355698,normal,none
14381aaa03bc,normal,none
ac63e25cb927,normal,none
8a5cd632c1df,normal,none
8e9b564b3af9,normal,none
c8852b6dead3,normal,none
0bf05c9c52d3,normal,none
c76bceb2cf14,normal,none
1a248e87be66,normal,none
8ff6a0f42c14,normal,none
66be7b9a5440,normal,none
c01b3f09b76e,normal,none
b377de4b874d,normal,none
4cdddbf4a234,normal,none
affe67dec58a,normal,none
f814e11ae3a2,normal,none
02974b2488eb,normal,none
d58ed95881fa,normal,none
9b8e04b9187c,normal,none
1196b6b68981,normal,none
8645e7fa45e4,normal,none
dc4733a25611,normal,none
7380387b5593,normal,none
16e6a44321cc,normal,none
42b66c2673b2,normal,none
e0e6a6d4b91c,normal,none
3fba31d278c2,normal,none
257d609680c0,normal,none
7bc8344b042e,normal,none
8f5a0490a351,normal,none
93c0ee922cf7,normal,none
98d56a20bc7c,normal,none
5dc70234a134,normal,none
4650483e292a,normal,none
b77bdc1f98dd,normal,none
7a47f4e2b002,normal,none
73b33b1bf600,normal,none
fbd09e309a9e,normal,none
a1cead7d429a,normal,none
02cddf18d025,normal,none
3299bfe72899,normal,none
c3550fd76df5,normal,none
80bd2049d62d,normal,none
493896946f61,normal,none
a1ae5bb81f26,normal,none
2a8dca39fd72,normal,none
db6516378164,normal,none
35d308ea74a1,normal,none
666030d3d9cf,normal,none
6ed65ad1e701,normal,none
551e1798f8ba,normal,none
7fbea09ce897,normal,none
bc3183061b86,normal,none
e2f0b60a2411,normal,none
8cb786e4dbca,normal,none
85c08a79f6aa,normal,none
12285a06a55f,normal,none
532f4369689e,normal,none
da3114364ac9,normal,none
0b9803b9a9fa,normal,none
941f7729d79a,normal,none
5b65beaa4da9,normal,none
2e1bb432ea64,normal,none
0e92b3b7b2ed,normal,none
9db319de4ae5,normal,none
33239f4bdfda,normal,none
60d9d40ff370,normal,none
6edbbd9dfb6e,normal,none
a22cd66894d3,normal,none
f007330a23b2,normal,none
d5bc98cd2c0e,normal,none
d3e0664784d8,normal,none
c6b681861637,normal,none
ae3be24abb3f,normal,none
1cd94390f72f,normal,none
c1bd486199cf,normal,none
b28283d0f39c,normal,none
99031b8d65c1,normal,none
8b02d05ec40b,normal,none
e9982f1bca19,normal,none
73dfaee5857a,normal,none
65ce5b992030,normal,none
2d857df9db85,normal,none
9f5f8c9a7be2,normal,none
5ab66d1a4308,normal,none
a07fff3aaee2,normal,none
66fc1a09d7c1,normal,none
6f8da7271c6d,normal,none
8086f33c522a,normal,none
9adbccd9d07d,normal,none
ae56c6c6f954,normal,none
930d9bd9f484,normal,none
9a096c071df6,normal,none
ff420b80db4a,normal,none
5ffab43314f0,normal,none
e3950d263aaf,normal,none
8626298cee92,normal,none
1c34f0620d6a,normal,none
58cf4624ef84,normal,none
1c499abe3078,normal,none
3cfea5747ba9,normal,none
c056c080647b,normal,none
7c0a97c400b5,normal,none
af3f76fab422,normal,none
00f83bc07706,normal,none
2747226657a1,normal,none
1429ac205166,normal,none
4fea171a863e,normal,none
b49c648d9b7b,normal,none
7d807ee08d17,normal,none
d2a1de5ca568,normal,none
147cf46c8105,normal,none
bd899931d45b,normal,none
5f7811d81855,normal,none
4dbaf33f8c8b,normal,none
42b85eeebdb7,normal,none
3037611c94af,normal,none
6538d4ec8739,normal,none
d2420bd4a09b,normal,none
1255e321705c,normal,none
c496ed216a9d,normal,none
1e097036751e,normal,none
55ba58b9c550,normal,none
abee4fdf8178,normal,none
9e1328d4a39c,normal,none
67dbe11eb937,normal,none
36f9a29b4cad,normal,none
aea4642d0c3c,normal,none
faf7b324228a,normal,none
1931b2013481,normal,none
b294467e4df3,normal,none
19ed18c4bcf9,normal,none
2a328d1029a9,normal,none
bdd63ebe3c82,normal,none
08e92da2cd20,normal,none
4349ec6a374e,normal,none
a5e35bf439dc,normal,none
5f0f025d88d9,normal,none
d5fd8c4e7007,normal,none
05feb7050c22,normal,none
36bd58ea623b,normal,none
3905f5457d9c,normal,none
c5e8cef02389,normal,none
6aa1e6df4ed8,normal,none
8d75d0e42d10,normal,none
9876ac7a156f,normal,none
6ebd7a0e1966,normal,none
4e74eefc07df,normal,none
44a191f6b22a,normal,none
20cb5c3c0a27,normal,none
6fb06a36e5de,normal,none
902054580955,normal,none
111bf0b25130,normal,none
31be366361e9,normal,none
202363dcd9ce,normal,none
335fd517fb25,normal,none
11825ca1b8da,normal,none
7c60f07defc3,normal,none
59fd9cbc10da,normal,none
abf6134feef7,normal,none
7dc8e5bed70f,normal,none
5abe55cb5f72,normal,none
e03332e02a56,normal,none
9d8e2337d315,normal,none
2480a2b9dc33,normal,none
d281083eb35b,normal,none
4b39014ffa04,normal,none
57c2b2a648bf,normal,none
9d54d06f842f,normal,none
15eddc9c5b98,normal,none
85cb3a2a7bcc,normal,none
e80ff820ba64,normal,none
3de94a820463,normal,none
8808a1f83f49,normal,none
c6dca69a5593,normal,none
a33301b80fce,normal,none
29cbc6baaea7,normal,none
65bd4050d839,normal,none
abca7a624d6a,normal,none
127f8a2a36bb,normal,none
4801d4b58430,normal,none
37517bf58d46,normal,none
0e99541114f2,normal,none
025dd0d5e133,normal,none
a868b2caf1f4,normal,none
ff5d1d03e749,normal,none
5bbbee4dc438,normal,none
d0709ea67922,normal,none
557e8e951f08,normal,none
b1a62c60ae9d,normal,none
aa9343ac1ce7,normal,none
bb0021387859,normal,none
92f0b95c2d09,normal,none
42cbc9558402,normal,none
48711b367bae,normal,none
26e10fa55d6b,normal,none
bc5d815a1cd1,normal,none
6fcc4a58ca1a,normal,none
f342b8b4c700,normal,none
fef2ecea435c,normal,none
b6952276e115,normal,none
08bf650cb618,normal,none
2929167b94e3,normal,none
a2ff80182d0d,normal,none
28f8874e0cea,normal,none
9c2c42602c33,normal,none
01634595a46d,normal,none
01794e728344,normal,none
e756b6a307bd,normal,none
2980d1d58cdb,normal,none
c3151e19d5e8,normal,none
e7ec4abc652e,normal,none
9ef4f6c4dae8,normal,none
c62ecdfb73b6,normal,none
95a8a3dbc292,normal,none
1fa143363108,normal,none
85c14761e4f1,normal,none
981b31b6c255,normal,none
0ed5b3c21eab,normal,none
3144e9cf4cbd,normal,none
df4975fd632d,normal,none
067f7fdf3d78,normal,none
c895b1caa633,normal,none
fd57ab1d06d6,normal,none
784c3ba50ab8,normal,none
d569a20681ab,normal,none
97723bde42e9,normal,none
18f5ea32b60b,normal,none
201e4b4d6cb9,normal,none
55ff4a9396f2,normal,none
5af63567883c,normal,none
670c57588fbb,normal,none
724d8efff4c8,normal,none
766d1c5d7e0f,normal,none
d3cd679b353a,normal,none
609dcf6c1584,normal,none
c7a24c17d088,normal,none
32f625912101,normal,none
2e2f705b701b,normal,none
e2c73efde138,normal,none
e958a1cd13e3,normal,none
7856eb330d3b,normal,none
436b057a2d08,normal,none
8bcc6ae127e4,normal,none
e6e16d8db037,normal,none
a53c89afff44,normal,none
47c27765dbcf,normal,none
30933cdbc703,normal,none
897e97c47ad0,normal,none
484a0e879529,normal,none
2fcc0f72524b,normal,none
2df2cdb869e1,normal,none
4179eade98c4,normal,none
87f4abeae64f,normal,none
b0ff1a76886a,normal,none
45b61f8d4185,normal,none
fa6e496b843d,normal,none
a53f569e0208,normal,none
310108d9dba2,normal,none
608d0d2689ce,normal,none
0597e6e4da97,normal,none
c2a3d50a7cff,normal,none
96a94523d261,normal,none
8392a2e997d6,normal,none
29f7229c757e,normal,none
b4e1e779ce88,normal,none
89f9cfef9f25,normal,none
20d62cb7e602,normal,none
0e721ba05f9f,normal,none
e2ed5aef58be,normal,none
432b66a65ec1,normal,none
14fa9a12d1f4,normal,none
87c0fdc1ceb8,normal,none
9b056370e4b0,normal,none
20d36e07ea74,normal,none
75f7332b4253,normal,none
eabb09fa3e88,normal,none
7e9401f5aebd,normal,none
17fcaf13b6ef,normal,none
713060694d1e,normal,none
4db21445b3cb,normal,none
b0073182c9d7,normal,none
59f94ccbb11d,normal,none
db2169d9e84b,normal,none
4f44a56f88dc,normal,none
875a12c7f26b,normal,none
2322c75e63b6,normal,none
0b4d964084c6,normal,none
156d273998df,normal,none
f99bcf9defe2,normal,none
0d7793e3643f,normal,none
37959b77ff4e,normal,none
f56f5a60fcad,normal,none
c4936f41e070,normal,none
4138e7abef14,normal,none
ebe09b6084c3,normal,none
4b612bd22626,normal,none
6bd737e03269,normal,none
08f387bb457d,normal,none
fafa8ff9401c,normal,none
2c354190ba1b,normal,none
c968d8574090,normal,none
c3a10faf30f4,normal,none
a3c9a4473f88,normal,none
3f9817d1dbd6,normal,none
fd11a70e067d,normal,none
97fe47429607,normal,none
dc9c3ef5c609,normal,none
8698b463e320,normal,none
40ee3e9d5209,normal,none
8d247b2906b6,normal,none
821eb8ef84eb,normal,none
e71d1b29666d,normal,none
3436af04772b,normal,none
d66c0162790e,normal,none
b02c7936744a,normal,none
ffe8e943560d,normal,none
b210199b2401,normal,none
1348a37f87b0,normal,none
21768f2242d6,normal,none
d5c4534b963e,normal,none
b4f1771f3aa9,normal,none
9fca386e20dc,normal,none
2c155b711ca5,normal,none
7db1ab86bd6c,normal,none
e475908b3584,normal,none
30bbddc1202f,normal,none
d8913c26fccc,normal,none
0b4ddabe9503,normal,none
14d8be57db52,normal,none
5811201a2211,normal,none
92176ef4cecc,normal,none
2803c0f423c9,normal,none
9c543d66f516,normal,none
3bcc5b10e25c,normal,none
fe0431c69f4c,normal,none
7838be527407,normal,none
53aa495b3b83,normal,none
904d9de14aec,normal,none
36b564e49f6e,normal,none
4d56bef215b3,normal,none
3046f5fdc36d,normal,none
ad267677e939,normal,none
4a6d65672150,normal,none
f60790d06b65,normal,none
2f85cca33bb0,normal,none
e2132ad4e478,normal,none
9d538feea905,normal,none
3d60dc3ab104,normal,none
cc741bd50307,normal,none
82f5394ee61c,normal,none
dddbdb20f8b6,normal,none
bd8c6ee56c8b,normal,none
8ef0c5f5ffe1,normal,none
e09180adc27a,normal,none
1a73af5bf2f2,normal,none
2f036064839a,normal,none
95acc40f590c,normal,none
0c7c47172029,normal,none
23c3de85c807,normal,none
8d48b214385f,normal,none
9f1118da2139,normal,none
597e52cbd341,normal,none
94720837c433,normal,none
617a0d6180d7,normal,none
95482d7f8482,normal,none
3efdf86dfed7,normal,none
c0c7376067eb,normal,none
15544f6c0191,normal,none
8bd81ea3c931,normal,none
c23f962d4112,normal,none
cfbdc3a7513d,normal,none
dd19d8750940,normal,none
0c9b0f29c526,normal,none
ef76ce23fde7,normal,none
2d27961b7295,normal,none
3399fadf7a6f,normal,none
ab9f50a62d98,normal,none
98307dc98721,normal,none
9676c93ec8ad,normal,none
4b5be86d8acb,normal,none
39fc8603bf58,normal,none
c690d8b88809,normal,none
6be844453f12,normal,none
b3e82871013b,normal,none
a65bbdd34558,normal,none
1723952db22f,normal,none
334e8d4bd10f,normal,none
f203cc73631d,normal,none
f07e2f9710f8,normal,none
fc7d2b1652fe,normal,none
8475d4eb00b0,normal,none
f9fd5960a20d,normal,none
caf52ed3dfe7,normal,none
ae99a8abe50c,normal,none
72b7d8a143d2,normal,none
0feabc8ada29,normal,none
04622d263a73,normal,none
2afe7110ab70,normal,none
553a75d0e310,normal,none
bfc31a315cb7,normal,none
f45ae07b6983,normal,none
f368a2092420,normal,none
281b9e54666b,normal,none
f834d0eeabe0,normal,none
57f334554880,normal,none
74fcf8ea4761,normal,none
aa7f7d943963,normal,none
72e2afc9275f,normal,none
55560e9e9be2,normal,none
fc993dfc01b1,normal,none
93208f9e5d6f,normal,none
b58291db49f6,normal,none
86502677dea5,normal,none
a373670857e7,normal,none
daa1be01d0ec,normal,none
6203ac13cd27,normal,none
28ead2e300c0,normal,none
d381e528e8d1,normal,none
6e4e45d92fb2,normal,none
9aeef5e0a86d,normal,none
1d60d9d0fc13,normal,none
1b9c4858888e,normal,none
797e12818e44,normal,none
04c046cbc445,normal,none
2b0bfc115908,normal,none
116c8cfbff72,normal,none
34002ccbfd22,normal,none
c4f58df08d2b,normal,none
3a43d276e80c,normal,none
eebfd32a7a18,normal,none
196f4cc9e758,normal,none
22a8e2c815e3,normal,none
914b58ebb703,normal,none
55412a86c76c,normal,none
84d02734aae8,normal,none
29391a360b52,normal,none
f6c3d81c3e8c,normal,none
5c82f6aca28f,normal,none
b90719e48a38,normal,none
f6b7293b01b5,normal,none
8aeea9339e2d,normal,none
018902a7e25c,normal,none
636b2e814931,normal,none
461222848311,normal,none
dd5ef8a3c168,normal,none
0acb41c179e4,normal,none
02849e823b80,normal,none
cc2c929818e3,normal,none
92e9a48d04b2,normal,none
30247a9ff9d2,normal,none
3b170b636442,normal,none
cac1a246c0a1,normal,none
f6ff68e9738f,normal,none
145eab38a9ac,normal,none
25b2777a2409,normal,none
44e13b40f816,normal,none
a3d630a5da6b,normal,none
186b1ddc2b53,normal,none
6b74a2fae5e9,normal,none
66f9a348c7e5,normal,none
a1c1efc0ea93,normal,none
1c3e93214dea,normal,none
a87395bc072c,normal,none
5eefaea5fa12,normal,none
d37a68ae1b81,normal,none
247676b4ccca,normal,none
cb88f69e845a,normal,none
8e6528be366a,normal,none
2b2ef26f4ecc,normal,none
eac9a770dee3,normal,none
8f8b7acd582a,normal,none
917396305d31,normal,none
0e0f6eecba1f,normal,none
c85897b82027,normal,none
0be10083256b,normal,none
c0a1d554c18e,normal,none
47a1a50fd015,normal,none
60c174f10891,normal,none
3c127f2113da,normal,none
fa4be4a94c86,normal,none
c8abab8b6bbb,normal,none
fc43da71885d,normal,none
8c40e67108c7,normal,none
9405efc19b77,normal,none
200c28b5ef85,normal,none
1e5e0a594382,normal,none
704264c3e18b,normal,none
38db771555fe,normal,none
7dff02512b90,normal,none
bb716f42b0e6,normal,none
2eeba7528367,normal,none
1b4ab24f3fb7,normal,none
ff85c6f88749,normal,none
44e88456808e,normal,none
ef02f38dd743,normal,none
e04373761a0f,normal,none
1a3f623446d4,normal,none
a17c3311be5d,normal,none
d45530e9c0e3,normal,none
8e9676cabc21,normal,none
41bed30622e9,normal,none
53003ce90c5f,normal,none
098c33ecfdf2,normal,none
2f55a2484ca7,normal,none
7f1566c6195b,normal,none
d8ce7888c64b,normal,none
79d0cc0ee02b,normal,none
ef9d0583d60d,normal,none
b6de47f86aba,normal,none
ba379b93db26,normal,none
9e93f73216ef,normal,none
3af74faf1237,normal,none
85877504679a,normal,none
6f138a9bf06f,normal,none
2bfbd6f9df9b,normal,none
e3c3abc6d08a,normal,none
511d24033f9c,normal,none
d8463fcb79ca,normal,none
a651fd1fe63e,normal,none
e921cec654cb,normal,none
63f87ca281c7,normal,none
18077a0c3e39,normal,none
7e8006019b11,normal,none
b4484b0d8fc7,normal,none
0f7b6d19ec6c,normal,none
ed28ac87a3af,normal,none
70b449e103e9,normal,none
aaa0023b1a20,normal,none
4b772075b344,normal,none
5b447ee93454,normal,none
ace672aebe61,normal,none
b7d6355d46db,normal,none
685575730117,normal,none
eaa2f03dfad8,normal,none
d538302c4c0a,normal,none
ec7da4e2b1db,normal,none
dadd2f96eaf3,normal,none
075c52a01013,normal,none
d9602a5c822a,normal,none
9ef13bd3e131,normal,none
067c9efe98ab,normal,none
13bc9b5914ec,normal,none
a7d668a48e23,normal,none
2fcb5aeeeb69,normal,none
0253abceb7db,normal,none
a3eb9ac7646b,normal,none
b4456fa8e08c,normal,none
421eb9886090,normal,none
7b74cde66e65,normal,none
af07c9cdaf58,normal,none
c0aa5cc0e09f,normal,none
d4826b98b7e2,normal,none
b9fb941287a1,normal,none
991e7fbc6f02,normal,none
5ea52191f593,normal,none
ee49171767db,normal,none
31eb13051da7,normal,none
678ce191367f,normal,none
436459c49443,normal,none
8b2b020d8081,normal,none
bd0e2de70265,normal,none
1b8001cb5c30,normal,none
c5bad8487b99,normal,none
6a9ffb6cbffe,normal,none
14069ede4ae3,normal,none
c8fb65d07933,normal,none
b444ed874a52,normal,none
f680afe56b95,normal,none
c69862d7f6cb,normal,none
dc13db18e886,normal,none
3d3cfe029797,normal,none
384e6da30f73,normal,none
66cc6b8421cb,normal,none
bcc45521512b,normal,none
6035924cb14c,normal,none
cc66cdacd72c,normal,none
f9d52844f11b,normal,none
58369aa8a160,normal,none
30ad2b88bbf1,normal,none
7dbc6240f025,normal,none
84414dc89a8f,normal,none
102dc2123e47,normal,none
10ef35d6ffee,normal,none
bd0eec8b64e9,normal,none
62f9b7bdae1a,normal,none
a9ce8d77dba6,normal,none
19a16c2e7ea6,normal,none
bba2d62ac7c9,normal,none
30f6a48cf001,normal,none
d10b18cab4dc,normal,none
d39290c1cd5a,normal,none
9775f10479c1,normal,none
4555a05a842e,normal,none
2817a9a210e0,normal,none
b09018fc3c18,normal,none
c50444930d93,normal,none
86fc02fd8524,normal,none
9da7a4540a3b,normal,none
cfb372c5015a,normal,none
021b7c535e16,normal,none
78a72bfc019e,normal,none
fd3c742cfafd,normal,none
350e893ff69a,normal,none
010a25767d6a,normal,none
5fef5f97ccd0,normal,none
cf4da3008404,normal,none
7acb4ac728d9,normal,none
9b099eca7784,normal,none
c672a3d5c619,normal,none
b1d7a23d5712,normal,none
575d4b1d103a,normal,none
5575aca3a87f,normal,none
bb75fb1128e8,normal,none
6e0dd3b4627c,normal,none
735d73a222da,normal,none
a26af26b29dc,normal,none
cfa4996d2549,normal,none
99b9cf96bdd9,normal,none
dcd4226f9e2d,normal,none
4d6a83849601,normal,none
49d8a9c35856,normal,none
845b1c7d3923,normal,none
49dd75177dcb,normal,none
8178656ef276,normal,none
72297e072172,normal,none
f6e1c155a7ee,normal,none
13308dd78fac,normal,none
545b2b89b634,normal,none
d929d99ecb21,normal,none
f55df95f478e,normal,none
1adbd17476f7,normal,none
9d66ab49983d,normal,none
234c2fbc32e2,normal,none
64104afb5f81,normal,none
292a8ab58caf,normal,none
0be3019e27b7,normal,none
e05608dd95b4,normal,none
d58c43c2f800,normal,none
d28f6681825e,normal,none
58c4a25cbd77,normal,none
3a324894c168,normal,none
47ed0e9db4aa,normal,none
a14c3d208513,normal,none
054347884aa8,normal,none
c7802155c6f7,normal,none
d3d60f43243f,normal,none
8d081802166b,normal,none
477d54a6c74d,normal,none
dfff4425107f,normal,none
666b040ba74e,normal,none
dfdfd50332ad,normal,none
e2b53816a269,normal,none
a509728dd94c,normal,none
aa173e2d29fc,normal,none
e97b7385b500,normal,none
2f53b0d9db79,normal,none
011436c60cd8,normal,none
c1232f5141df,normal,none
79d4d2c1f083,normal,none
a15262a5cc7b,normal,none
ef881ba3f6d1,normal,none
32a053c0dba6,normal,none
9faf09e8216e,normal,none
d5ae2c29a546,normal,none
d0a195196e67,normal,none
87e3fb704153,normal,none
fb7fd08413ba,normal,none
d3001c048a68,normal,none
5f24afdaa9a0,normal,none
3b80f4406239,normal,none
959b119e7974,normal,none
fa593045fedd,normal,none
6278c6ad403d,normal,none
826e0118b37a,normal,none
08f1d9e9eebe,normal,none
e68c1001a3dc,normal,none
8cabd6efdea5,normal,none
6ff066aab18d,normal,none
3f460c65f221,normal,none
d90cf0be5d71,normal,none
a0459d642fdd,normal,none
2cb9cdd1d48c,normal,none
0ea8f6ba105d,normal,none
8e93ec6cee3f,normal,none
45a8b0175e52,normal,none
921d4b580234,normal,none
5b1707b3bc6a,normal,none
f7e2be77750b,normal,none
30784295b3c1,normal,none
60971ee83f48,normal,none
fbad63034d6b,normal,none
0639fac3cf13,normal,none
624e8aa967f3,normal,none
00f2310d9ffa,normal,none
dae8d051298b,normal,none
d3c28e946443,normal,none
f6ecf1fd6765,normal,none
2e85a77d2bab,normal,none
6970cfd12762,normal,none
17b04e2164e5,normal,none
c85c5fc4b1d9,normal,none
6657430e748d,normal,none
4450c1bdb1fa,normal,none
b03e077e9496,normal,none
fbe948b988ec,normal,none
4863208ee3d7,normal,none
43d13e361905,normal,none
11f609ce74f1,normal,none
24f2f79e7e79,normal,none
8e851a0ebbec,normal,none
8f315a2d473b,normal,none
83d803b55d28,normal,none
64d8e02b52a5,normal,none
4ada4e569be7,normal,none
be59ea262883,normal,none
29e90b0855c4,normal,none
812ec3d1132b,normal,none
a9af892670e5,normal,none
f57882ba9cdc,normal,none
65bae43190a2,normal,none
4d041f5800ab,normal,none
90fb9a09c5a1,normal,none
ef6ae669b1fc,normal,none
4303abaccc9b,normal,none
4a5c28736881,normal,none
a213a81259b4,normal,none
fab3b1d7871f,normal,none
9144a01c6488,normal,none
d829f368c1a4,normal,none
f63cc7217a2f,normal,none
10fa36c312aa,normal,none
e06b624f24cc,normal,none
98bbbd7fcef0,normal,none
0e3b2bb26d39,normal,none
78b70b95d3e7,normal,none
6f44fb41b3f4,normal,none
4d1d10b9e1d5,normal,none
a0de687d41f5,normal,none
607458d499f8,normal,none
ea120ebd6357,normal,none
76f028ee328d,normal,none
bf142469a26a,normal,none
79b543d1c9c5,normal,none
0ac88a3d88c6,normal,none
30c66163f1c0,normal,none
77923850b933,normal,none
c50287cc6577,normal,none
19fcca4a7821,normal,none
b9eec4a0c600,normal,none
a1ec6414c211,normal,none
8f6f8d902b30,normal,none
9cef8147a250,normal,none
210f6abf946f,normal,none
4b060b338924,normal,none
353f79fcb161,normal,none
4f508779a419,normal,none
8df2e7433c14,normal,none
9e284f60301a,normal,none
17517b72c1e9,normal,none
2625725df6eb,normal,none
92b178b74e2b,normal,none
80b51e235f03,normal,none
74bb16f0d9d5,normal,none
468fccfc5c5b,normal,none
1e63e3d4fbc2,normal,none
f32b7a033c54,normal,none
aa7fef72d585,normal,none
851efb0e3ba1,normal,none
e4db8a384f35,normal,none
960e54fef35f,normal,none
f9daa66530e4,normal,none
bd87e4387baa,normal,none
8fb86cb106e6,normal,none
31bbbec1be5e,normal,none
1219729a7ff0,normal,none
191c16731d45,normal,none
d96ad3be7e85,normal,none
b3d116c042ba,normal,none
22dfd6b5c25f,normal,none
38673f69f4d3,normal,none
93d7a74a7ae9,normal,none
147caa939626,normal,none
a3c037de2f26,normal,none
73616fa04021,normal,none
877dba869c8d,normal,none
ed9583b3d159,normal,none
586aea22c83a,normal,none
504bb89d8156,normal,none
5b5a1e5be6ed,normal,none
94aa2fb460af,normal,none
76e6381a6a9e,normal,none
b0edd596d55f,normal,none
d06b76fe0b1a,normal,none
e8b4caac0be2,normal,none
32b104788864,normal,none
e7bdf6fad541,normal,none
a71dbd8a4536,normal,none
816e11f1f47b,normal,none
8680f3b05eb1,normal,none
548ab94e7ca1,normal,none
eefe62bde785,normal,none
aeb90f557b5b,normal,none
4f506bf3d4fc,normal,none
1597bbc633f5,normal,none
840d7fd55c19,normal,none
358e1e9901f1,normal,none
06b64b680fae,normal,none
f4e2dda78b2a,normal,none
bcc00490b8d6,normal,none
7159e966e5d2,normal,none
f3eec6f95765,normal,none
0a79216e00cc,normal,none
48d23bea2102,normal,none
808c73f50fa6,normal,none
27eba91eb006,normal,none
9872e3b437a8,normal,none
a524164142c2,normal,none
a6f62d4a7e93,normal,none
6cfa1bedc7f6,normal,none
dc61dc889624,normal,none
70d5acb6f5ec,normal,none
a19e1ac1ced5,normal,none
7ee6c9783287,normal,none
8a497dce016d,normal,none
db117a60368e,normal,none
18a8e4593152,normal,none
a8702dab6a4d,normal,none
9edb10eb26e9,normal,none
9a3f7106d637,normal,none
2272dd80f2e5,normal,none
b2f1b92fcbb7,normal,none
00d95793c881,normal,none
a90c483af8d5,normal,none
5f90b8a70eb5,normal,none
5df22d621da1,normal,none
68097b976789,normal,none
d45ebf1da2b0,normal,none
52401c75bca4,normal,none
4b44bee29f7c,normal,none
fa41fc3b1a4c,normal,none
09cb13eb8800,normal,none
80049bbc382a,normal,none
42b9d0b2fe78,normal,none
68a37d030aca,normal,none
18a190ca8ee4,normal,none
81bd2c573c4a,normal,none
d0f4a52963b2,normal,none
a816bf8e4881,normal,none
8316f390fdaa,normal,none
2eecb17a3b03,normal,none
25ca42ef1b6e,normal,none
237f5bf24c11,normal,none
b5752731393d,normal,none
cf2df1b97604,normal,none
073458156067,normal,none
5c589d6736d1,normal,none
4932d10af3eb,normal,none
065e7ff13a32,normal,none
5fceb0ed5bed,normal,none
d3d1b83abf48,normal,none
79e87e4fe19c,normal,none
8ab7526ccd70,normal,none
e95606e6665a,normal,none
1a0114beda1e,normal,none
2ad655d0899a,normal,none
97f3fbf5cab6,normal,none
4775f3b3c762,normal,none
19e498008d74,normal,none
aaa9ff174596,normal,none
912d5d7b16ff,normal,none
6b30e1b679c7,normal,none
0f08e1c96756,normal,none
4a91a01a0f74,normal,none
5947e9449ed1,normal,none
683190b4b1de,normal,none
c4a077509b6c,normal,none
14b7528dec28,normal,none
50273b07ec00,normal,none
509fc6f6f580,normal,none
df14b74fe0f4,normal,none
353a65b23c96,normal,none
56fd8a23e95a,normal,none
1a55a29271fe,normal,none
822c00a0a2f2,normal,none
001490164f3e,normal,none
0cdf5a86e473,normal,none
72977132b96d,normal,none
145cc7855603,normal,none
16a4f21dfb25,normal,none
9ac23419791e,normal,none
96df83e072a3,normal,none
0495fd7fbd5f,normal,none
e8bf4ff7656c,normal,none
94b4676270e5,normal,none
55a3730449b1,normal,none
6f6f176b5552,normal,none
abbf99d718b5,normal,none
8398740da8bd,normal,none
d55f4dedbf69,normal,none
7bc7176cfeb7,normal,none
da6064877237,normal,none
5089114d03c5,normal,none
8e3b314420ac,normal,none
bd46709255b9,normal,none
4fe5faf1b600,normal,none
7a3a165b55ac,normal,none
06a1945b1e4d,normal,none
617209e65516,normal,none
fb8707fa3bef,normal,none
02941f00592a,normal,none
496573e574dd,normal,none
7e30861cf7f6,normal,none
935b3dee47e2,normal,none
9520d7cbfc0c,normal,none
2a0bde3822d4,normal,none
9df7c781e330,normal,none
e60718a5f04f,normal,none
61fd898e1120,normal,none
092d67a2cfdc,normal,none
971ca125ad19,normal,none
674c3fdcfdae,normal,none
1e2d2758016a,normal,none
7fb1584d1278,normal,none
f9783aa31044,normal,none
dc2c2184c104,normal,none
f7524a37b127,normal,none
622c134bec52,normal,none
ee0de17a9f28,normal,none
ea356dc1c6d5,normal,none
94dfce5ebbc0,normal,none
52e5f8bcb3c7,normal,none
9379168fb023,normal,none
83a2876f196d,normal,none
2ab23f4b7637,normal,none
fde96d99cd08,normal,none
e54eb0f12332,normal,none
b05101a175a7,normal,none
e0db40c49326,normal,none
053f61707914,normal,none
345603b7747b,normal,none
50f205e15656,normal,none
68356a8a1ee7,normal,none
409f46be5e92,normal,none
1563e6cb3a23,normal,none
3ba33a68a074,normal,none
b0b0ac6047d5,normal,none
38fb20ee5cd8,normal,none
bee0ec809d38,normal,none
7e86261fbd8c,normal,none
7f75e0605811,normal,none
ddac904de518,normal,none
20f65d223e4b,normal,none
87fa8c4cd85a,normal,none
c5301ace77ac,normal,none
e2fdcdd27bb8,normal,none
e5d20c9f2969,normal,none
4f38dc2b4b61,normal,none
ae92ba1fb008,normal,none
45c957f3814e,normal,none
065fdb712047,normal,none
c82705aaff6e,normal,none
90f54b9fb018,normal,none
1ab57a694173,normal,none
ae1d38765ecb,normal,none
88227c943152,normal,none
7666c7168493,normal,none
7e2c507a916c,normal,none
4345a34addaf,normal,none
bd23fa8b0dad,normal,none
7c04e73aaa1c,normal,none
65d64b37256e,normal,none
59c7af9aa647,normal,none
aa383196c06e,normal,none
85eb670dbf50,normal,none
8a96c6035c20,normal,none
bd93ac0c33c5,normal,none
e60ac692f3bf,normal,none
396a11f86788,normal,none
daa38a1491a0,normal,none
9d9953e7a3d8,normal,none
02e7632edcc5,normal,none
a1e87435aa54,normal,none
46b64c81037d,normal,none
ad42564401ff,normal,none
13782088190b,normal,none
6a6b9e752c62,normal,none
687c176c6e88,normal,none
9495549d5ef7,normal,none
1f4b8cd9959c,normal,none
467632fcc09e,normal,none
393ee03a5cf1,normal,none
a182cc0ebbc6,normal,none
266320b9f09a,normal,none
08674680206b,normal,none
d0c893f05a31,normal,none
6f13ffeb3846,normal,none
8fe6225de848,normal,none
43440ac10a3e,normal,none
2c214fafbd7b,normal,none
cc0af752cbfe,normal,none
ff8cd2a9adfd,normal,none
84896d6cc2a7,normal,none
36642bda4ea9,normal,none
700368595fac,normal,none
e2ca38afb795,normal,none
8ff5947b4002,normal,none
b6b6e0dfe7c7,normal,none
f4385f11f5f1,normal,none
bef5aaa761b6,normal,none
e0bb61381f06,normal,none
c4185a795fcb,normal,none
c96b4216008f,normal,none
2bb8ad2f8165,normal,none
29b1dc8d6f79,normal,none
28dbb01db6f5,normal,none
e9a60e97e294,normal,none
75039fe45aa9,normal,none
1ea7afecd75f,normal,none
df4c20cd16e7,normal,none
79cf189dc188,normal,none
cd7e1470fae6,normal,none
c0d9c1fe1e5e,normal,none
f1f6d5920be0,normal,none
3ba57bbfb871,normal,none
75e9159c5df0,normal,none
4ea41b3d62f1,normal,none
6424ca27eef8,normal,none
6c0de883219f,normal,none
87ce8ad98dcb,normal,none
7e8f646f05e0,normal,none
df256357d244,normal,none
6953f6de39f0,normal,none
0b0e981b8eec,normal,none
da9c92e94425,normal,none
e6cd0c58fcc3,normal,none
7bb8107730c8,normal,none
463f9af30cea,normal,none
119be3fbc970,normal,none
874760233242,normal,none
2c5b9244f1f1,normal,none
1dd9de582a30,normal,none
eb1910c3e8ac,normal,none
9209398c0283,normal,none
ebfcc4d516b6,normal,none
970264ce31a8,normal,none
6d77d4d1b92b,normal,none
cd3f671b4615,normal,none
7c95bbc737aa,normal,none
66abba817a1e,normal,none
8ddb94a529fa,normal,none
e9793b8a547a,normal,none
374d8b83dc53,normal,none
4e1cd3d40eb3,normal,none
e1f2f930bd15,normal,none
9789a6f09fa6,normal,none
435696f77fea,normal,none
03938da5f769,normal,none
5fddc961b4a6,normal,none
dd681933c89d,normal,none
5ab5d10d540c,normal,none
ef98cf7d66a0,normal,none
401684def5a3,normal,none
ac03bf8b57bb,normal,none
64b5382e2e25,normal,none
83bfa4fa62c6,normal,none
73e8ae7c34ef,normal,none
932625104ff3,normal,none
4c052c1d1ed5,normal,none
13580102e7e0,normal,none
4fbed10919b5,normal,none
f8e5a4576b1f,normal,none
07e870836d22,normal,none
ad3cc4c2e98b,normal,none
ab9f8b3eb997,normal,none
3108418cb5c2,normal,none
41552445465a,normal,none
06b00013b4d7,normal,none
5e87329b09fe,normal,none
12204b952312,normal,none
624d9a06e3ea,normal,none
ad6e39f746f2,normal,none
21c1c44a1ecd,normal,none
7b7ab77522e5,normal,none
a2f5d3a15808,normal,none
fc85c1adf8c7,normal,none
991c78a5c601,normal,none
4b765d19885d,normal,none
25c622cf79fc,normal,none
c837c0cfd280,normal,none
1c2a64e4adbd,normal,none
774eeafabcca,normal,none
3b3271589d2a,normal,none
5b543e1fadd3,normal,none
d17604701cb2,normal,none
81eabd2271dd,normal,none
10e5344abc6d,normal,none
8aecb32059ef,normal,none
4cc18832f6b7,normal,none
65f527f945ca,normal,none
8563b7ceb686,normal,none
e10c0eb4f440,normal,none
2341f8a242fa,normal,none
7157eddd608c,normal,none
1bd57c8c21d6,normal,none
94b4896c89b9,normal,none
5b196fddeb91,normal,none
0c330c4e2549,normal,none
0f285a9e80c9,normal,none
6908d1fa3a47,normal,none
a0eecf428baa,normal,none
33991a57b756,normal,none
36bff334de0f,normal,none
34372fe8159c,normal,none
be6cb3e3499c,normal,none
ecc331efa852,normal,none
1d96206143f5,normal,none
17e10151a611,normal,none
4eda530c48ab,normal,none
925fde0c567c,normal,none
1bee4ff1a525,normal,none
d54a59dbfd85,normal,none
3336a9073234,normal,none
15a0c4a06ca4,normal,none
13fd96174d18,normal,none
969d90145afd,normal,none
a55088e1ce0c,normal,none
e10289a101d0,normal,none
bf4ae6a29172,normal,none
65998cecfd06,normal,none
3dfda49e0300,normal,none
55e5986332aa,normal,none
41250ae2b6fd,normal,none
9333ebb34699,normal,none
aa58e386a445,normal,none
a748ff7a6de2,normal,none
a0ddf1368446,normal,none
74c665f615ac,normal,none
95871b9628b4,normal,none
3a7a39b26117,normal,none
d39d8b84c733,normal,none
6dd41e6bbba6,normal,none
f78d03a24f79,normal,none
531b49d48cee,normal,none
db865067148c,normal,none
662af3943689,normal,none
fcd883618eb5,normal,none
3a01e6765fd0,normal,none
7bcb0ea23b31,normal,none
d764c389cd63,normal,none
8c2a17a8b619,normal,none
d28d077e74e7,normal,none
bcecc827afc7,normal,none
b67202380092,normal,none
937aa02cc7f2,normal,none
6831d2145433,normal,none
58a217778e85,normal,none
67672bd53356,normal,none
3724db62a880,normal,none
5083956a9971,normal,none
9e51f633b4dd,normal,none
9213f6e8883f,normal,none
7b8bf10bb7a4,normal,none
f9cfdb4c5c17,normal,none
efd6a87c253c,normal,none
e367613d8192,normal,none
30ec5a418ca7,normal,none
3a14e89214c1,normal,none
3fc42f8454d3,normal,none
a65930525647,normal,none
ca34e84c001a,normal,none
a7bccbef28b2,normal,none
69e9b2093654,normal,none
10a9537d32dc,normal,none
fdde66334e39,normal,none
7407751014ed,normal,none
0d04a3da9412,normal,none
347b523d39a0,normal,none
23bdcc422b4f,normal,none
1d6de7fb1213,normal,none
c6d3c1a9ec41,normal,none
172bf0c4ca39,normal,none
62d1fe7562f9,normal,none
e5bcc4f731bb,normal,none
c545811e42f6,normal,none
a17a8e9312f7,normal,none
623dabc609f2,normal,none
e9e0d0e521ae,normal,none
58621a5041c2,normal,none
680a05ee2ddc,normal,none
22852d3e797a,normal,none
2d0cfb41d085,normal,none
9be8fda78df8,normal,none
6f13d4c2d31e,normal,none
882dc3c49051,normal,none
99ad3b1f8d26,normal,none
32ad3cedcc38,normal,none
4b98c92b23a7,normal,none
5b9cb073365b,normal,none
167712e5ca44,normal,none
7b7fda3aa0d1,normal,none
d6e0db8d272f,normal,none
4beb737cb980,normal,none
0d9044f79708,normal,none
71f4de250430,normal,none
de34b572afef,normal,none
b3556ba77613,normal,none
6a75c04110c4,normal,none
9ff78d25350c,normal,none
4406ad60df94,normal,none
9daba85eb38e,normal,none
ddcd066ce8d5,normal,none
d71ce2aaf81b,normal,none
ceab05c28d9c,normal,none
a8bfa9c014cd,normal,none
1d96913770d2,normal,none
423cb845bf6c,normal,none
bbc9413e270a,normal,none
8c6d82b2637d,normal,none
b975e8a00998,normal,none
0c28514ec256,normal,none
fe0beeabb96e,normal,none
be468dff87bc,normal,none
b23770a8e3e6,normal,none
0e377a266160,normal,none
9d80e4543e27,normal,none
7cc636107d57,normal,none
caa631a71c79,normal,none
7a51e6232693,normal,none
f8d2e95aa55c,normal,none
e46ac7fcbae4,normal,none
3096e1aca500,normal,none
2628b0b16a84,normal,none
038fa73da920,normal,none
a1f1cada9af8,normal,none
ac491ce7f25d,normal,none
4894d6fb8781,normal,none
db2e78ce731d,normal,none
0839c188d14c,normal,none
a5f1b3012df9,normal,none
69cc408da65d,normal,none
dc9a10ccd072,normal,none
6d52edad7c8d,normal,none
cbc3636e9704,normal,none
1f47694c6056,normal,none
1630cb062ae6,normal,none
eca19a9a8d83,normal,none
d83ed67d94da,normal,none
d08eefba1926,normal,none
8269a72ac091,normal,none
946897221e8a,normal,none
3d427fc5201f,normal,none
2dfd90b5db01,normal,none
83d8176ec8b6,normal,none
360c92af0370,normal,none
a6a0af7cb604,normal,none
2255943a1836,normal,none
e397a09af468,normal,none
ea60722a14be,normal,none
68b8674b4d00,normal,none
8bcd83d8fb0f,normal,none
0cfabd6390f7,normal,none
026021ec7a78,normal,none
03331b9bcd72,normal,none
72ed9a47fdbb,normal,none
2b8c9f7052e4,normal,none
b066012a94b0,normal,none
95b9cc95db5e,normal,none
ca2f15491301,normal,none
2af1127b32b7,normal,none
72b234825c23,normal,none
8ac1e5e47a13,normal,none
93a07892a7a8,normal,none
70be9769402b,normal,none
08b8ca3d23ac,normal,none
7ee6f8d182bc,normal,none
245188329d8f,normal,none
894753c9719b,normal,none
d7560f31429d,normal,none
4b3f10d60ffd,normal,none
7db4fde1ed93,normal,none
5393657f78e9,normal,none
550885349ad4,normal,none
58a7efc530f3,normal,none
32a54aee46e2,normal,none
04285250f8f9,normal,none
5bf6959283ef,normal,none
93fa34634823,normal,none
dd721c30c8e7,normal,none
8c0e97056909,normal,none
f3ddd000548a,normal,none
953c5889b447,normal,none
9433a4869f92,normal,none
d5b5b2f5bc1b,normal,none
31b54794852a,normal,none
efadcda6ac04,normal,none
f5fa4add4284,normal,none
5c1e72afc13e,normal,none
b6a005a6b72b,normal,none
422041e82662,normal,none
a3fc3ffd3f39,normal,none
1968421ca827,normal,none
b8efd8a46fcf,normal,none
d01c02bafc85,normal,none
d196bd1f121c,normal,none
e41f020c0a1d,normal,none
c92c64ae4e6a,normal,none
b045b6438cb9,normal,none
2553c57e643a,normal,none
0dd5753bcc2f,normal,none
c734a05f119b,normal,none
12efd3d55494,normal,none
dff2756d01a5,normal,none
a4e5a3ecc484,normal,none
7959c9b3b800,normal,none
1cb966422793,normal,none
aa165e3896ae,normal,none
545e9298789a,normal,none
35986639cbe0,normal,none
b1776588d818,normal,none
4cdb20544361,normal,none
3bc3e38c7b3f,normal,none
74005b3f21c3,normal,none
cbf4fad1c22d,normal,none
7a0d3f4f6d0a,normal,none
709b317e256d,normal,none
1f5fef6a584b,normal,none
db2f0891dba3,normal,none
82712352a9a1,normal,none
18bdaf4baf0e,normal,none
c6165b74b64e,normal,none
b9fd0fc16ca1,normal,none
d0d474bc6a8d,normal,none
9fab0b763a36,normal,none
d0fa9021b2f8,normal,none
8cbbc58fedbb,normal,none
66178f1548f7,normal,none
71f39e22c22d,normal,none
34d4ef14a407,normal,none
1b83946aff95,normal,none
2481929318da,normal,none
fbdf35ad30fe,normal,none
074955b7c15d,normal,none
2d31c92d6063,normal,none
c138b2429c8a,normal,none
ea67f06206e1,normal,none
bfbdeb809f38,normal,none
181bd8133b29,normal,none
7672435be001,normal,none
38188a125d26,normal,none
1b9d514c8196,normal,none
36b200ccc7b0,normal,none
d8477b302a33,normal,none
8fbe795ba54e,normal,none
eb64e0a331c8,normal,none
22f3a674ef58,normal,none
1fe3cf869d81,normal,none
0ad85022edac,normal,none
83fe1816561f,normal,none
4a98349f733b,normal,none
4c7334f8e4d3,normal,none
6df2e0fc7fcb,normal,none
922da88381d0,normal,none
0b2d3f119659,normal,none
51168643f5ce,normal,none
a6e6d22fa9ab,normal,none
faa4097a0fe1,normal,none
8953dac20be8,normal,none
b013c428fb9c,normal,none
e51538e6a8c6,normal,none
ae36d1f47493,normal,none
de4f31480409,normal,none
36d8eac31613,normal,none
3447dec72769,normal,none
c3e6727fb96b,normal,none
7573a2a217aa,normal,none
a98802ffbf42,normal,none
4ecbb5cba0ec,normal,none
e23e40799b0e,normal,none
6151e83ad873,normal,none
1a942c9ac903,normal,none
929fa21e736d,normal,none
be873b804433,normal,none
b317c800421f,normal,none
5668566a41df,normal,none
d78a601b72f7,normal,none
00618906746d,normal,none
d1993791e86c,normal,none
3efb3ed8868b,normal,none
a2191e1f605f,normal,none
91b5e354894d,normal,none
efc9cdf3aa8c,normal,none
1432e00b3b06,normal,none
9602f8e9accd,normal,none
35f5031b5ac4,normal,none
6b19c2e21546,normal,none
b7225b507952,normal,none
e6c2534dd65d,normal,none
487d4693beeb,normal,none
c462a2fcaa26,normal,none
f157f83e18dc,normal,none
4ab13da8616e,normal,none
1bb4ba5a0a84,normal,none
5a9a68e22ad6,normal,none
e40671822f6d,normal,none
422596842196,normal,none
bcd3153cab0e,normal,none
944aa8662517,normal,none
eaa6c228f110,normal,none
e6474841ec2f,normal,none
e254146dad7c,normal,none
2ebe52ed82ab,normal,none
eaf495c38eb4,normal,none
0afb4d42be4d,normal,none
ad9dd04ee227,normal,none
710807d29067,normal,none
2cbf1b61163c,normal,none
c9fda37fd518,normal,none
eaee6fbe6b29,normal,none
498c5a191b09,normal,none
9dde5894a95f,normal,none
bffd154b97b6,normal,none
14f92e254da2,normal,none
f5be8009fd22,normal,none
199624ab795b,normal,none
a85e098a747d,normal,none
807481e62d5e,normal,none
67bf78a82e5c,normal,none
d54eee37dddd,normal,none
14917d77d385,normal,none
b6bc7f8bf07a,normal,none
8d1cfb12af24,normal,none
5b0645474a0d,normal,none
67cd206626a2,normal,none
cefdfc5ca96b,normal,none
5246da3c4482,normal,none
229be370e0f4,normal,none
b52bfc9d6bf3,normal,none
b2272c8c4c11,normal,none
f69a73ff71c6,normal,none
d3dfc2f3d76f,normal,none
73c32f804613,normal,none
5f25f62f08c2,normal,none
c75164b904d5,normal,none
1ed0f43cb3a9,normal,none
b1c49daff17f,normal,none
8d985e8c6916,normal,none
80b2604270f4,normal,none
b365a995db1f,normal,none
449c3779a8dc,normal,none
1639636d6179,normal,none
8152ae25fbc0,normal,none
98c20b19bc43,normal,none
a7844b0d89fe,normal,none
4a04c7ed6daf,normal,none
7f9a74374423,normal,none
b870ffeaff92,normal,none
655ed10fcb04,normal,none
5a1d9f815dc7,normal,none
1371d90346a6,normal,none
9489753367e1,normal,none
18e03838f90c,normal,none
cab4af59d1e6,normal,none
55c4eab408b0,normal,none
0d8648979d44,normal,none
ec5d5682d173,normal,none
d73053810f78,normal,none
c49ff64cc5ed,normal,none
7b7df3b9a845,normal,none
7e0b174e07d1,normal,none
af67cdb859eb,normal,none
040d14f9d26c,normal,none
b72cf2b26288,normal,none
23fa59383860,normal,none
1f9f93e686d3,normal,none
aafb0a677880,normal,none
08a424b3776e,normal,none
69ae32a0f6a3,normal,none
be7c90300b9b,normal,none
5eebd45799e7,normal,none
5375df5a9b77,normal,none
e92e9d020829,normal,none
20c0320788e1,normal,none
4b0e6c1cbe5f,normal,none
1a4b3c492d23,normal,none
6e5839aa9a4b,normal,none
b1d250ebc0ae,normal,none
1c2fc6827e3d,normal,none
dfcd53f7ee24,normal,none
1d376c2bbbc8,normal,none
1f2a2262c9f0,normal,none
8fad4f537a8c,normal,none
430149107fbd,normal,none
066382bc3825,normal,none
4960cd63f758,normal,none
51f2cfb4f91d,normal,none
7a1f0faf9742,normal,none
e776cd5f2d3d,normal,none
3c297e1f2fc7,normal,none
c682ec4d17e6,normal,none
f6d9a70937aa,normal,none
f86568c389e9,normal,none
b47ddfea5d77,normal,none
74925f149e85,normal,none
ca7767af7162,normal,none
f5045d080614,normal,none
c17b38b671ee,normal,none
607ce51a25d8,normal,none
e7af67e8a17a,normal,none
7b506938182c,normal,none
a11625e43e7c,normal,none
26a34d0ee24b,normal,none
ee2c470d3a6a,normal,none
19aa71c3d45b,normal,none
9dd23321389e,normal,none
b9b9be1da9fe,normal,none
42d674b19852,normal,none
d896c6a823d3,normal,none
8cadc8494f5e,normal,none
bd9a315aec6b,normal,none
e41eb737d102,normal,none
68ac38af14de,normal,none
32ffc719b512,normal,none
43655a882e4e,normal,none
d5e524629012,normal,none
c16c741b8d58,normal,none
240da41af379,normal,none
774322c23870,normal,none
62f3875cbd6d,normal,none
672ba3c09204,normal,none
a94ca56dd301,normal,none
b00742cd920c,normal,none
35797245b943,normal,none
30d4ddc59782,normal,none
140e7e832e1f,normal,none
12a9fe4af14b,normal,none
e6af788af6ad,normal,none
0b61fa54cc8e,normal,none
d148868395e3,normal,none
8d049cecba77,normal,none
ce0b11d89a2a,normal,none
398c236bfc33,normal,none
580651716797,normal,none
797132764008,normal,none
8baa8009f7a3,normal,none
163a791f7140,normal,none
6bda67157005,normal,none
dfb2929d58d9,normal,none
81fabdf69676,normal,none
7cf1ce3d577a,normal,none
709f67a35e40,normal,none
22357110c5f9,normal,none
0c6bec7bbd5a,normal,none
eb05bd70ac09,normal,none
0ea869c70ca7,normal,none
93f45d8ddaf3,normal,none
e3de632b7df3,normal,none
341cd7ff4e84,normal,none
0060ef7976c5,normal,none
a3b6fa2304fc,normal,none
5b141456bae7,normal,none
d00fc1d69f57,normal,none
0cdc15e52772,normal,none
b5ea0c8db1c9,normal,none
c3b49640518b,normal,none
89b797c6362c,normal,none
cd8b351f1385,normal,none
ed2efdd591d0,normal,none
2db779467b46,normal,none
98d065eb5b80,normal,none
8bd7526aa103,normal,none
047fe1ce5291,normal,none
b2f032cc90f5,normal,none
4165e5a1ff1e,normal,none
fd8989196836,normal,none
9ec8884b96a2,normal,none
2adbfb4a3bd6,normal,none
181f87c68641,normal,none
429996476ef2,normal,none
b3e2fa007ae2,normal,none
8c5325526427,normal,none
609f9dbfaf39,normal,none
0a2de955dbb9,normal,none
c55b50f5ba61,normal,none
128e9ede3732,normal,none
a6fb8f986821,normal,none
7aab1997380c,normal,none
905978b7366d,normal,none
e57519129855,normal,none
599e007bd3f3,normal,none
471cd7608c80,normal,none
34a5743587c6,normal,none
16f4ff36125e,normal,none
3a87103f1f51,normal,none
1b2bcf7fcd9d,normal,none
f54dd37ac822,normal,none
2e87d4936ed6,normal,none
437c596f0ed8,normal,none
eacc7486376b,normal,none
d4881166228a,normal,none
0115432ae0e0,normal,none
750e7c9db74a,normal,none
abd29cb3e607,normal,none
c3134c7ebb00,normal,none
abbba940c6b0,normal,none
45d5eaefe7e2,normal,none
d78c3b513d94,normal,none
6256497a5d9e,normal,none
8fd87d4319b4,normal,none
53fa7e2c5bca,normal,none
cb6f462e6b91,normal,none
0698e9b07e14,normal,none
60c8606c19ff,normal,none
569c32420b40,normal,none
074150ba5eac,normal,none
143b0c7b54de,normal,none
ae936ffdfc54,normal,none
f3de437d859a,normal,none
8bdfc02d985a,normal,none
12ca75d15bab,normal,none
eb8ee2c92d62,normal,none
0495fd7b3043,normal,none
a128d6cbf245,normal,none
fb7abb7e1333,normal,none
addd7aabf2d0,normal,none
4a13729d0347,normal,none
f5ddda6b1c51,normal,none
dbdbf27069af,normal,none
9a24ebe7c521,normal,none
32fa14617820,normal,none
c947336be633,normal,none
ada6b10ce4dc,normal,none
0c10913c4c24,normal,none
7ca9b58b7889,normal,none
246cae4e9729,normal,none
1a0e3e0457e5,normal,none
f510456b9d17,normal,none
72da86c09ee2,normal,none
07c4b3572744,normal,none
c71f6ab43a95,normal,none
13a83e6793fc,normal,none
5be72f3b68e0,normal,none
7fabce6eaa2f,normal,none
8fa7ba417cfe,normal,none
5e235f657556,normal,none
46797fe407cf,normal,none
569dd03d6be4,normal,none
2377eb880c4f,normal,none
e36ee1fccf08,normal,none
10d58fb52bff,normal,none
75d7a7f69abe,normal,none
d07215bc430d,normal,none
698503d544d8,normal,none
d7c80f7665e1,normal,none
42932a7f46e0,normal,none
0a356ea6dad2,normal,none
37162b3414e9,normal,none
0d4cd6d9b4a8,normal,none
a94254c06319,normal,none
c4a7eb8033a0,normal,none
886e2df669a5,normal,none
54b652b29140,normal,none
1f9b18b36f18,normal,none
914e49dcd6a9,normal,none
92f92f923155,normal,none
938525b31825,normal,none
34bacce46098,normal,none
1216a310897c,normal,none
7a4a2d36ffa8,normal,none
8b8d6bcab9f0,normal,none
ac9ec50cf574,normal,none
92b9e66f5132,normal,none
a395046fb78b,normal,none
2d064f0b01ef,normal,none
aecd8498db04,normal,none
68ca014896a0,normal,none
d485e61167ae,normal,none
96aa9c23ca93,normal,none
bd06b053621d,normal,none
7bc79636e9aa,normal,none
8b3e7c4af050,normal,none
2f9aafac4394,normal,none
9c19ea0557ac,normal,none
15dd0b5d4416,normal,none
1e3fdc0a8f59,normal,none
5ae93993bdb1,normal,none
02462aa47096,normal,none
225dd8ee288a,normal,none
a9f38956b769,normal,none
64c2a5d10a5d,normal,none
f979890e80b9,normal,none
e5dd7e920379,normal,none
3adcc6a7d995,normal,none
b1fc981c1eab,normal,none
d76ea6e956ed,normal,none
f38a5136ca0e,normal,none
217309c7c44b,normal,none
84ba9b4a645e,normal,none
317c152bc700,normal,none
92d86e30c1fc,normal,none
433948fb426d,normal,none
6fc464646b80,normal,none
1434e2a4f113,normal,none
7cbd76582842,normal,none
9ee12a39b1bb,normal,none
31100479ef71,normal,none
7e422a9f3073,normal,none
fc40722999e6,normal,none
596143ba2859,normal,none
8160fbef3edf,normal,none
74c5329e9fcb,normal,none
98f17e68ccd0,normal,none
3cdf33cede46,normal,none
186bfdafc925,normal,none
645afef8cc88,normal,none
5f96f1f85f6d,normal,none
2c0bcf0b623e,normal,none
3373b4b1e7ba,normal,none
a5aedb4f8f4f,normal,none
e257908eb5f6,normal,none
8359d94cf504,normal,none
fca5f54c85cf,normal,none
9f5fe0524004,normal,none
58f6917a85ca,normal,none
ed0b470abfab,normal,none
7e6640d9b93c,normal,none
b1e125c0d505,normal,none
3c258eccfedc,normal,none
c3d3f9654e3f,normal,none
db01087c732f,normal,none
dff7aa5258ac,normal,none
558600943484,normal,none
ca2313eea95a,normal,none
18451d2c02d4,normal,none
e72b7ad343f5,normal,none
f8e06f42952d,normal,none
facbd346c4e8,normal,none
34c41c8a6243,normal,none
089720d87e23,normal,none
76f99b9b66be,normal,none
86f821daed0d,normal,none
d2dd339c8848,normal,none
aad8d6a3c33f,normal,none
df9c8b1ecbc8,normal,none
395572a29261,normal,none
4e62e1aee618,normal,none
2e9fcb9cd11d,normal,none
47049077e4dc,normal,none
36dc2b027d29,normal,none
02433107429c,normal,none
f85986d3a08d,normal,none
5a48ad6db05f,normal,none
d04144a4490e,normal,none
24dac24e272e,normal,none
3e4fc1962998,normal,none
df89d0b1999c,normal,none
7d653d66f133,normal,none
ea7c3ec5c71f,normal,none
cbe5d34720a7,normal,none
bfa618886ab5,normal,none
e6bc7bb29f5a,normal,none
19219309e10b,normal,none
beee118e6811,normal,none
4525e56beabb,normal,none
aa72216d9354,normal,none
c31b0a5a0498,normal,none
026866169957,normal,none
6f7453ba5f53,normal,none
c1e14af67a23,normal,none
355603ab2bdc,normal,none
bfd06fd17cc7,normal,none
f091eba870ec,normal,none
a9972f681384,normal,none
1a2add4fc20e,normal,none
46d08d703596,normal,none
4fab2ad99155,normal,none
7e1d31f0de5a,normal,none
53ffaeb516db,normal,none
ed681ee74448,normal,none
ec3cb6354a5b,normal,none
c2063d61c36a,normal,none
bb9c2f405951,normal,none
146ee2229273,normal,none
b7cca19a05b7,normal,none
03505b25cc96,normal,none
5194cc8cc902,normal,none
f1a1f43ecb8f,normal,none
30a9d2a27ee0,normal,none
59a02823d03f,normal,none
cf7d135bcd8e,normal,none
e75d3e368d63,normal,none
33538da58aa4,normal,none
23ad3079771d,normal,none
3f73fd832325,normal,none
47514139456d,normal,none
bba4f478f006,normal,none
1c773940ea7f,normal,none
b324e64f1d39,normal,none
bd09e21a5e97,normal,none
d5fe615cf10d,normal,none
1391f1c73f5f,normal,none
6caa59f9c012,normal,none
5d10b76870d7,normal,none
351a6991fa51,normal,none
b8b2d786835d,normal,none
8aaf1c325893,normal,none
8e0a01e58667,normal,none
dfb10640cb2a,normal,none
8e3583b1823a,normal,none
0ebd7daea24c,normal,none
01aa083b27b4,normal,none
1e057523284d,normal,none
4d474c346dd0,normal,none
510820e6d9ce,normal,none
7d76cd845ea5,normal,none
9382c991880f,normal,none
555dfd39d73a,normal,none
fb537ace478f,normal,none
9c0255439c7d,normal,none
51d6b06c38cd,normal,none
965bcbb96698,normal,none
03938ce5af9a,normal,none
3da5a7f02a12,normal,none
9240f14649e6,normal,none
64383ed2ab7a,normal,none
3211a7d324ed,normal,none
51c40496fc82,normal,none
b8699a7bc3cf,normal,none
547a66160209,normal,none
65ba0f6c56ad,normal,none
23156f72e332,normal,none
0ad2c96a28d5,normal,none
ef01b46ba869,normal,none
bab918154689,normal,none
45f2d272f243,normal,none
189be37eb7b1,normal,none
7b880c7094f0,normal,none
70b47d90805d,normal,none
d1c245574238,normal,none
adad4dfbcb7d,normal,none
7364843c5ce2,normal,none
f13e2e6d22a5,normal,none
9c8340c9fd3e,normal,none
64b60733145d,normal,none
b6292c6a8e54,normal,none
9d9e1b96ec14,normal,none
cc0e419fdc55,normal,none
12266d268381,normal,none
5e37e80ae4f3,normal,none
81ec1979f063,normal,none
83217ba233fc,normal,none
3ad7755b5850,normal,none
c63c4494927b,normal,none
10d2542abede,normal,none
e47ab2acfb34,normal,none
2d45af98e146,normal,none
f431ad6df127,normal,none
9c48047b134c,normal,none
bbaf0dc3f201,normal,none
cbc436c896ab,normal,none
8d22b229f5ae,normal,none
9a450589af83,normal,none
1575288a73c9,normal,none
9cfcbfddcbef,normal,none
3780d0d54868,normal,none
fd9626fb133f,normal,none
29e050d1b68e,normal,none
2c68a6f83013,normal,none
3d5707ceac65,normal,none
a81a0a8b454a,normal,none
56a8dac81177,normal,none
28f8be25555d,normal,none
d6cda08a4457,normal,none
f55c0071c975,normal,none
048eca374504,normal,none
aadf41968806,normal,none
d1f50a2713be,normal,none
c4d74dfb61c6,normal,none
745e4577ffc4,normal,none
ee031db8cd2a,normal,none
fc88c8430ab2,normal,none
125a27d6534b,normal,none
120f4bdff389,normal,none
e356baf9fd09,normal,none
c69451381160,normal,none
3cf67a89a6de,normal,none
3acc9dc01046,normal,none
17ed8dfff015,normal,none
099eff615823,normal,none
c9db5f11dc47,normal,none
e87541d83025,normal,none
68716309fd46,normal,none
98bfcfe199e8,normal,none
18fba199c2b6,normal,none
2ad6ec7a6dcc,normal,none
e2b6fc784198,normal,none
0b864da9f3c2,normal,none
4e9fbc80e34a,normal,none
d1480efb9826,normal,none
c4ec54d76348,normal,none
7a35afd2d81f,normal,none
f73a23faf963,normal,none
0d7225314a98,normal,none
79b151c7e4b8,normal,none
815fe6799de1,normal,none
9a0c08932eb1,normal,none
1308e80b81c5,normal,none
c75a43c8124e,normal,none
8547d2e508fe,normal,none
c29c7bbc793d,normal,none
08a30e7b86b4,normal,none
8a0c3b8ce17b,normal,none
0d94bd71c155,normal,none
3d495c7e24a2,normal,none
d51d5685db85,normal,none
ff71cdbcb7ab,normal,none
1fb9413e6ed5,normal,none
ee3ca059a06f,normal,none
b2d62fd88e27,normal,none
e6efcc99b195,normal,none
11b6011d42cb,normal,none
5d57d98a7077,normal,none
775e0ec8978f,normal,none
e233a5e92a62,normal,none
26bad01c9706,normal,none
e6c3d86f99a9,normal,none
3b10200a2ccc,normal,none
61e0b7ebfbf2,normal,none
483884347a0b,normal,none
d1137e3ce890,normal,none
d96543851cb8,normal,none
49ba8b3e617b,normal,none
92ce114667c4,normal,none
b8dc3afb1359,normal,none
9c6a02fdcb60,normal,none
059c7bd94de7,normal,none
d94f9ebe4b82,normal,none
2e33621e7366,normal,none
0f0834ffa3fe,normal,none
491d9dfe17df,normal,none
2c411aedde43,normal,none
547375f1e78f,normal,none
b783f34214c9,normal,none
b0de8acf6fbc,normal,none
96a82d0c7498,normal,none
4b9c7ed25d96,normal,none
621ef22513aa,normal,none
1e78c4e728f4,normal,none
e342251c03d4,normal,none
daa859bcb083,normal,none
e78de7deb256,normal,none
6a44b1d2fb54,normal,none
46f648d4bd2e,normal,none
0364ff4fcdb6,normal,none
3a0bfb980e90,normal,none
673fbcbf5cce,normal,none
ec511b8a2fee,normal,none
f22a6bdb9e02,normal,none
f80171a91581,normal,none
47b62a09a3ef,normal,none
f3360161a7a8,normal,none
8da874223c28,normal,none
247313eb77b2,normal,none
93b87762fdfd,normal,none
8cf4f6c2b471,normal,none
2cfe33f47503,normal,none
8c3fb988407e,normal,none
6516376b69f8,normal,none
6dfd23c5393e,normal,none
fbeca9b867ae,normal,none
4ff9a21bc372,normal,none
4d7b4c2335f7,normal,none
eb8b32734b2d,normal,none
806823058e4e,normal,none
d05449f4f6f6,normal,none
cf01f774af52,normal,none
eedf62356c08,normal,none
9f42442b1ed6,normal,none
03ff1e1963b2,normal,none
32b5e066e91b,normal,none
bea6461c9323,normal,none
aa596cb5ea12,normal,none
ef12d0b41f09,normal,none
e145cd141c32,normal,none
f67bec529811,normal,none
eb3f14b1a77f,normal,none
53568b669afc,normal,none
32ce7796925a,normal,none
d429d398c988,normal,none
61afe1af8705,normal,none
12243ca4ee8f,normal,none
05c919afade1,normal,none
2f3564cfca8e,normal,none
d6c6a1e9c003,normal,none
67968658e882,normal,none
6429f55d6bec,normal,none
d49b8a63bff0,normal,none
27453d769f85,normal,none
1d34245d6728,normal,none
50f043356f78,normal,none
2d739da7618e,normal,none
1a026b24cf37,normal,none
703b49824ff8,normal,none
4172e24887ed,normal,none
b3dc6ded2df1,normal,none
5cc58d3425bb,normal,none
041efe0d938c,normal,none
45d1e8ae038e,normal,none
9fe259b1c165,normal,none
a465666f2a0c,normal,none
a9617696bd98,normal,none
4276766bd42c,normal,none
ada2df5d1373,normal,none
edb7f7446c6b,normal,none
1dab0c1cd137,normal,none
c1d49d3a966f,normal,none
5f587d186c07,normal,none
598c43367981,normal,none
5396d3297e79,normal,none
a4a72653b7fb,normal,none
12a9f0d6e3d4,normal,none
c4b533dec8d7,normal,none
be07d975671c,normal,none
1aeb68e19744,normal,none
fe62508ee26b,normal,none
36312c13a36d,normal,none
8d99aa6d47f5,normal,none
ebf30ac430d5,normal,none
2f6fd41e87d6,normal,none
e47b61eba790,normal,none
536168238f81,normal,none
1d10a4ba58bb,normal,none
42254f8bfb25,normal,none
05be1178cc3a,normal,none
74aeb3a8188d,normal,none
5ab11ea93f39,normal,none
5b694c758434,normal,none
7420ffa6ee4e,normal,none
200078dbba23,normal,none
357eecac62cd,normal,none
ffa0b0042d01,normal,none
6732c700e20f,normal,none
2cf3e012d28d,normal,none
14293db42556,normal,none
bf882830cbc8,normal,none
51404b3c2b79,normal,none
f971c0a7914e,normal,none
8efe56f4cc7f,normal,none
9e8d30290597,normal,none
dceae9b5abdb,normal,none
0b3b3252424a,normal,none
129317d78e2d,normal,none
f2b6cb6fe473,normal,none
29b411011754,normal,none
1539fd34eec7,normal,none
b0dbd448edd3,normal,none
f17a91ec5cca,normal,none
1b79d4719c9f,normal,none
84ae1b5bdf6a,normal,none
ec1b03e94267,normal,none
ab82dfe68f66,normal,none
f4b31c496fcd,normal,none
0a4b24a0a615,normal,none
cfaba4f9e2bb,normal,none
c3d8293446da,normal,none
97f826833b90,normal,none
13f6e940c1c4,normal,none
903e1f95555d,normal,none
bfae59e6aff2,normal,none
36cf712f10db,normal,none
de3e252be357,normal,none
2a531b7b5571,normal,none
c57edc4051cb,normal,none
93f95714f32d,normal,none
64a28861c77c,normal,none
f4d7bd8b4ea7,normal,none
d8874c7043e1,normal,none
5bf33c338589,normal,none
ebb432302ed4,normal,none
1eb8a4c98548,normal,none
ac692ce197e6,normal,none
dfd2605f7129,normal,none
f1a40659dd5e,normal,none
64acdf47d5e5,normal,none
97de0586089a,normal,none
1ed15b860cf7,normal,none
93249885a3fb,normal,none
6960ac7c04d3,normal,none
bf5bcfd59248,normal,none
003af49c59fd,normal,none
b4c4d65e38c7,normal,none
a9108286f8af,normal,none
561fe7f5e334,normal,none
a508ca98ce94,normal,none
18b500a24bcb,normal,none
9745f01fe8bc,normal,none
d4ef04e07583,normal,none
62678827c6d5,normal,none
b79e93ec211f,normal,none
5cb3758270c1,normal,none
7b9f6a3e308f,normal,none
7e9c69479b13,normal,none
0b55d712ffe3,normal,none
f5efefb6fa48,normal,none
4ff7aae33d34,normal,none
5f265b5223ca,normal,none
af32d44f6dd6,normal,none
33b976f68c08,normal,none
8f9a90deab72,normal,none
dbedd5d3a640,normal,none
40119b3dc761,normal,none
3f98d4b0d637,normal,none
9ffedaef1fc1,normal,none
ce121d5bf459,normal,none
5f5b16e0f78e,normal,none
c863375ca327,normal,none
9daec8028cb0,normal,none
97f6f29f5843,normal,none
662e404407e9,normal,none
e26000ed14fe,normal,none
8f1411a7c8a8,normal,none
fb4c9286a8f4,normal,none
5c37b41c8e1f,normal,none
4714c44d66cd,normal,none
8ff974f2c187,normal,none
bee2f61c3ae9,normal,none
ba2c9054c4eb,normal,none
40e48d8ad052,normal,none
8f169791c794,normal,none
ab6ea6676660,normal,none
1421f50b758e,normal,none
7ed28a6d383b,normal,none
77f0aa31665c,normal,none
d84223647d23,normal,none
0656b536f6ef,normal,none
dc0bc68339e9,normal,none
cd8a3b50f700,normal,none
dbcd2173c4d1,normal,none
0051a256fb4c,normal,none
0f75b5aeb3d6,normal,none
b4a7a48e3267,normal,none
b76cd999f61d,normal,none
4cf6fc437ae3,normal,none
9a67e5675651,normal,none
d23141cb127a,normal,none
3c2513af7fea,normal,none
a86c869b3827,normal,none
a681f740f9d4,normal,none
42e5d1b46979,normal,none
d6739b9becb8,normal,none
da8c6e6e9a7c,normal,none
b280cf6991a0,normal,none
45efec9d46b7,normal,none
0af19621a715,normal,none
6d9d45d4566a,normal,none
3a94d8154934,normal,none
77bb0a9fd0d3,normal,none
92fdb263df47,normal,none
13f89d1fa922,normal,none
44964fc47c6e,normal,none
3e1f8acc3abc,normal,none
9c6981f482dc,normal,none
c8435581bef6,normal,none
5df3519ffd8e,normal,none
98d5f41aeeb5,normal,none
6a0babbdc23b,normal,none
7118b386cf07,normal,none
43ce7a7efa16,normal,none
5ab62357acb1,normal,none
39dc4dc955d3,normal,none
64ddb6e5547f,normal,none
10b04a97bfa9,normal,none
fd4be3059363,normal,none
e121de9a4660,normal,none
3299534d3b92,normal,none
5b6d5053062d,normal,none
d6c02eb7dacb,normal,none
d4dee97834ce,normal,none
354b4ead9f8c,normal,none
70a5b41ae864,normal,none
39e3bc1aaefb,normal,none
a58ecf54d850,normal,none
82456ca6b0ee,normal,none
11f5ebac3178,normal,none
343e2415b764,normal,none
322641151668,normal,none
916900d77ee4,normal,none
070182d6fc03,normal,none
ae8b41587d2c,normal,none
5d3e76303efb,normal,none
fa110b096bd6,normal,none
48f94fdf0ff6,normal,none
0f9942a8f15c,normal,none
9ccf340b2e8e,normal,none
e53cecb554d1,normal,none
9c46bf77b22d,normal,none
15adade56dcc,normal,none
1f0aae8e7b2e,normal,none
1d39e17fcb93,normal,none
77d9c3e398ae,normal,none
0a297dd7e4e0,normal,none
9972a5725e39,normal,none
a5421cf7b608,normal,none
a4b99923a895,normal,none
3f1ead456e4c,normal,none
21171499fc93,normal,none
d8c4752dcc92,normal,none
9e8856607cba,normal,none
321f3af3a31b,normal,none
be95542b372a,normal,none
0300dd85757d,normal,none
850e917a41d4,normal,none
5d7a5d4ca1e3,normal,none
bc3b10cc3b25,normal,none
9a5373402a16,normal,none
d4f4da47ea23,normal,none
d5367aeee2ee,normal,none
fe2351d4bded,normal,none
abaa5e31f9a8,normal,none
de7168ad39d0,normal,none
95f5ddb4445b,normal,none
f94430904715,normal,none
644e4b016a29,normal,none
4533278e1e0c,normal,none
eab0bd5777c1,normal,none
f2cb5c1ad6e3,normal,none
dc340867055d,normal,none
6860b682ffcb,normal,none
2328f1b12ee9,normal,none
d7947c4e65e1,normal,none
2df1c86f6b43,normal,none
2e98a9103e2a,normal,none
95187cca45ae,normal,none
9cb455524d1b,normal,none
3d7e95e443a8,normal,none
dc472a84f18c,normal,none
8b5ada7b6275,normal,none
0824d5883116,normal,none
ca14de53bcbd,normal,none
d56c0a0a2e21,normal,none
67461782dd5c,normal,none
5bcdb60e284c,normal,none
3492a5d4082b,normal,none
18d03157ff90,normal,none
8c72d36a4f2c,normal,none
3ecaea050cb8,normal,none
5d7766f7ad70,normal,none
0e37724112f5,normal,none
ac4804854b92,normal,none
1a584b1acbff,normal,none
b1f694480999,normal,none
d262c022427e,normal,none
7275f6d01b8b,normal,none
0921ad694c62,normal,none
92a7e47394ad,normal,none
f424d777db6a,normal,none
f9507b07b723,normal,none
add7d068ed52,normal,none
421916a90694,normal,none
c5460610857d,normal,none
9cc1b3b37292,normal,none
0d23e343fe5b,normal,none
704924cc5277,normal,none
91bc85ba9f9e,normal,none
3aed2dc764b5,normal,none
836bff062580,normal,none
b2c613a7c7b7,normal,none
98112eff4fb9,normal,none
f940934274ed,normal,none
45026486e832,normal,none
220cfa75b180,normal,none
6cc72fc74f51,normal,none
b998bcc714a4,normal,none
0099e8d41513,normal,none
8c56ab87da17,normal,none
347b6b69974e,normal,none
bda4a2a18ce7,normal,none
fad3f73115b4,normal,none
1e3d4d969e56,normal,none
416a274018f6,normal,none
32e5158436bd,normal,none
5ffde284faa2,normal,none
b6ac22cea58d,normal,none
d9c3fd342b48,normal,none
6b00bb7e92b7,normal,none
97b00632ac20,normal,none
c6863ce4bdcf,normal,none
88ae5f1d8bda,normal,none
f04923baf2e5,normal,none
bdc5473bc40e,normal,none
dac060dc6e5b,normal,none
f7fe2a86420a,normal,none
2a36fe231183,normal,none
0d92647be835,normal,none
66bca9f59ef5,normal,none
4595ab20987b,normal,none
3ea5e1beb81d,normal,none
54e21e748c05,normal,none
57a9bb551381,normal,none
6c3ab3c2b1eb,normal,none
ce1c37eb4e0e,normal,none
1839a420e85a,normal,none
14835427924e,normal,none
8e8381ced3a9,normal,none
2307d21579be,normal,none
542e46a7a350,normal,none
d12c73bf9c6e,normal,none
5073834c03f3,normal,none
13c1d4021b02,normal,none
8ef99cca433e,normal,none
3aef2ef871a4,normal,none
d3abb926d1a9,normal,none
db0d430b1768,normal,none
086d8bdbd082,normal,none
9e1b7bc5b008,normal,none
761a0844614f,normal,none
f24440bbda21,normal,none
2cfe72dd2551,normal,none
db662a2914c6,normal,none
5c0820d391cb,normal,none
3f6e4d45c795,normal,none
ec58ec4c15b8,normal,none
651e715b0ba2,normal,none
8cd08e4f8ea9,normal,none
c58e327babb5,normal,none
3c261275c0b0,normal,none
f7766c497539,normal,none
4d4ccaf641d0,normal,none
52d76f6acb9e,normal,none
a8e8fc39a939,normal,none
501ba3aa1fc6,normal,none
db4a3a3bcd7c,normal,none
137d7fd9afa7,normal,none
f645b942106b,normal,none
00b30a9fef0b,normal,none
3aa409696309,normal,none
ffa6b09b7d23,normal,none
4b0123e0c2d4,normal,none
0c661e6953ff,normal,none
02ebffb13ff2,normal,none
20112b60ae72,normal,none
867d81a43a3b,normal,none
075fc40c7848,normal,none
9dbeb32bcd16,normal,none
dcbef2f582ed,normal,none
616276179192,normal,none
3e8fe4e21c61,normal,none
bdbe20c1667e,normal,none
9c09f9618813,normal,none
b391daed4ace,normal,none
88954adf4ff0,normal,none
befa9e8e287d,normal,none
4c4eed457384,normal,none
06f1bc74c69e,normal,none
c5b3eefc94b0,normal,none
a62ddf1fa50a,normal,none
3851a27e016b,normal,none
9c25ec3ea1bd,normal,none
866551d9d4f0,normal,none
31778cba3339,normal,none
c7c153b2f52e,normal,none
14cd5f73087b,normal,none
70593335c8db,normal,none
191c23ed992c,normal,none
bd418dd7ff07,normal,none
68b01fc8e99b,normal,none
3f3ed8cdbbef,normal,none
f55ef3b20bd1,normal,none
fc09671001ba,normal,none
21f141a197aa,normal,none
633f49ecae4b,normal,none
8856771a8280,normal,none
6cbd605231f8,normal,none
35e59f7cc47b,normal,none
3c2554fab5f9,normal,none
93a2439b56c9,normal,none
5db34cb3df28,normal,none
77ff344b0e32,normal,none
fc4a2e2ff6c2,normal,none
dc8dcba0733d,normal,none
934ccca0f0fe,normal,none
02ea589ef622,normal,none
2ce4dd8d0266,normal,none
7700ce994b0c,normal,none
8e8a4f6789ac,normal,none
4978e3890181,normal,none
273da744e1b9,normal,none
cbd8bb4ed218,normal,none
f4f42f24ad07,normal,none
2946855f8f6c,normal,none
2b5fb46d1680,normal,none
ef70e653ea2c,normal,none
9c0cbf7c3fd5,normal,none
80f3c14d32fa,normal,none
2f7ba4553e16,normal,none
d0919e15b52a,normal,none
5b3650479576,normal,none
0604f7db13b4,normal,none
ed057eef9fbb,normal,none
e08a0babd706,normal,none
89d2f9acc116,normal,none
60b2ad4ae726,normal,none
f69eca6c305b,normal,none
ed823244a768,normal,none
9c93a56e0f82,normal,none
51051f43ef5a,normal,none
b6ef3d7bd512,normal,none
ddd61af3d96c,normal,none
6e498542cfde,normal,none
6013f56835b9,normal,none
662779834b86,normal,none
2c84a16cdf33,normal,none
dc3bbf8cb9b2,normal,none
54ae80e92aec,normal,none
ae3a70650d53,normal,none
8d4683e4561d,normal,none
8ded93932599,normal,none
40406ce3b72c,normal,none
5b98404630a3,normal,none
c64480fbce11,normal,none
e436f61df0ae,normal,none
0a968f6962e7,normal,none
d1662bb02334,normal,none
e2087da97d3e,normal,none
07d0703be3a2,normal,none
ed04238a8aee,normal,none
d899f33189e0,normal,none
4a1f67de46f4,normal,none
7ea7ac94d292,normal,none
f9b2d2e74e35,normal,none
d55e8358a750,normal,none
a3dda4faa86a,normal,none
773ec4ebdd5f,normal,none
a3899d61190b,normal,none
2d575d938b4a,normal,none
68d782b52d26,normal,none
60cbfcab09b9,normal,none
6ff02c33fe88,normal,none
1afa92b91972,normal,none
c2fa186e599d,normal,none
cb5532c06d72,normal,none
2f4d1f0c0ffa,normal,none
c51387f72ccc,normal,none
458866f6f604,normal,none
0297072d326f,normal,none
d14aca0d1d7f,normal,none
609be4b746a7,normal,none
91c2ad536f1c,normal,none
1bfd34cacb24,normal,none
e4482f41e9a0,normal,none
2868e2166ea1,normal,none
e061295ffadb,normal,none
ef54e7da3649,normal,none
cd3088aae3d6,normal,none
5a0636cb5931,normal,none
25dcbbf9a684,normal,none
c1f8449ae505,normal,none
9033b5fe2b84,normal,none
a9f66bf5df1e,normal,none
90662b7bb8f1,normal,none
8a76c1001175,normal,none
e28194c1176a,normal,none
c12ba589fe1a,normal,none
35c978a7832e,normal,none
5b1d88b119a0,normal,none
d1861a9927e9,normal,none
e55287b3312e,normal,none
c3a6778d3d34,normal,none
1b91f05efd4b,normal,none
d0bf59f72c64,normal,none
64440d584d58,normal,none
18d4b341e13e,normal,none
6936b48cb30d,normal,none
516e854f6501,normal,none
47069f7823db,normal,none
38a3fc4a09a1,normal,none
01be51899088,normal,none
20999468ddb4,normal,none
936de0a4c80a,normal,none
09e062cf0679,normal,none
f48f15120844,normal,none
f7dd92b057fd,normal,none
c6cee8f2b2f3,normal,none
1db0ccbdcfb1,normal,none
c0ebf7878ebe,normal,none
24ac135ad0fd,normal,none
71468a00fcf9,normal,none
d76b541293e5,normal,none
eb30e4b3b5d3,normal,none
115633393491,normal,none
c2ccad3a3fe6,normal,none
903d750287e8,normal,none
1a5212471d3c,normal,none
2e6aa1c493c3,normal,none
34b8bfb8a082,normal,none
e0272d99781d,normal,none
2840be114a65,normal,none
4a19b729ad57,normal,none
ae545c2b36b7,normal,none
cd437c5ea143,normal,none
17f042aa24a2,normal,none
09ec60469575,normal,none
399d701450cc,normal,none
373cfe33bde7,normal,none
c1ae82744804,normal,none
5f4f7065f32c,normal,none
96e8fd9d3d5e,normal,none
364eadae0e99,normal,none
85a1d42d9f6f,normal,none
dd3a0f2fc2af,normal,none
47779be54422,normal,none
c3ff2fc75fd0,normal,none
6b368a3870f5,normal,none
ebebf10d3933,normal,none
e14f33ed39ad,normal,none
5ceaf41166b8,normal,none
77775e58d567,normal,none
8e1df9e92c15,normal,none
4223a4901e2d,normal,none
020b6682c432,normal,none
46bebc98e4ce,normal,none
e735d1b39d93,normal,none
07b6f4b1c133,normal,none
849939edab3c,normal,none
0a88c4e581b0,normal,none
9ee92156e1c9,normal,none
3ed4a9644a5e,normal,none
ef06a6f79288,normal,none
bde5a6f2ebd3,normal,none
940553f2bc9b,normal,none
06abfc596623,normal,none
c6b65b94b6ff,normal,none
362e4ff5660f,normal,none
96862dc33b19,normal,none
d668b201aeac,normal,none
adde135c466c,normal,none
9f614914e93c,normal,none
f2271aacf2cf,normal,none
9316705a632e,normal,none
a4f9cde08b72,normal,none
79742a04c884,normal,none
0d097763dde2,normal,none
101d635dff23,normal,none
9d543c731ac7,normal,none
90bbceefc359,normal,none
872804c72510,normal,none
a573f1b2a714,normal,none
72f1a6b65619,normal,none
f6aa52cc0fa9,normal,none
4245c1a0e1af,normal,none
4731efe95d4b,normal,none
560ed261d6e8,normal,none
ddb7015d7f18,normal,none
a3fa7be8bce1,normal,none
3f1557fcb7e1,normal,none
0495b2cb3da2,normal,none
69dbe61e66b2,normal,none
8eef33121eee,normal,none
7ebf3737fe6a,normal,none
69e965035a62,normal,none
5c7fdc937534,normal,none
3cecf8e656f4,normal,none
e566e9237d3e,normal,none
377034325a9f,normal,none
c3dfee23b326,normal,none
4ae948d171fe,normal,none
be19e9b2ce3a,normal,none
f390538f8cc8,normal,none
919e5a9df78d,normal,none
3faacedddd76,normal,none
bda36fca51a5,normal,none
48d74871c4fb,normal,none
567a5b91daf7,normal,none
12257d6ba84b,normal,none
9bac7219474f,normal,none
779bbf83cdfa,normal,none
0b8c8edc439f,normal,none
2f4bc7bbf491,normal,none
5a716612c767,normal,none
16e4c092c55c,normal,none
c5e35b670552,normal,none
de4480efc764,normal,none
c3ea807aaf4d,normal,none
6675d375c0b8,normal,none
7c8bb84cf5f6,normal,none
f4b784d396f9,normal,none
a8da4c45b742,normal,none
ac4b6cf742c0,normal,none
f29cab641060,normal,none
bd0f3115591a,normal,none
ab17f2fb7742,normal,none
a6528d18c2ce,normal,none
7a83d22388a5,normal,none
f4573619215e,normal,none
f322b965ae34,normal,none
4bd83bddbad2,normal,none
38744ebd9f22,normal,none
a832e775d795,normal,none
c9f968ef3293,normal,none
f8b4c7726652,normal,none
247c54c64189,normal,none
6353d265a608,normal,none
de62e530fa7a,normal,none
64127a1ab26a,normal,none
5a34547d9374,normal,none
e36be0e4716f,normal,none
8da0981b8eca,normal,none
419d07399af0,normal,none
0b242077ab55,normal,none
cca45cced59e,normal,none
e4dd497826b5,normal,none
a6156c1ccfa1,normal,none
0bce843fc41b,normal,none
8671c024f1c8,normal,none
1cfa3ed64acf,normal,none
fc0b12f216b2,normal,none
800596a7ad90,normal,none
4916919f6f2b,normal,none
278868c99a9c,normal,none
1c7db944095d,normal,none
1678a663c752,normal,none
45e42a1d1ed3,normal,none
b189446fb9e1,normal,none
9b2e288ef66b,normal,none
0c3c46d2445c,normal,none
765829323239,normal,none
6ba9f7b45589,normal,none
fd44f67dbb79,normal,none
ba897d37abf8,normal,none
c81443f02071,normal,none
65a91f37d346,normal,none
63c980981f73,normal,none
7e0676ada7d7,normal,none
b8fb538f4278,normal,none
dc9a48c9a2d9,normal,none
74e0ab20918c,normal,none
1ddfe3a4b8c7,normal,none
171d022fc6dd,normal,none
1e17806f5430,normal,none
43bc5dcb4d77,normal,none
def40488779a,normal,none
9dd34d9ee4c6,normal,none
6fd4122a75d3,normal,none
b629da96c896,normal,none
5b0b14989857,normal,none
23c9321af2a4,normal,none
ab0ab33bf6a3,normal,none
c3cd508911c1,normal,none
a38efb618d91,normal,none
f7dc15a39c25,normal,none
b0b6d1160ec2,normal,none
b8cb52acf5d9,normal,none
8cdc636e9844,normal,none
946f8a370720,normal,none
fce06fab1e1e,normal,none
0d5212b67973,normal,none
34637c90a24e,normal,none
2b7c228a723b,normal,none
a276e85e46a6,normal,none
2d5a041dc4ed,normal,none
4e8fe3220b6b,normal,none
a83d4c83d0cc,normal,none
7356348dfc02,normal,none
3ca8daff12c2,normal,none
34862d7e1081,normal,none
1fa5786b44a8,normal,none
3eb0435f7e4e,normal,none
f58194dde291,normal,none
97b3c6ec3735,normal,none
0a559ad5a6f2,normal,none
3fa9b9503820,normal,none
edd10c795e5f,normal,none
10b6b3babeb7,normal,none
4e424ca9486f,normal,none
3c5e94698a86,normal,none
77d114dcce72,normal,none
25690f73313d,normal,none
f8cd19ae4b9f,normal,none
96538d534b61,normal,none
e8fb098a3ae0,normal,none
f5714ee21fff,normal,none
942df467d928,normal,none
4c4380c19e4d,normal,none
9020245846c5,normal,none
4327d322c2bc,normal,none
9c38e975ba84,normal,none
a978534d8340,normal,none
5dc197390d9c,normal,none
6a3acf11aa02,normal,none
1f610395fd1f,normal,none
2a9cfb4f7b9a,normal,none
f532507b47e0,normal,none
d8cba1abf8bb,normal,none
20985f59908a,normal,none
0b6f5876e867,normal,none
0524c83051ad,normal,none
2a4db8dd66c3,normal,none
7ededa718eb6,normal,none
d107ca33a0b5,normal,none
288cbcb7f63b,normal,none
1b3dd2524719,normal,none
1cf6cb22bbb2,normal,none
d0e3cf290e78,normal,none
ba29f7ef7e39,normal,none
00585207154c,normal,none
b03267f1d057,normal,none
0d345ecdfdab,normal,none
5589585f8511,normal,none
e2b457120a8b,normal,none
6c88de795732,normal,none
efad989aa643,normal,none
26ea79f14e23,normal,none
ebfeeeadfa88,normal,none
bb3139b424fb,normal,none
2b9badc58267,normal,none
765247b6da71,normal,none
662c4c49252d,normal,none
2c1f6068bb36,normal,none
2e73d749a89e,normal,none
520551c40e19,normal,none
17b3edabcc3d,normal,none
cdac202bfec1,normal,none
05a82ccdd624,normal,none
225e5833b291,normal,none
6b04729e9937,normal,none
ce4bada7eef9,normal,none
46f9c7a376a0,normal,none
1a21f7d516cc,normal,none
c36a2e212c7b,normal,none
335c4ca35be2,normal,none
add596911003,normal,none
5b05a945e410,normal,none
d431f1e74f2c,normal,none
44d77b0d8df8,normal,none
31246a4cda1b,normal,none
6462668f2a77,normal,none
9f291415e25e,normal,none
e3077e505200,normal,none
3fc3322189a7,normal,none
c061bd70ae22,normal,none
223d30eed825,normal,none
d5efe978552c,normal,none
49a752a539b5,normal,none
479e55c60d54,normal,none
907f4a5d0d3f,normal,none
80cb4977cf55,normal,none
b9e1b33eccb6,normal,none
3081350495d7,normal,none
05f432046509,normal,none
50f8237da53e,normal,none
f3e4b1ce00a9,normal,none
79d3b6c15e3a,normal,none
00b4495e21fb,normal,none
9168d0eaef9e,normal,none
ec2e7ea7e354,normal,none
4e4bb8607010,normal,none
8c66488f7b7f,normal,none
428506d30921,normal,none
c378cf737a42,normal,none
4388ec391cf8,normal,none
b0225a39d851,normal,none
0e1203ea2f21,normal,none
c90097200f51,normal,none
4701577438f8,normal,none
b1ef96185549,normal,none
cf2001354be0,normal,none
bffaa1cd4878,normal,none
93268a1d212b,normal,none
34c9e1ba9fe2,normal,none
4d5b85bcdd8b,normal,none
86b99e6cea0f,normal,none
51497c21d3bf,normal,none
da3e3b2bcb3d,normal,none
aa65115ca43a,normal,none
f14d06265e88,normal,none
87722de5a242,normal,none
1d9de418f9a3,normal,none
d3c4f99fe6b0,normal,none
194c23d1de7e,normal,none
361ef1afda81,normal,none
f33535ead647,normal,none
81e426fa5281,normal,none
5cf307e9a99c,normal,none
797100a71b03,normal,none
a5878564f26f,normal,none
fcbc9fbe2407,normal,none
3ccf37394624,normal,none
26a4e00716f5,normal,none
fe108679428c,normal,none
aab683513bfa,normal,none
aa0ce3a7b62f,normal,none
64a71a8166bb,normal,none
a8648cbed1ac,normal,none
2f66146c543c,normal,none
fa0ade423e53,normal,none
9a778df616be,normal,none
25809423efcb,normal,none
7ee950954ee7,normal,none
b031e75c1f94,normal,none
7b4b72115ad9,normal,none
4cf7a423bcc6,normal,none
c78e2077f9b5,normal,none
9ea5b40f8007,normal,none
7afc9953356a,normal,none
c3782d0c78ce,normal,none
c30a458d72cc,normal,none
fb43fdf441a3,normal,none
8398e62229ec,normal,none
1484bb06fdb4,normal,none
bf49d7188b67,normal,none
87da72794ed8,normal,none
fb9272ff578b,normal,none
7614b4046013,normal,none
4c09d059c65f,normal,none
5cc12c7f361b,normal,none
30cc7b993d13,normal,none
84374c34578a,normal,none
193222580768,normal,none
425b7fa9305a,normal,none
7395347c2f72,normal,none
f66525d64cdb,normal,none
0c541e4a7e52,normal,none
3f53393699de,normal,none
42fcb8ed354b,normal,none
dd1a4104de55,normal,none
c067c8ef22d9,normal,none
c73716466ade,normal,none
b1b3892942f2,normal,none
7baa3dd73371,normal,none
c804ac64f35f,normal,none
5ce3a70a2ffa,normal,none
43e6d09cc635,normal,none
c5ed6064373f,normal,none
c02ccf26b46b,normal,none
b73fdc64a978,normal,none
0c032f279828,normal,none
39997f9a909d,normal,none
c9c5c1483dc6,normal,none
6c498331d44a,normal,none
d2403f51e50a,normal,none
22b2316b33a5,normal,none
5354227a2406,normal,none
b6afc98a5b78,normal,none
3fb954fa98d2,normal,none
a3a9eb27bd88,normal,none
93db29dfb871,normal,none
a6edab13ae7c,normal,none
32582380bb7d,normal,none
67f02fa1be77,normal,none
386a0b008e6b,normal,none
2d796b45e341,normal,none
4de60ab26cda,normal,none
4d9ba583186d,normal,none
714d07f9388c,normal,none
4c1e79b4e7a3,normal,none
f12ae85d5276,normal,none
17d74b902f34,normal,none
c341878a73eb,normal,none
5f2a3aea37a0,normal,none
19ac8a8eeddd,normal,none
4c11b93dc954,normal,none
4e2f7d7fa44e,normal,none
54325c97f49a,normal,none
93d0a6426d93,normal,none
626f2d4baf7b,normal,none
d7f7f2aa2308,normal,none
41e697dcd9f7,normal,none
981a91ae3e2c,normal,none
86dddcb7c1d7,normal,none
325ffd6625e5,normal,none
d3ba454ad31a,normal,none
0e61e39caee8,normal,none
4e5cd0532d1f,normal,none
5eca4deaae6a,normal,none
05cc8c4e39e5,normal,none
96c2a3203cc2,normal,none
5c18778130bb,normal,none
df3832ce8d1a,normal,none
f95825f47a17,normal,none
4d980f015b56,normal,none
60bcf9473c8b,normal,none
19944e664378,normal,none
d3eac6a63f59,normal,none
2c0e1eea96a6,normal,none
6fcae2b83284,normal,none
fdd3b760e410,normal,none
5d733a399f5b,normal,none
8ba830322af4,normal,none
1d0b876ab79d,normal,none
d3c31b9010db,normal,none
26c8d5808f69,normal,none
2e2110762e51,normal,none
159e139601b0,normal,none
ad11439bf285,normal,none
76aa439e158d,normal,none
4739ad38005d,normal,none
b883968fbdce,normal,none
d5c69228d8c5,normal,none
015d60a2a87b,normal,none
25067992a7ab,normal,none
a36d936cb04f,normal,none
0b9246eed3ca,normal,none
065623654e04,normal,none
6e99f9657be1,normal,none
20c7864a4a79,normal,none
14a4fe915efc,normal,none
be9d08181415,normal,none
e0f654df8957,normal,none
b269e6eaa5c0,normal,none
d12d1e8ee073,normal,none
93b7013c3910,normal,none
ebbe1558ad35,normal,none
fd15281a4998,normal,none
61f2ec1c36f2,normal,none
24fcc0779a31,normal,none
022650b470ac,normal,none
621e4ff09eaa,normal,none
83685ccdb0a9,normal,none
a4c4cffca364,normal,none
b6d056315ee8,normal,none
350f3802c15e,normal,none
6e4c00a68c23,normal,none
c6d2f1e50f1d,normal,none
76d5ef265ae9,normal,none
0a81bc8e140d,normal,none
ccd895a4ebf3,normal,none
f17b0ea60127,normal,none
9a5f3dd96686,normal,none
e34d53bf529f,normal,none
0546de066a6b,normal,none
81cbb9e296b1,normal,none
4b2ce430f2ce,normal,none
9035b151a4d9,normal,none
ead2035a8bc5,normal,none
431bc3d555f4,normal,none
a48522781467,normal,none
58040ab47a5d,normal,none
5838104b6504,normal,none
e9973e748783,normal,none
9487d0a1a3b2,normal,none
b42719d4ac54,normal,none
b7e746160953,normal,none
721234a9a4d6,normal,none
e45a6931e30b,normal,none
74a79d9b01ba,normal,none
e68eab596790,normal,none
a82f5b29fa35,normal,none
1b6cc12947e2,normal,none
b286119de5b9,normal,none
ddcddd5aded8,normal,none
a42c1c5ffec6,normal,none
e64af2341cb1,normal,none
224a579d8d50,normal,none
3277d977a291,normal,none
482fd052bade,normal,none
f7b3ce34cb67,normal,none
cf90690d3763,normal,none
6f7c594029c4,normal,none
29b04796aee5,normal,none
df29e95c4dd5,normal,none
a25873611167,normal,none
be9d446136cc,normal,none
3dafee3a3784,normal,none
980b3046c6b8,normal,none
f6fc73751b36,normal,none
c85c084646cd,normal,none
1e5739446fdd,normal,none
0a6703dc20cd,normal,none
349f4b106f1c,normal,none
d594d47d0731,normal,none
4fd20c3d2d13,normal,none
f453f994ef74,normal,none
d71424b28bab,normal,none
90147a98bedb,normal,none
3f9f39b54ba4,normal,none
ea8d3991c914,normal,none
7ec7b6c8228e,normal,none
384fa5acdb61,normal,none
d185e3c66abd,normal,none
481ce958715a,normal,none
2c5faa493a23,normal,none
cb028929bd74,normal,none
f6c3a79474ce,normal,none
183118224093,normal,none
764a6508f13f,normal,none
7d79197cd7f3,normal,none
1b6998ee77bf,normal,none
20970b4c6db0,normal,none
14760086c021,normal,none
5ff32a3a1d0f,normal,none
8663054dd48d,normal,none
eb69a9d3410a,normal,none
8d78d8061d21,normal,none
0e651bc2c3db,normal,none
cef8d03fb2c6,normal,none
9705a00b3ea1,normal,none
14c337fd3a50,normal,none
0b58f95507f1,normal,none
c84df73392fe,normal,none
8e017c33f8a0,normal,none
ca29c9b78bdb,normal,none
f1a55635cdec,normal,none
6a10229f3d44,normal,none
c7964dbe50ad,normal,none
22da43926a8f,normal,none
9acb9f15bb10,normal,none
e96a079e799d,normal,none
da9b0112a503,normal,none
3567ee3ce710,normal,none
168302b966ac,normal,none
4360f0bcce30,normal,none
c2759512365d,normal,none
0936561459d5,normal,none
f46242f5bf6d,normal,none
2c03e6f4b301,normal,none
7f8ba4e74465,normal,none
893a6c07f6ca,normal,none
f5dcb24a3fbe,normal,none
49773a582768,normal,none
7b3c8644b632,normal,none
093bb52a57ab,normal,none
613a3ffdfeea,normal,none
1841eeed1a35,normal,none
93fa6169faec,normal,none
c35e10fdb9d0,normal,none
1f0d76f8bc75,normal,none
dbd68edc975e,normal,none
6523780214d1,normal,none
36f8dcc6eeb6,normal,none
5ef8f5dbed76,normal,none
74824a4c70d1,normal,none
5ec2f6dd2f8a,normal,none
f167ead95769,normal,none
64db69eaa675,normal,none
9e01c8b1cf5a,normal,none
6ddb9f14563e,normal,none
0a407cacf589,normal,none
2e370ae56361,normal,none
325ae8d93d28,normal,none
de22ffb16a5f,normal,none
36ed41dcde98,normal,none
f50be4553ab5,normal,none
7330afb0753f,normal,none
145b413c0099,normal,none
6b413adadb41,normal,none
0d9569d476a4,normal,none
02c667ad5187,normal,none
a0013a4d578a,normal,none
296286d3b825,normal,none
d7df3b489d54,normal,none
b72e44d065e5,normal,none
735cbb117360,normal,none
51c6e7aa5064,normal,none
fff2f1ad47e7,normal,none
dc30fff60986,normal,none
cfb054a5c5ba,normal,none
1a2fe20d43b1,normal,none
7fd353c38540,normal,none
7efeadf66a6b,normal,none
ccceea4f7467,normal,none
53079236cad7,normal,none
539d27417701,normal,none
f37103761875,normal,none
a5c5c2b6f86e,normal,none
1ee3cec835bb,normal,none
a96745a32440,normal,none
f6cc65b26c54,normal,none
a7b6469f0982,normal,none
e2852a50ef57,normal,none
49f8e63cb0f8,normal,none
8602a9c41a7a,normal,none
ebed24e3cfd2,normal,none
e3beb122e0e4,normal,none
670ffdaf178b,normal,none
d3ba8304f07e,normal,none
5eb481d90fd9,normal,none
af4db6916f3a,normal,none
77b40c5f9b80,normal,none
997728ce6127,normal,none
e625ca2c8813,normal,none
95f3dce9fef7,normal,none
2921488b0e7b,normal,none
02a02e0b2d33,normal,none
c30770094b2e,normal,none
c35ae7575dfb,normal,none
5fcae9294f52,normal,none
7652a98890b8,normal,none
68281da63e9f,normal,none
2d5f817fa4f8,normal,none
f4ca87b0900f,normal,none
6cc9792717ee,normal,none
a935e1b0f09f,normal,none
97a5d5c42aa9,normal,none
e7f7e439c1a8,normal,none
4fcc76a82c3c,normal,none
8a4e8133748f,normal,none
f5ba709f6647,normal,none
5b4fa80cb178,normal,none
ede2cafeeac6,normal,none
82660b8b90cd,normal,none
3e2d6ab384e4,normal,none
d7466103f511,normal,none
27c03b80d83f,normal,none
681e764e6d8b,normal,none
caeaeb9c690b,normal,none
09c3e1c76f42,normal,none
017e499c61ef,normal,none
ff6468096a5f,normal,none
685bcbbd2760,normal,none
5a50134d3dfe,normal,none
18e03ca483e4,normal,none
06993489abf6,normal,none
0bbee6063922,normal,none
09d09563202b,normal,none
887a26ad4256,normal,none
84abfdc58c00,normal,none
dfbd114bfdea,normal,none
a54e9830ef3d,normal,none
ad1efe3e5a88,normal,none
83525cc88f66,normal,none
0217f0ad26fb,normal,none
406fc9100b60,normal,none
4a45f4006719,normal,none
870554f13e0d,normal,none
90c99b21634d,normal,none
40f4c5cf38b7,normal,none
71971229d4f4,normal,none
83be8ff04f0d,normal,none
f41336a9dd9a,normal,none
6943c7cc8cce,normal,none
986f92b94ae9,normal,none
f84c2ea68d05,normal,none
3e95f89ac88e,normal,none
24ee3e5a8891,normal,none
0c72e92bf6ae,normal,none
ec3516b93c4c,normal,none
a0c40029a0d5,normal,none
ece891f66080,normal,none
4bc6dcd15b35,normal,none
dfe5a30433a6,normal,none
f5d9561c3115,normal,none
5f648dab7c19,normal,none
2c04f69c62a9,normal,none
c4a7e34ddc34,normal,none
db577c154aa7,normal,none
49bdb84b95a8,normal,none
9237bf023d00,normal,none
df267cf775c3,normal,none
7d84ade227e5,normal,none
071a4ac51fd1,normal,none
1593216092b9,normal,none
7a4d1f9614e1,normal,none
0771c2aa959e,normal,none
78d590038b16,normal,none
fccbb48f2d28,normal,none
d9e07d3c0d0f,normal,none
cb790198c62a,normal,none
c6ba70ae1de2,normal,none
5a32ac350b23,normal,none
2e734222673c,normal,none
449bf9b11ce3,normal,none
3b9b4b98650e,normal,none
22e3786f3f7e,normal,none
bbc5c80aa087,normal,none
666fcf416ecf,normal,none
56f06f1c1fbd,normal,none
5a265c7fb8d5,normal,none
ee1b5b58a926,normal,none
7c3595af059d,normal,none
229342f8e84d,normal,none
26459b46390e,normal,none
42e95cdc3f41,normal,none
c673081a0d42,normal,none
0863f45af244,normal,none
283d26f1afa4,normal,none
5da59d1a4657,normal,none
8ac284d98634,normal,none
ca82063a89ff,normal,none
5c46cfd4cdda,normal,none
1db771d0d1e7,normal,none
536e733ab5ab,normal,none
fab4e101d77c,normal,none
edfddde1efc2,normal,none
ca843d897a14,normal,none
622b4c6d26e1,normal,none
943af2e8ff31,normal,none
5354294a9d8b,normal,none
380fba105b1d,normal,none
6a216182a691,normal,none
50ab687e0187,normal,none
4d0b266f5d1e,normal,none
61552345a07f,normal,none
d4323512b760,normal,none
d87e7093951a,normal,none
f80b8959cf42,normal,none
a11e61430b46,normal,none
6ea85df5fb9c,normal,none
11628e8bc461,normal,none
0dd3eb00748f,normal,none
53e71d3920cb,normal,none
909bd44b9594,normal,none
cc1860f95762,normal,none
fd79835c0aad,normal,none
d8ae9b3b7a1d,normal,none
3da4fa3b2259,normal,none
d47039a8032c,normal,none
90a7a4b56548,normal,none
4b8bd14d34e5,normal,none
a0c1d5b2332c,normal,none
79f5a128f131,normal,none
0e2df49d6c50,normal,none
0aa993d97eed,normal,none
315611bc57ba,normal,none
fdc33b6a7c91,normal,none
e7fb3e2e5bed,normal,none
ef0760bad8f8,normal,none
b7603e5837da,normal,none
4578656c5a61,normal,none
0ef1c4cb98ed,normal,none
4d1c6136766a,normal,none
c8353b35e7b2,normal,none
8671ecaa3904,normal,none
5011351d9d5c,normal,none
aa154f6b0d5e,normal,none
552c36afcdc1,normal,none
fe91a4fcf3e6,normal,none
79e44005a5b2,normal,none
4cb307f48798,normal,none
1631151aabf1,normal,none
e99a61b648ab,normal,none
bb6a8a16358a,normal,none
a875a59d2586,normal,none
e519d640f253,normal,none
8d77b50cf134,normal,none
0184b8f02cba,normal,none
85ea9bae29d1,normal,none
86fa4ef258df,normal,none
5a2be1fc4b0a,normal,none
ffa0d01aa794,normal,none
1090ccc39160,normal,none
667241745edb,normal,none
a55af8f0ef04,normal,none
ee6f2abf90c1,normal,none
fe5f343bf313,normal,none
5e74cd886052,normal,none
af904bd7b518,normal,none
92130a7c4d36,normal,none
d2300d64e7be,normal,none
706f4a11e81b,normal,none
c13909aeb847,normal,none
e53f011bfa19,normal,none
2a3620e3299f,normal,none
32c773eb5181,normal,none
329ccd7754b4,normal,none
06c9058c92d7,normal,none
bf97b3e42ac0,normal,none
48247ddaafb7,normal,none
a2b95afaca12,normal,none
26a829a4de36,normal,none
c9bebb125704,normal,none
6c372aaf9824,normal,none
7417ed1ddc6d,normal,none
ffd049d40ff2,normal,none
09ddacac495f,normal,none
a9275c0f6e98,normal,none
771586863587,normal,none
0f2cc69cb771,normal,none
40fb5fc74bde,normal,none
9f0a37122ec2,normal,none
3689ff2e75f4,normal,none
19582e4b67d7,normal,none
23fa3b7c9e6a,normal,none
7c3fee3599c4,normal,none
ad6a661ca699,normal,none
7659926b4345,normal,none
85aec2905c79,normal,none
f16d3aeac700,normal,none
93fc871dbc59,normal,none
447f6a6c5bcf,normal,none
2e21ade4ba91,normal,none
ef0d10cf292b,normal,none
100f1ae0f7eb,normal,none
a692e19407d5,normal,none
e4448721c6e2,normal,none
56790072da21,normal,none
995ca222ef6b,normal,none
149d559fb1c6,normal,none
43da8e84ec08,normal,none
b24dfa1edcda,normal,none
a4749c8877ed,normal,none
68ef982dcfa7,normal,none
74ea3606c802,normal,none
fc595a2b00bb,normal,none
460a496db876,normal,none
576b9b9234fb,normal,none
6e11cac84708,normal,none
e21bfcceebcb,normal,none
c393ff2623ef,normal,none
c8b25861045f,normal,none
2b85ca2e75be,normal,none
a56cfdd2f32f,normal,none
fd84e0fbc467,normal,none
4f11d06b75ed,normal,none
5a51a8d2af57,normal,none
0a1a759f2442,normal,none
cb9325c758c2,normal,none
18b3f716ed3e,normal,none
b147479479e5,normal,none
0f28707a755f,normal,none
865d49e551b1,normal,none
5881a4b1d411,normal,none
c092367ef79a,normal,none
f3a49e69e872,normal,none
ec3436071d22,normal,none
6e8ea4848c1c,normal,none
1bc7ecd35036,normal,none
b36da03cd0be,normal,none
b02338fbc6a6,normal,none
d3f2100c0f68,normal,none
7a9229a6e052,normal,none
4721f48df1be,normal,none
7ef6443ae4e8,normal,none
3fb981f49c4a,normal,none
a88f967fb451,normal,none
7421e135b38a,normal,none
1a47abb8d29f,normal,none
7087946f4097,normal,none
e0bbf0b1bb8c,normal,none
65f624ff69d1,normal,none
ecce262127f3,normal,none
9fc0ab3c9e1e,normal,none
69df71ce8ee5,normal,none
8f060db9e526,normal,none
bd348af71769,normal,none
000540c91b62,normal,none
616fe123acd0,normal,none
2e559890b413,normal,none
4128aac5e7f3,normal,none
6f53a7c8613c,normal,none
823349375502,normal,none
ae5a5b660a8a,normal,none
f6274df81b46,normal,none
7ebac17be686,normal,none
371e36c1f5e3,normal,none
e2b4c409ee89,normal,none
1e542f171675,normal,none
8c50b53becb0,normal,none
596463cb923b,normal,none
f08fd15548e2,normal,none
7eac44a35a0f,normal,none
fd9cf1663239,normal,none
20fe303c801f,normal,none
027c7152c4a9,normal,none
36679a63c83e,normal,none
b02accf8d52e,normal,none
117d313df0a3,normal,none
e54f8862c997,normal,none
56dad3ba3a31,normal,none
414f7411205d,normal,none
c9f769fa8a0c,normal,none
0750a521de1e,normal,none
f56c999c0428,normal,none
f25c6960fe05,normal,none
c4d2cbfc5e91,normal,none
367a2bf9c109,normal,none
783d885690d6,normal,none
3e28c31943d3,normal,none
ab70c4d86e8f,normal,none
4d406290bf40,normal,none
936b4295bf81,normal,none
5417d93748a4,normal,none
4e6cac438a04,normal,none
5cf7f58ea9b7,normal,none
85b60e5893b7,normal,none
d0fe2e176477,normal,none
4f3f5f992fc1,normal,none
a9e35ce8e77f,normal,none
9589a20ceb84,normal,none
43dbfc29776f,normal,none
14f16a8d4e81,normal,none
7d21943f22ee,normal,none
2a2e7f511276,normal,none
75434e8df271,normal,none
029dd895285c,normal,none
05e88cf8b0a7,normal,none
643ca4934073,normal,none
c914cb328440,normal,none
c8fe998f5055,normal,none
23d335ab0d21,normal,none
330aaf0f7bd9,normal,none
c3bbe8fc82e4,normal,none
bac5a8d91afa,normal,none
b763f20aa377,normal,none
33f666a681d1,normal,none
667e58abbbb8,normal,none
15aee8aad95f,normal,none
1136473361e0,normal,none
b97acbc792c3,normal,none
35f09be4adbc,normal,none
20807026d169,normal,none
899f9f2f774b,normal,none
ab1adf6bbe0a,normal,none
1a5f74c8f08a,normal,none
790e3427bc4f,normal,none
0c6033e9373c,normal,none
2bd1f33b7ebe,normal,none
e7b4d2d58fb2,normal,none
f1e341332344,normal,none
ecc4593d8d47,normal,none
76d1d09a6c81,normal,none
c6defc468569,normal,none
dc6071b97cc7,normal,none
36b1d6fb50e6,normal,none
1aaf3c459346,normal,none
1b2b52cdb168,normal,none
8d3fa5e4024e,normal,none
bc2b0aece3b0,normal,none
5308547da999,normal,none
ad5963787f8e,normal,none
be29b6b604f1,normal,none
482be8df86b2,normal,none
606137ee0d00,normal,none
b888e4152fb8,normal,none
76905455db7a,normal,none
85cf4dd23668,normal,none
617b43fb60cd,normal,none
c7db0b88207c,normal,none
5020e38091dc,normal,none
05bf8f9bbd5a,normal,none
e456011b3ce2,normal,none
63928a3cd52a,normal,none
3c6134ed3a93,normal,none
0a4f356b2e52,normal,none
273399590345,normal,none
62ca1e7097b7,normal,none
ccafe20740ac,normal,none
54cfc95bd566,normal,none
91074963f14f,normal,none
b4d1f8653fec,normal,none
549dfe4bdf70,normal,none
f2c1b143fdd2,normal,none
17da988239c8,normal,none
2d0b997fbfc2,normal,none
62b62f397775,normal,none
ff84ab6abbe2,normal,none
8083beeec2ce,normal,none
9cc4b0ec3105,normal,none
97faff5c36d8,normal,none
aad4cc59d154,normal,none
eef9e7c00101,normal,none
0416c69c3b56,normal,none
6ac2cf4421a8,normal,none
9aa97ebd601f,normal,none
085b221296eb,normal,none
3def470406b1,normal,none
81b945ad01fd,normal,none
521097fe0648,normal,none
755d21d2a7c1,normal,none
f29afd5fe0bd,normal,none
274968f6f79e,normal,none
43d27e28e18e,normal,none
be585e2b7ba6,normal,none
884a30c59332,normal,none
378f8922553f,normal,none
ef08f14f6c2e,normal,none
75f98f789439,normal,none
2bf0827a341a,normal,none
622d2c544258,normal,none
2cf681ae58aa,normal,none
5277dce1fb8e,normal,none
8b9ad8c17597,normal,none
8c858a906f39,normal,none
0ac0e3d70436,normal,none
c04dcd66ea97,normal,none
0719f70f3641,normal,none
945dca92b9c4,normal,none
0b4ccd5799ba,normal,none
973a3e787506,normal,none
f2064a4b0c68,normal,none
3bb0cd615417,normal,none
a814ba7ddc88,normal,none
97f18b869da8,normal,none
11d47cc363c7,normal,none
e5bd6dcfc808,normal,none
37d41578ad89,normal,none
9e16f36e8517,normal,none
d289541c4681,normal,none
e399021ef3fe,normal,none
eb0f8daa661a,normal,none
b09e117393d5,normal,none
6f067ee3148d,normal,none
a5a92c2ad5ad,normal,none
a3f7e02b3549,normal,none
048f27151556,normal,none
d15fd40ef8c4,normal,none
62b132a9c21f,normal,none
043ebbaac6b8,normal,none
a7d54ec0481b,normal,none
b0ce13bd54a0,normal,none
d2892cc36665,normal,none
ab5ef03158f5,normal,none
9ba0be4ffed9,normal,none
f75b18dd3d1c,normal,none
c6f08dc0c9ed,normal,none
64604e48d105,normal,none
b5900bd688cb,normal,none
b408875e098e,normal,none
7534e011cff2,normal,none
8bfa9d207343,normal,none
dc28c3db86a8,normal,none
836c7b221d57,normal,none
128102530f8d,normal,none
c49e67375017,normal,none
b4ac0038484a,normal,none
2f27bac41d45,normal,none
e97e7dab99ee,normal,none
d32bb92fc81a,normal,none
e011ba98bcd2,normal,none
4e0c857b3f8c,normal,none
aa679b2f6d61,normal,none
055f9849afbc,normal,none
e5abdd0698f2,normal,none
2cd4dc16f61b,normal,none
9cd13955086c,normal,none
70b471112ad2,normal,none
6c86969315cb,normal,none
7fd916d5952d,normal,none
84ca536cb823,normal,none
5170459e1b18,normal,none
161cc3340e1d,normal,none
c6789bf1fc09,normal,none
2ad163661953,normal,none
459d500300f6,normal,none
b3d16d5b7946,normal,none
40fe7de0626f,normal,none
4085c3faa079,normal,none
8340d0235773,normal,none
8af13c4b6062,normal,none
90bb6a4f1a42,normal,none
7c8466612b4a,normal,none
351faea32786,normal,none
a71cf9ca369d,normal,none
40600e500d21,normal,none
5c7c79bc27cb,normal,none
5e3d67537e4d,normal,none
9fd7c1c2985b,normal,none
47951a3bafc7,normal,none
444f980c1528,normal,none
b6efeff5fd61,normal,none
07d04f3f87b9,normal,none
364ad4e44e09,normal,none
a5f72eb81354,normal,none
a53089d00704,normal,none
29839bc3759a,normal,none
ee9630d56bc8,normal,none
39ddbd0f01f5,normal,none
9f702e3c3036,normal,none
e56f64f92f35,normal,none
232f6fef1dcb,normal,none
fd4941b2bdd4,normal,none
cd0a1d9233b0,normal,none
94053659d471,normal,none
568a4a52dea0,normal,none
5afe60ba548e,normal,none
754078dc7c0b,normal,none
4359ec43f051,normal,none
258e58f105cb,normal,none
29c660ee8320,normal,none
980395e38cdb,normal,none
c98280e3a697,normal,none
9a7a503048ac,normal,none
d733d839f56e,normal,none
eebbcba717bd,normal,none
5feb5c0bd994,normal,none
5b32ea66555a,normal,none
6ab8d242286d,normal,none
3fdf31a08e9c,normal,none
6185f1aa9061,normal,none
3ea86187091a,normal,none
86666113ceab,normal,none
8077dd506ba8,normal,none
edeb1f4e9801,normal,none
f61710a45bd1,normal,none
b8c5b5311392,normal,none
2be7f84c66ff,normal,none
baeda71fdab5,normal,none
50b41915e34e,normal,none
123180af8394,normal,none
0a4147a38c67,normal,none
7f7d99436f13,normal,none
8f01fca78f56,normal,none
b7cd28336e1b,normal,none
5daee696e516,normal,none
016839ba8eda,normal,none
7566445888b6,normal,none
6d5d6455f1e7,normal,none
f285ce953e09,normal,none
fc7e2debba0a,normal,none
9dcb023c20cf,normal,none
56d4f08558d1,normal,none
9a84ba9bf4ef,normal,none
beb12476bf87,normal,none
c8c9dbff9142,normal,none
dcecfad35508,normal,none
e1df9fe63e77,normal,none
c1104c67774e,normal,none
f2bee87dad98,normal,none
1f79e00607f0,normal,none
35188724edfb,normal,none
412f832896db,normal,none
735e2db7178f,normal,none
4411466a82d1,normal,none
afc05cdf1671,normal,none
1585d4798e7f,normal,none
ba7c88f9bed2,normal,none
2f9ca3cd4f24,normal,none
37e5afd9fd35,normal,none
4ac29b53ea13,normal,none
6f9fd1a22028,normal,none
75fee463e1df,normal,none
3fbf43b1f3cd,normal,none
14fadd3888cf,normal,none
db12e30b4f51,normal,none
a921a5e66dc8,normal,none
ffcfbcd9c4e0,normal,none
7e7127a3502b,normal,none
9091709dd965,normal,none
d5a6275e36e1,normal,none
66e3ea8a9beb,normal,none
77d92c9815c0,normal,none
047a877e3a8d,normal,none
2f2806c1e379,normal,none
94178f5f0325,anomaly,low_and_slow_exfiltration
e801cb9a6a45,normal,none
70bdb243ac94,normal,none
3a43838bb8cd,normal,none
252405344961,normal,none
a1d9e659e429,anomaly,brute_force
2f8fda10c37a,anomaly,brute_force
e91746a07e07,anomaly,brute_force
876a9047a74a,anomaly,brute_force
dc876c781f03,anomaly,brute_force
3e5bbff1c4d7,anomaly,brute_force
d84df8d0efdf,anomaly,brute_force
ac723df9de12,anomaly,brute_force
9ffa0e92e214,anomaly,brute_force
116cbe6ca0a8,anomaly,brute_force
c8c12fb9d7ca,anomaly,brute_force
52e0a7b284f6,anomaly,brute_force
70463c4bf6b9,anomaly,brute_force
663a83034a51,anomaly,brute_force
1b49ddf2acf6,anomaly,brute_force
b40f81a76ab1,anomaly,brute_force
50eeb580cd92,anomaly,low_and_slow_exfiltration
e5a3c617f06c,normal,none
05d8de054381,normal,none
a5a11e110410,normal,none
928e7a31f146,normal,none
b62d82d12d16,normal,none
fe278b25a144,normal,none
79d6f13aa3bc,normal,none
624a5f2fd269,normal,none
d41d20174429,normal,none
1012a96feaae,anomaly,low_and_slow_exfiltration
b996c6bea8d1,normal,none
7457fbfbce1e,normal,none
6030e3a5d4ca,normal,none
c9cc64c63dd7,normal,none
42480e1f37e5,normal,none
04eb94843c94,normal,none
bd79c3ed72bc,normal,none
84e2843c9481,normal,none
63cd62751518,normal,none
6fbb4ef9d48f,normal,none
6280c1fb4d4f,normal,none
01dbf232d306,normal,none
317a2c464938,normal,none
35a73a3184a8,normal,none
9fad672b89f1,normal,none
4848839b47bf,normal,none
6fd47906a4e1,normal,none
c5134ab7ef37,normal,none
f65178d3f37f,normal,none
614cc5ed5ddb,normal,none
29d9088ab1df,normal,none
c0ba5f1be763,normal,none
73ffa0f6eb66,normal,none
ad0bd40f4ae9,normal,none
327595224cf4,normal,none
8306141e0647,normal,none
dfbeee6ab4d6,normal,none
91ee4383840e,normal,none
276b5e32d13d,normal,none
1ce28349bdd3,normal,none
8c3bca3982bd,normal,none
7f4f3bf2286f,normal,none
35d98c4d43a9,anomaly,impossible_travel
72eb786c4cd0,normal,none
8043a7e8e734,normal,none
db6d35616705,normal,none
d7f9cbb541a8,normal,none
256082e918d0,normal,none
3f5fd12b6d71,normal,none
f02db0289a66,normal,none
0861d91626cf,normal,none
1cc8d13949b5,normal,none
a0b1a0de8c8d,normal,none
0feccced026c,normal,none
9ed1915529fc,normal,none
8737dac5af5a,normal,none
631f50a162d5,normal,none
8134352aaf31,normal,none
4d29227be3c4,normal,none
8a9d71760a2b,normal,none
c06df224e93b,normal,none
f545c7cd6081,normal,none
2d31892aed45,normal,none
dab0a7bf6fa1,normal,none
3a55f95d34b7,normal,none
b30fda52201e,normal,none
d44783b849a9,normal,none
38f25e2651a3,normal,none
fce2c1915f92,normal,none
1481b428cee5,normal,none
5364b07210d7,normal,none
081cfad955c3,normal,none
a8e4e4daa30a,normal,none
6fcfb51f2f8d,normal,none
b5ad9437b6e8,normal,none
8861452136f2,normal,none
35d0f80502bd,normal,none
a7b2f6500f31,normal,none
89988b756458,normal,none
86788497655a,normal,none
dd77cb97f6fb,normal,none
2fa6993bfa5b,normal,none
7d3738e8bb01,normal,none
12ec90b47f78,normal,none
bec23ae9d83d,normal,none
9322b98c8c62,normal,none
cdcebb2cf23a,normal,none
962b9cb27408,normal,none
03b081ce9bf8,normal,none
027f2a3e6ae3,normal,none
44981a60fca8,normal,none
80d73ede7d88,normal,none
52401a4e10ec,normal,none
0b030bf382cf,normal,none
9276df797d5f,normal,none
4d8d80dd1d51,normal,none
d25ec3da7329,normal,none
50fc33761899,normal,none
d084e6fb41e1,normal,none
c24cff7b4ee4,normal,none
592bdac5fb75,normal,none
3459a8433c4d,normal,none
137c057db807,normal,none
d8b505287505,normal,none
80db671c226a,normal,none
3cbc22e6de01,normal,none
1af81fc8dd5e,normal,none
adfccf50746d,normal,none
7650b63cf5a4,normal,none
41257c33f161,normal,none
25947fb1e719,normal,none
e42ca34db372,normal,none
99d63347c2c9,normal,none
b931e7c3a2b7,normal,none
4df46861905d,normal,none
994e567acb0e,normal,none
c9c76d4533de,normal,none
8ed761896318,normal,none
079f18dc039f,normal,none
d7ca85e75299,normal,none
d28d9bc95689,normal,none
7056c1b20dec,normal,none
a4a94590bcfb,normal,none
0e3532a9a3b8,normal,none
5a87fc6abda3,normal,none
79a65839e5ec,normal,none
0da64fe9f2ff,normal,none
09e8864a7dc9,normal,none
3f6d38df3158,normal,none
f0376bd98ff3,normal,none
a55b5c9aca0a,normal,none
0866bfdae923,normal,none
c81c3da4fced,normal,none
45e51f0bcd27,normal,none
eda719ba5f15,normal,none
cc859143fc90,normal,none
bc2ddcfed012,normal,none
b565d6f8d935,normal,none
876a95665b0c,normal,none
23b602e700e9,normal,none
7669a28eb933,normal,none
4274266059c6,normal,none
c999b1240aaa,normal,none
132c448ae48c,normal,none
587c98141f10,normal,none
f9d0e92df034,normal,none
d3870ddbb334,normal,none
b7c862fb45df,normal,none
c7c7894a9bb7,normal,none
e40d00563e17,normal,none
954c802c5139,normal,none
b080174e99c5,normal,none
1ea3231216a4,normal,none
3cf4ec2a87aa,normal,none
04b28dcb46f2,normal,none
ab66e27c31cf,normal,none
30362bd399c4,normal,none
15f7f46d48c7,normal,none
509b99c9d5fb,normal,none
235e0240a995,normal,none
dc7bce6d5747,normal,none
7f15fd1453e8,normal,none
e664fa10527e,normal,none
b40c93db51f0,normal,none
5990ed432d76,normal,none
001cc437a0da,normal,none
ac1c1af60d90,normal,none
3e866d0fa335,normal,none
0bd81ba00e80,normal,none
c437410be6b8,normal,none
17a5242824d6,normal,none
e4adceca6a02,normal,none
d2c7fb0f7d1c,normal,none
4a02951561c7,normal,none
d8a3632e47e8,normal,none
63aa5aac9600,normal,none
9a050d70b5d4,normal,none
c4d10baee18b,normal,none
bef2ddfddf36,normal,none
7aea35ffe1a7,normal,none
378593b026c9,normal,none
e18c5c853bef,normal,none
1bef87a5d6f0,normal,none
0b6ebd9c465c,normal,none
ce57dea133ee,anomaly,lateral_movement
eeb0b345de77,normal,none
631f4f59a21a,normal,none
536e926806dd,normal,none
631b20345424,anomaly,lateral_movement
c525a8025fb0,normal,none
6cb1cd4c56ff,anomaly,lateral_movement
3945cf7ac71e,normal,none
49f17ff70112,anomaly,lateral_movement
6da160210c34,normal,none
8f8ac8f389a1,anomaly,lateral_movement
3f523af32ef0,normal,none
3355b55f99d5,normal,none
270bc83ecb15,normal,none
5437111e9768,anomaly,lateral_movement
efe927881482,normal,none
d077877dc0a9,normal,none
6ac0df16071a,anomaly,lateral_movement
863adf740950,normal,none
d8be83e25897,normal,none
997db195a9a0,anomaly,lateral_movement
6c6d3dadbeaf,normal,none
f10f06723246,anomaly,lateral_movement
cb553a5951c5,normal,none
db232b658740,normal,none
99d8f10c805a,anomaly,lateral_movement
3a8559286ef8,normal,none
fddb05ff2d74,anomaly,lateral_movement
6b3b34d51c01,normal,none
c96eb2dc402b,normal,none
a9650f3c5fbd,normal,none
9138f6a2ba90,normal,none
1966d41e94b9,normal,none
79e268017d70,normal,none
5c59490c8ebe,edge_case,insider_drift
38735246ce57,normal,none
57d56a8494ce,normal,none
d6d6d464801d,normal,none
fd05557f6147,normal,none
c6b2265c6b4e,normal,none
eb6cd098745c,normal,none
e9c625449360,normal,none
219a7709aa2e,normal,none
b97d5e2cf8d8,normal,none
017ce70af4a0,normal,none
82254fc347bb,normal,none
f8e134238752,normal,none
880b8936f534,normal,none
2e1c19035274,normal,none
7905bf15da01,normal,none
3930ffb33d85,anomaly,lateral_movement
0800aacd32fb,normal,none
89e7c1b7b33c,anomaly,lateral_movement
8fa086fabab6,normal,none
1b11fe9aca3b,normal,none
2f517e70d316,normal,none
d69e60293e77,anomaly,lateral_movement
63709bccac84,normal,none
7a3fb4917bde,anomaly,lateral_movement
a36907f1ed99,normal,none
3bb99cd8d5de,anomaly,lateral_movement
5f08885691a8,anomaly,lateral_movement
323b3383febe,normal,none
d81bbed6a762,normal,none
9d62f7c1830d,normal,none
ad87afd8d783,normal,none
bf3abddb1e09,normal,none
61a6f70a0ddb,normal,none
035d696dff2e,normal,none
c3fdebd07ca1,normal,none
899732c063ca,normal,none
89daf9c9a113,normal,none
0f24c311494d,normal,none
db7033cdf71f,normal,none
9bfa6c442c72,normal,none
d9d78cd504cc,normal,none
6521cdc42b21,normal,none
d59b374ae1d3,normal,none
774c3a5f4027,normal,none
f9f356aa7437,normal,none
d66382369105,normal,none
8377baaf8b34,normal,none
ca49de8ba6ae,normal,none
9ac30f5e3757,normal,none
9eee56cc5d94,normal,none
4382af7a6636,normal,none
0b98b3b4db3e,normal,none
4bb14a6e16d4,normal,none
53bc2f78a731,normal,none
4e9a77a73092,normal,none
0c393799cd95,normal,none
f8520ac7880b,anomaly,device_spoofing
d910eec69042,normal,none
077beaae4090,normal,none
1c581a9453f9,normal,none
d60fe0c790e4,normal,none
c6da2279a806,normal,none
f6bf019ea32b,normal,none
3cffaaeb88ee,normal,none
208c97da5f4b,normal,none
540529aa08ba,normal,none
94d46931583b,normal,none
4e94be8c9c8f,normal,none
cd363833e2bc,normal,none
ac99357bf59d,normal,none
b3f620d80acf,normal,none
8c3cca500933,normal,none
e7a6a4dff488,normal,none
e530757a0a34,normal,none
eda0e1fb2c59,normal,none
38d985857521,normal,none
4562b9312206,normal,none
51c4e0cd25d8,normal,none
5462c26d1691,normal,none
ffc315988228,normal,none
12fe2c818744,normal,none
9ec78aa56268,normal,none
bf22abbef827,normal,none
aa4eaf03aa44,normal,none
3dbd1b409361,normal,none
2238cdd1cd44,normal,none
f903e9c0f6c6,normal,none
d7747f973ae9,normal,none
d9465d07b8be,normal,none
4aeafb84e6af,normal,none
c9559152cc78,normal,none
13e5aa113c33,normal,none
1dcc3600b2c9,normal,none
65d21e7f574b,normal,none
7da42ca74a91,normal,none
520db94595a1,normal,none
b938e7813b35,normal,none
168266d38fc7,normal,none
22078a308ca7,normal,none
2bd63d2d8bc8,normal,none
7b9aec425fd3,normal,none
f3b6cd8bc3c4,normal,none
f34cf71d7356,normal,none
bedd6d5ae016,normal,none
04b7ce4922ef,normal,none
d8621060b172,normal,none
70b39a3036d6,normal,none
643147bc19f6,normal,none
c2cfad8b5f72,normal,none
23406b23195a,normal,none
2015d09e5d64,normal,none
40fd456f90bf,normal,none
e30e80e61c0e,normal,none
7cce706e4b9d,normal,none
1d19c80da606,normal,none
5efb27452596,normal,none
b80179d25849,normal,none
3e7588006ed5,normal,none
047b68937330,normal,none
0424d8452fb0,normal,none
abeecfee6e61,normal,none
90f8f493b18d,normal,none
928f12b26d0f,normal,none
7ea507f9a038,normal,none
af52f991f2ca,normal,none
f2fb0b874c3a,normal,none
4d0fdfe9b5a4,normal,none
1e99eaae9a07,normal,none
aeb44749004a,normal,none
eaf6eff3fd9f,normal,none
9db25b0ce09d,normal,none
cd6c22a681ac,normal,none
a3e25a6efdb2,normal,none
de294b93399f,normal,none
abb3f6741f54,normal,none
9ece8cf2e44e,normal,none
be986a6cdd14,normal,none
f9ab225419c7,normal,none
17daeaed2f15,normal,none
dfb1bf316da2,normal,none
73a95bcfb464,normal,none
536d184573e0,normal,none
64cfca4c6e75,normal,none
a6047b39a5c4,normal,none
fd1b605e7b2b,normal,none
3227fac7be9d,normal,none
5e28b420cc4c,normal,none
090b824f2d1f,normal,none
a582d46141a3,normal,none
b88d43cb4256,normal,none
073a785ac5cc,normal,none
4fd0c4cee6f8,normal,none
78f98a10905e,normal,none
6db1221a3cf2,normal,none
76462f0649dd,normal,none
cf24affd82ac,normal,none
0584289dd2ea,normal,none
11340eaeefb5,normal,none
b37496683498,normal,none
99373daccb84,normal,none
7b9e088e461f,normal,none
84abcca8501d,normal,none
0736fa208a37,normal,none
2ef59823239b,normal,none
f485572c8077,normal,none
a6066425b669,normal,none
249cf44b06ff,normal,none
b883189ff774,normal,none
6c889fc39153,normal,none
c16745e45b21,normal,none
9a6d9582d1e9,normal,none
26a61b7565db,normal,none
fa4bc9c9b173,normal,none
717494a727be,normal,none
c2ef0b55703b,normal,none
a98803a714ef,normal,none
4b915848c297,normal,none
7ab5a47ef010,normal,none
a662268fb9ff,normal,none
81a085d2e4c6,normal,none
3c43ef895637,normal,none
1ff462c4b393,normal,none
97caa522c89d,normal,none
90c7fb184249,normal,none
4750838a54a0,normal,none
95f7e734aedc,normal,none
703c99b64dd3,normal,none
b42c80035fba,normal,none
09857858d031,normal,none
af13decc01f4,normal,none
e88e7fbe476e,normal,none
a46f4c932c66,normal,none
728057bcb104,normal,none
a7c94f204b0a,normal,none
e9f70887fd63,normal,none
89a1001b944a,normal,none
2da9a8289161,normal,none
5157947b6979,normal,none
bc3d4555484b,normal,none
b33f2bc416f2,normal,none
f90ee436886c,normal,none
93ebcfd72dfb,normal,none
0899eca61663,normal,none
4f910c3db9cc,normal,none
1ca14c66c707,normal,none
6b57fa5835aa,normal,none
51ddff6cf49a,normal,none
bf3a46741797,normal,none
3a4e646f689f,normal,none
725d8e32dd80,normal,none
58431c341e9d,normal,none
3b52a109a3d3,normal,none
f008ed9c7320,normal,none
8711212019cf,normal,none
5dbae234087d,normal,none
862294407542,normal,none
51e7a78efa40,normal,none
99daa0390694,normal,none
567ee8823e8c,normal,none
6c4f84d66293,normal,none
90666c10e753,normal,none
54297ff392d6,normal,none
bd8b6984ac5f,normal,none
7672c715a06d,normal,none
ec7fa3a88e94,normal,none
17b488094674,normal,none
82f35fc37518,normal,none
d24b8253cf05,normal,none
69eee9c79cc0,normal,none
eafb20927d01,normal,none
4b0c5b92b535,normal,none
ee6f15bb3e40,normal,none
bd756fcca636,normal,none
ddccc76ea000,normal,none
fee8113726a2,normal,none
ff1cdc0a5d62,normal,none
6b862903987e,normal,none
3af797d8abcc,normal,none
debffc4ff348,normal,none
0e53719e0806,normal,none
ac6f5de66f06,normal,none
0c6eeb84d005,normal,none
fff54f6a81bb,normal,none
14704145c99b,normal,none
55900100c957,normal,none
9e6cc4661bc9,normal,none
995e762d6c7f,normal,none
88f22f50cd8a,normal,none
8a5457651d8d,normal,none
185ced6ec1cd,normal,none
5fd187312ba9,normal,none
e7ba2c01e07e,normal,none
5f718fba0b81,normal,none
a888161d2d5a,normal,none
9727ffdb5981,normal,none
7e2b9e40d968,normal,none
cdc9bbc9db09,normal,none
c18d4d52067a,normal,none
b1a409105cd1,normal,none
d26659852a30,normal,none
cea0d97599c5,normal,none
70706c52050d,normal,none
3e6f49fca29e,normal,none
beafae87f028,normal,none
7395134f8114,normal,none
d87c3176f90a,normal,none
f2f8fea1d1d1,normal,none
266e86b398c7,normal,none
aa41959d70f6,normal,none
42f520b32b39,normal,none
ae90d86973e8,normal,none
5038e03cbd20,normal,none
c83d7501a299,normal,none
2f50211172c0,normal,none
96d2c3d2762a,normal,none
8d8f3ada7e91,normal,none
c9413ca76d10,normal,none
34023f238108,normal,none
0a42c2a15f72,normal,none
01aeffe25417,normal,none
64da958d372e,normal,none
6f55c86077ef,normal,none
4f9dabf58aa7,normal,none
cac0992a4c38,normal,none
083a280317fe,normal,none
09c7114b0af8,normal,none
2aed0d3a45d6,normal,none
9ca7c76b8e93,normal,none
ae5d24c26483,normal,none
1264abc2e336,normal,none
6d9277572ac2,normal,none
c16b367978e5,normal,none
8ef2d05f94e9,normal,none
875def9eb331,normal,none
31dad4d8207d,normal,none
b14fdc485bb1,normal,none
99db0f377938,normal,none
4f5039820e32,normal,none
3be437ba8a83,normal,none
4aceedd2cd5b,normal,none
e06ddc227069,normal,none
f50e947f5be6,normal,none
345a10fc73c4,normal,none
eefc8b9f6ee8,normal,none
71fd1e420ccc,normal,none
fadc6f05f66a,normal,none
3cbe4f802956,normal,none
3d309c013f0b,normal,none
dd2b8678886d,normal,none
d9e472225cec,normal,none
66a8ff9cf1bb,normal,none
89e1626dfe13,normal,none
89613a3d6b78,normal,none
ce57493154f7,normal,none
11e12e5208b4,normal,none
96e8581d844c,normal,none
5f3830235449,normal,none
3839b85ba0c3,normal,none
96bc66f25e7c,normal,none
9c77fb5a9dc7,normal,none
819f46906ea2,normal,none
87f9f660f24c,normal,none
164dbdd211f4,normal,none
b21b75a3eb24,normal,none
95466d30c020,normal,none
971fefb24cb8,normal,none
eb3aafb87642,normal,none
31b9d869c513,normal,none
8da05b35d4fa,normal,none
bdfe4a00cca8,normal,none
2f0f2e672a9f,normal,none
ffaac9673bc6,normal,none
4b41fd9f9d6b,normal,none
0d506b4ad74e,normal,none
57025f5b065b,normal,none
dad6f9bd2330,normal,none
9ac4a792eb54,normal,none
855d72df6fd7,normal,none
13f30cbf8872,normal,none
98c57b8a324f,normal,none
f5b7db194447,normal,none
ef0eaa66e3f5,normal,none
13fa6dd0eb4f,normal,none
b9bf0ed6f7cb,normal,none
8d37da7fd061,normal,none
bdb5f02d7d09,normal,none
512b760a2f30,normal,none
ecad1aa37f57,normal,none
00df71faa819,normal,none
99f268606c94,normal,none
004fa2d3617a,normal,none
4ec32ed1f932,normal,none
9c62b503967b,normal,none
65e9f221ce39,normal,none
ebf30d8bf1f9,normal,none
abff50146357,normal,none
d534d19f0764,normal,none
3dbc69e90b94,normal,none
bf1dc85dffb2,normal,none
424a624d282f,normal,none
d86554f19a9a,normal,none
ae6ddb4d0e26,normal,none
aa09f6c9a4c0,normal,none
91db4bf9c9c1,normal,none
b5a96c9c7df7,normal,none
0de39ec4a321,normal,none
25d7c319fff1,normal,none
a4b2de72490b,normal,none
9eccfe06a6c4,normal,none
0f6cd28764a7,normal,none
74066289597b,normal,none
0806f2e69f5b,normal,none
404ade517005,normal,none
316758ab5102,normal,none
867271f64abc,normal,none
4f7ff9cd8970,normal,none
fb75e8ec3636,normal,none
c7aade9bc565,normal,none
f10ffc8ea5f5,normal,none
b59f9b2667f5,normal,none
afe48a0634d8,normal,none
cef2a5fc3215,normal,none
83075c485f55,normal,none
8aa4ea6b2a16,normal,none
5219c82fb1f6,normal,none
e22660c4540e,normal,none
4a3e205f18d6,normal,none
d138bbd445fa,normal,none
e63397cfbfe9,normal,none
78d800c80f7b,normal,none
15f80d8c9993,normal,none
327e392cecc4,normal,none
0101cd8cf960,normal,none
64475c72e5ac,normal,none
565074398dc1,normal,none
3c1ff8512038,normal,none
183a11a0810b,normal,none
99b2672663ca,normal,none
1a7339be2583,normal,none
957d6946779b,normal,none
a9f00e2f764a,normal,none
c1f8c7fe42c1,normal,none
92ba38224a4f,normal,none
904b16aa0aad,normal,none
ff02afa38e5c,normal,none
bae7c8620796,normal,none
71fc12f4ac7c,normal,none
687ea14c71da,normal,none
45f82378b9b7,normal,none
fa3cbea8bf39,normal,none
9b57d8da7158,normal,none
ac93069f379f,normal,none
172550e3d611,normal,none
6a0105c5c3b0,normal,none
55b158f4b9c5,normal,none
25b4d7bb379c,normal,none
5d9fe2d45dc4,normal,none
ba4a5c11630b,normal,none
6ae8513adc29,normal,none
d4e36295427b,normal,none
19be90e114b8,normal,none
b9533c2b7c80,normal,none
d6eedb3bf7c3,normal,none
92f6b88d12e6,normal,none
8529212413be,normal,none
d986eb220f4b,normal,none
ac09d546c8bb,normal,none
ffd495ccd15f,normal,none
88cc75369246,normal,none
4b868081afc7,normal,none
e22398e6c6fb,normal,none
d92013ff66dd,normal,none
e70e4cbad582,normal,none
1d6e9e6a60ba,normal,none
2400d16ce33f,normal,none
08084bb5ca66,normal,none
b661059246e0,normal,none
39675ade7c37,normal,none
3a387226b33e,normal,none
f37c9d1f84e5,normal,none
2df4c547fed6,normal,none
1b712f2d4df6,normal,none
e85bd7317852,normal,none
8a2c80dab75f,normal,none
0dd340b163b7,normal,none
5e7668b68e7b,normal,none
d8045b6995f5,normal,none
cb35ad62b080,normal,none
33a067736ff1,normal,none
65cc945fe3f5,normal,none
5e56e4e5d6a6,normal,none
4b03914ac68c,normal,none
e6ef2205d39e,normal,none
7c47044f3f05,normal,none
8697dda2d0a6,normal,none
c5fa2a957f5b,normal,none
8bb6b886011a,normal,none
d840221ba540,normal,none
33a5625ac6b8,normal,none
7830cd64b80d,normal,none
52a39fa5c4be,normal,none
5451d003fbb9,normal,none
13ff2d957bd6,normal,none
38629a115991,normal,none
3e7575d1b582,normal,none
95afaebdcb22,normal,none
79b26668429a,normal,none
3b3424c92929,normal,none
4166c0363756,normal,none
c108c45ddc80,normal,none
f73a8275e838,normal,none
dc8dc34dfb54,normal,none
66c202c4447b,normal,none
4919e9299329,normal,none
87893bc9c5df,normal,none
d13343cbd706,normal,none
4501ffca6bcc,normal,none
ecb46f5bcb35,normal,none
aabcafac771c,normal,none
9189adb17338,normal,none
f6e5796318d9,normal,none
090a46dfe6ea,normal,none
53b7c2594de9,normal,none
f9ae9d20a1dd,normal,none
509ea8ec143c,normal,none
b92189638056,normal,none
f786181a2b21,normal,none
028e46758898,normal,none
5884aaadaabc,normal,none
c330f7168211,normal,none
44987c442156,normal,none
76179977a023,normal,none
83459437b836,normal,none
2dc87f089a4b,normal,none
8f2326994167,normal,none
8ced2d3aa6ae,normal,none
035102521563,normal,none
60aff30acdd1,normal,none
acefcdad759e,normal,none
2fc51edae7a0,normal,none
47d521a931f1,normal,none
705d72930a63,normal,none
ecbe4fc5b8c0,normal,none
438ffb4df94a,normal,none
981ff705b4ba,normal,none
0f028004bad9,normal,none
a054d53d2e51,normal,none
29b265562f27,normal,none
bf800e3e38f0,normal,none
c56b49cf8858,normal,none
f7509f438e42,normal,none
aba22e238dc4,normal,none
4e5b858612fe,normal,none
ae02fc5fc5de,normal,none
1cf810e80537,normal,none
2e314046de35,normal,none
3dbcda617308,normal,none
c14acae9681f,normal,none
dae80ba35f74,normal,none
59eb309b9c35,normal,none
95c7c8954204,normal,none
fd85bf505bab,normal,none
c07f4a9866b9,normal,none
e9d8228be389,normal,none
232cec088435,normal,none
ccafe9d4b1a5,normal,none
c8ccbe06f5b6,normal,none
8f9cbee08a50,normal,none
5f1a58cf2ea0,normal,none
4b2d440f56b6,normal,none
05a58009dad1,normal,none
b5d4b1d766f1,normal,none
5cec90fe1adc,normal,none
732d1015b02d,normal,none
9a436bf66907,normal,none
f4b78614c5ec,normal,none
9212375baed0,normal,none
45e7953c6d53,normal,none
75d29e86ecdd,normal,none
2bbb084bee5b,normal,none
bc4c9ff32f49,normal,none
af053d109e29,normal,none
c357597d5627,normal,none
e4327535cd0a,normal,none
dfc9ba361b10,normal,none
df8f59040103,normal,none
6c51df2f3d73,normal,none
9c1574f76e7e,normal,none
f1a92e96f6cf,normal,none
15d0a17fcf5c,normal,none
3647985ae952,normal,none
21d4207ed50c,normal,none
d7b663bc0ad5,normal,none
6053a490f0d2,normal,none
2892b2034307,normal,none
08d6bee07142,normal,none
86c0e829270a,normal,none
93bc22e2e416,normal,none
1520bf6291fb,normal,none
6bfe03d899eb,normal,none
197ea854d4c6,normal,none
bd605ce27d50,normal,none
b521541d2f7c,normal,none
dcc59822db6e,normal,none
e3f3fb64ddfd,normal,none
ab4ca3ec15cb,normal,none
8f18cde4c993,normal,none
ebbc009fa488,normal,none
67a2b921552a,normal,none
baed536ce72c,normal,none
98523d913793,normal,none
62f7238f5b64,normal,none
cc30db3a74e6,normal,none
b0742cc9a326,normal,none
dbe45f8ec65b,normal,none
c39c388fada4,normal,none
e6aa656a48ab,normal,none
b98c5a2fe6b6,normal,none
fdc0602f59ec,normal,none
0b11499d3271,normal,none
ee158bd3da0d,normal,none
1c3908169110,normal,none
b4b80a1d5952,normal,none
48b6b0bc4adb,normal,none
868d665b2484,normal,none
ed3412a9a66f,normal,none
25dd8fd93f46,normal,none
e671ed935ace,normal,none
9743d70ad008,normal,none
c726d5b2936c,normal,none
fbb9223d41ba,normal,none
5f11dfbd7401,normal,none
808cb9f0c850,normal,none
80d98e733ac2,normal,none
3c72e6012a9d,normal,none
3b2cf9a8febc,normal,none
26b708c077cf,normal,none
307fc6394cf0,normal,none
63b73280115c,normal,none
b5af5d8a171d,normal,none
e15220eef65f,normal,none
365c264d0959,normal,none
843bc58a0687,normal,none
16a82bd03743,normal,none
011f56fdb550,normal,none
5995f7f6bcad,normal,none
0344f9979871,normal,none
99f22ca84d5c,normal,none
00c0e42b1fab,normal,none
69974d155eaf,normal,none
6ddf6837ad77,normal,none
6c01c879e096,normal,none
b4ed4b972c15,normal,none
a69f80edded9,normal,none
97fdaa28383c,normal,none
894e78e852a1,normal,none
0049fe8ae0d8,normal,none
25f941f4da17,normal,none
ae9693b682f2,normal,none
edeb59a21252,normal,none
c530e7e5f17b,normal,none
87edd5aafc38,normal,none
f7505822949d,normal,none
9d63e101ee94,normal,none
21360a910a79,normal,none
7cd7c8c3be31,normal,none
2a3ee2296d4f,normal,none
b67de5e1b672,normal,none
f14b54ea1486,normal,none
e479e6ca0adc,normal,none
359d953a6f17,normal,none
ba9edc292a89,normal,none
51b07ac42bc5,normal,none
6358f55ed505,normal,none
bd019581f5ef,normal,none
db3b62cb216d,normal,none
1f0e5088aa50,normal,none
dc8aee4af674,normal,none
4807a9169998,normal,none
d7c0d6c9ce98,normal,none
4ff523086b90,normal,none
dafa53e1a547,normal,none
b69ad1887f97,normal,none
e692aa5351b6,normal,none
1e9039775d8d,normal,none
14c5f81b822d,normal,none
ec12fb4c6c85,normal,none
68c50e454c99,normal,none
c5c4dd7ef398,normal,none
d5273c0031cf,normal,none
23dae7201558,normal,none
80eb2c8542e1,normal,none
4070db822034,normal,none
34151f393530,normal,none
a5a091f1d66b,normal,none
9058cec9093b,normal,none
01eae9bc7237,normal,none
0a4c68bae9ad,normal,none
bed95b648d6c,normal,none
b5e0314833a7,normal,none
6d43b71a0797,normal,none
310c77d662ef,normal,none
f7ba8d7cb382,normal,none
f69d89aa8221,normal,none
fb43befc3680,normal,none
d748bda17e0b,normal,none
cd53be92e6ae,normal,none
a64cdbda1019,normal,none
a052585b9f12,normal,none
472c9189b8f9,normal,none
7aa58fc37eee,normal,none
d636406438a3,normal,none
1f47c68bee42,normal,none
c1c2251f6ed4,normal,none
574c20fe3759,normal,none
5819d9b51dfc,normal,none
607e05259337,normal,none
2c1ba6bd36e3,normal,none
1f4c71cf6265,normal,none
956b2e74111a,normal,none
43ce3e3f1c6c,normal,none
68a18fe9bc28,normal,none
79d2d4672810,normal,none
088ccd86d72f,normal,none
a5610b810e4b,normal,none
c0e6dce669e0,normal,none
1a6a8eb49c8e,normal,none
a2b6aaaceb49,normal,none
976dae3f7a1c,normal,none
84f1f7a2b036,normal,none
512edb45e5d9,normal,none
d9874d0e373d,normal,none
0510e40ddde7,normal,none
c5d0f475f078,normal,none
65500d6e4bfe,normal,none
d5c2ac3179f1,normal,none
5551a1867465,normal,none
c3ac7575f77a,normal,none
6c5392ff7ff3,normal,none
e1865477ed5e,normal,none
952ad3f26539,anomaly,impossible_travel
dec9dd834e38,normal,none
14bb90af465b,normal,none
8d049c8d23ea,normal,none
25b07914f78a,normal,none
44b3e33f640c,normal,none
10a83d9d2ca9,normal,none
6f8e0963fe70,normal,none
924a8c9b87fd,normal,none
196b584435e7,normal,none
c3e564493a8f,normal,none
fde6d9c2fb59,normal,none
c84ef34dac4b,normal,none
c6ee4b4f44d8,normal,none
3c83539f874f,normal,none
b443ef7da837,normal,none
4cd828e85e93,normal,none
5b59d750d4cb,normal,none
646fa41aba05,normal,none
5abedd84867e,normal,none
eeb29be0d868,normal,none
2806ffd7f75d,normal,none
961e00c754d4,normal,none
4caf46ec03e5,normal,none
025ef07aa401,normal,none
315d92e55a0c,normal,none
604b50eceb3c,normal,none
a83663dbcca3,normal,none
73755a54b986,normal,none
5996344904a4,normal,none
3bb0c197a6d7,normal,none
4ebc2a01b3ca,normal,none
b3ed094cc2dc,normal,none
23c331261439,normal,none
15cc0c9553e7,normal,none
5d9a22475f12,normal,none
0f8aa0e4b9c3,normal,none
1c8539139dda,normal,none
ffcb75a605a8,normal,none
a12db331ef75,normal,none
e7fe3b2bfc89,normal,none
b159d339bdcb,normal,none
786086cbab27,normal,none
08fe61843e03,normal,none
65ce9e2c3be7,normal,none
caa1b8c6d20b,normal,none
784e276a1b33,anomaly,credential_stuffing
8b1baa947554,anomaly,credential_stuffing
03e973046778,anomaly,credential_stuffing
fbd019f3b8fa,anomaly,credential_stuffing
184e3c68b915,anomaly,credential_stuffing
93d307782197,anomaly,credential_stuffing
401c76f0b01b,anomaly,credential_stuffing
fcd99551be07,anomaly,credential_stuffing
fcdcc66182f1,anomaly,credential_stuffing
052d327ac4ac,anomaly,credential_stuffing
32acfdc4929b,anomaly,credential_stuffing
070274bef886,anomaly,credential_stuffing
3a1aec3b802e,anomaly,credential_stuffing
0d0d4772ca5c,anomaly,credential_stuffing
fd0b776fc3cd,anomaly,credential_stuffing
90c7805c60a3,anomaly,credential_stuffing
1cff4d33774b,anomaly,credential_stuffing
60151550eecc,anomaly,credential_stuffing
b479b351913d,anomaly,credential_stuffing
24182327300f,anomaly,credential_stuffing
0311c43d5837,anomaly,credential_stuffing
3471a41f638b,normal,none
f4b4a67e1284,normal,none
465cfa38a4c0,normal,none
aed6b212d38e,normal,none
a86343753591,normal,none
39d9aaa849b6,normal,none
10d1d08a0a18,normal,none
474dfb46535f,normal,none
b72c1c3caec9,normal,none
ad928d2f100c,normal,none
4cd8082a599b,normal,none
85440ead80a4,normal,none
b5b039810ae0,normal,none
f08ef526cf92,normal,none
76da7c16b9a0,normal,none
708bbdb1befa,normal,none
985b88f25e43,normal,none
6b3f6b08ae44,normal,none
2f9c1a4644c1,normal,none
3111f3af91cd,normal,none
e59a40a1bfb1,normal,none
eb5a311ce12f,normal,none
5f66c735f416,normal,none
aadcc7583856,normal,none
a19be350290a,normal,none
78a27a47a7da,normal,none
2a131093a3d7,normal,none
cde8b81f71be,normal,none
04fa10087b79,normal,none
ec7ea7920575,normal,none
bdc6356fd253,normal,none
c09fde70dea2,normal,none
304f5bf38d7d,normal,none
24f3d9cee073,normal,none
c93e7f253256,normal,none
0b7eef0a9cfd,normal,none
108f6701d9c6,normal,none
86040e6feca7,normal,none
a1ea06093a85,normal,none
801824375c22,normal,none
18b6a3386c7b,normal,none
a63c90328574,normal,none
406f8ba9769a,normal,none
e497adb11df4,normal,none
f00362bce179,normal,none
2f0855d8edd9,normal,none
3a94f433edb0,normal,none
dc45d8cb1bcd,normal,none
c328c03e0b31,normal,none
2f8b354f332c,normal,none
e4ebb5a7be5c,normal,none
5bb7ca9be9cc,normal,none
aae19ec447f6,normal,none
8b5caddffc0f,normal,none
40f97d786157,normal,none
0009f66f6b4c,normal,none
db977d1545ad,normal,none
1fed463f44db,normal,none
0527cbb94456,normal,none
4e2695b487fd,normal,none
633741f27b12,normal,none
0c9eabe0be2a,normal,none
b0f400d51d14,normal,none
677cd09c43be,normal,none
5a1e35255eaa,normal,none
fad8f596d64f,normal,none
9de0d575b865,normal,none
9a9dafa61329,normal,none
1d37cbe442c1,normal,none
304711e862c6,normal,none
6f2e1eae6ade,normal,none
1ce9cb6c8a8d,normal,none
45c2f4423b89,normal,none
c29f34d24e4a,normal,none
fda005f1fb2e,normal,none
4dd56a56273c,normal,none
401b2510bfb9,normal,none
056d0e082f6c,normal,none
789172e0a66a,normal,none
62398a91c4ea,normal,none
34299e2328e3,normal,none
8906fdd80199,normal,none
67fc9a97c17b,normal,none
be7005ef63a0,normal,none
8f02119ffe39,normal,none
79c8d0cd14b6,normal,none
ad81cfc5f5c9,normal,none
107a0c0f083c,normal,none
d1cf51bc4d2f,normal,none
19abb6a34ccf,normal,none
701fda312883,normal,none
fbf8ca0a3867,normal,none
60f47c4d8313,normal,none
4a9701b0ec41,normal,none
91b14abcf0e9,normal,none
371d805cee45,normal,none
2aaacde45b13,normal,none
3bbeb24d5c91,normal,none
5aa98b18e60b,normal,none
96aa2d451463,normal,none
1ceceb45fb32,normal,none
6dee45c8ec11,normal,none
31909855880f,normal,none
90f537498568,normal,none
a7d337d5f83f,normal,none
e613ba02b810,normal,none
c2b05f20a8c3,normal,none
ead336d9ebcf,normal,none
01c12e0912f9,normal,none
949430a177be,normal,none
43c2f56aa26d,normal,none
15e33e5ade38,normal,none
184f001f7696,normal,none
cabb5264c171,normal,none
f31d83270953,normal,none
c65e360f4a7d,normal,none
6d97800d7c09,normal,none
40a4dfe3dde9,normal,none
49ceba5dd095,normal,none
9cb49789f4a9,normal,none
fa034460ca1d,normal,none
8dc1269cdf96,normal,none
95e10bf75264,normal,none
8d46699babb8,normal,none
f2222d5e2c0f,normal,none
989741ce640f,normal,none
830011bcc681,normal,none
a0c97c411311,normal,none
87886bf56ab5,normal,none
a594bb4334bd,normal,none
8e7d0e415baf,normal,none
b6a888ee97df,normal,none
35788b348068,normal,none
4166e7bfa75d,normal,none
249dcc62110d,normal,none
65dc56477db9,normal,none
ac35a004eb52,normal,none
b1992e5de902,normal,none
8f76d7d99a4a,normal,none
c34f16b7bccc,normal,none
ab09896a24b5,normal,none
64dce100458c,normal,none
10f3d60a1cb8,normal,none
1cf194a7c378,normal,none
c764ac8134e3,normal,none
52c65e5922d1,normal,none
8f05caf12108,normal,none
3577a6bc9832,normal,none
c8257a81be80,normal,none
f6c32cf1cd0f,normal,none
2ccd02685fd8,normal,none
d39df56063ac,normal,none
27cd597521f0,normal,none
41fec37665fb,normal,none
5d9eb4461ffc,normal,none
51419bd2918f,normal,none
b9c1aad9f20e,normal,none
6a21b19df7fc,normal,none
4f4665dc8374,normal,none
e721c5136dc6,normal,none
9aa27b810c6d,normal,none
e552fb2d669b,normal,none
5402c9df2721,normal,none
d7329f1be9bc,normal,none
75cd2c8bef90,normal,none
0e6243429fac,normal,none
d65c7769b0a9,normal,none
4fd05ba4e0f4,normal,none
129520284939,normal,none
24e331fd0d83,normal,none
78bd2bfde031,normal,none
f305d0d3f474,normal,none
2e1ef5b74e55,normal,none
6f32d2e32b23,normal,none
3c80c25f5c81,normal,none
9c6e8c231074,normal,none
8d89ae5d2352,normal,none
3d05ac10fcc0,normal,none
12fa54d9ace2,normal,none
0480b4198afb,normal,none
805074d53e31,normal,none
2c0a9cd84bd8,normal,none
dc738243d2d0,normal,none
ff2f43cbf4eb,normal,none
83060b5704ae,normal,none
11f66cbe335e,normal,none
87d69614b2b2,normal,none
296023dfe7cf,normal,none
c53567104a8f,normal,none
5d2283caa4e1,normal,none
7ebb47991d90,normal,none
9bb468f0091a,normal,none
5ecde6ea4f67,normal,none
2821867e2b06,normal,none
9598e2efcd21,normal,none
87c14407993c,normal,none
c57f80c58db9,normal,none
4da31a141b2b,normal,none
698ba9d8a0e3,normal,none
2933c7b8d917,normal,none
88ca6c286eb0,normal,none
8990431e1930,normal,none
2f28ba2f65d9,normal,none
8207b67f7ddb,normal,none
403c88c1c354,normal,none
2faf704cb6c9,normal,none
1cd9b384f30d,normal,none
718b44da1526,normal,none
7bc61a219304,normal,none
85049f5b098e,normal,none
83facbd318e9,normal,none
764388cd569b,normal,none
d41584db7b17,normal,none
af1876e62fb3,normal,none
0ab8adae7f9d,normal,none
24062b988994,normal,none
78bb9892ba80,normal,none
b67f6869b8a5,normal,none
89470a511dfe,normal,none
b863d0742b24,normal,none
791df608a6c8,normal,none
9a5c8ebac9ff,normal,none
949fff88cdf9,normal,none
38370903b6f4,normal,none
7a475b5a1152,normal,none
e288c467e7e2,normal,none
16b0246a08f8,normal,none
32123cf8a118,normal,none
d064cb7aaeb6,normal,none
eac23efb44c4,normal,none
6077511d4007,normal,none
ce40c733e0f5,normal,none
d6e029fd2210,normal,none
61b29c93d77f,normal,none
968dfbb59696,normal,none
261f74522f05,normal,none
9afb789289a0,normal,none
99bb0c843774,normal,none
7c8377046654,normal,none
7e87a823efa7,normal,none
e892920250b7,normal,none
0fc793789f81,normal,none
b642c797e996,normal,none
56c9e0e3813d,normal,none
f698b2a37442,normal,none
684002fbf055,normal,none
5f322bd6b1c8,normal,none
de535b27977d,anomaly,device_spoofing
0fc1899b94f3,normal,none
e951f22e1fea,normal,none
e0e8eb75b99b,normal,none
14755ec30dc1,normal,none
6738c7e6b6ef,normal,none
6b7d5e9b885e,normal,none
095911d97475,normal,none
75d6fe298757,normal,none
baad2d209f2a,normal,none
dc4eb2891ec6,normal,none
fe7209141312,normal,none
e152947eff48,normal,none
ef31d55018da,normal,none
c0aaec09482f,normal,none
c69ef5699686,normal,none
155e72a214af,normal,none
f30c8aba4d20,normal,none
7c58b15a0ce6,normal,none
e2bf2db8ae0c,normal,none
e91dff45974f,normal,none
d1c4392ec872,normal,none
ed826f7e7fa5,normal,none
0574450db1b5,normal,none
ce4c3ed918ce,normal,none
ddf59256bdb0,normal,none
01cbdb877fd7,normal,none
f63dc0c7a99f,normal,none
a4d5f78bf0b9,normal,none
2e35a5f3c824,normal,none
3243c58d3445,normal,none
b3c1d12bbd33,normal,none
c6a582d4af36,normal,none
989346ce39c1,normal,none
97d235929d1d,normal,none
9aeae1758da9,normal,none
045bc97fbd9e,normal,none
b0ca6c30bf7a,normal,none
6c6e1ab539cb,normal,none
e46f2f350c29,normal,none
f6601764bf86,normal,none
9c1fc8280823,normal,none
fd6fc37e525d,normal,none
5c45ba03625e,normal,none
364368ab8a3a,normal,none
b5acb3409ed6,normal,none
50f9720b35b1,normal,none
77b23c2877d8,normal,none
2bee1d04c6f9,normal,none
fc8d9f68dee3,normal,none
aa637624282d,normal,none
f379e5ff7552,normal,none
52451c7a0702,normal,none
d6c734473140,normal,none
b3e50be1bb89,anomaly,brute_force
6d89e8ed0f54,anomaly,brute_force
3178e0824172,anomaly,brute_force
750229444c2d,anomaly,brute_force
9e9263dc5262,anomaly,brute_force
13cbecbce371,anomaly,brute_force
accbee0ee2bc,anomaly,brute_force
17ab0f4ce71c,anomaly,brute_force
446e7bfd7231,anomaly,brute_force
417bc11bbe8f,anomaly,brute_force
12b029515c72,anomaly,brute_force
b68ed061939d,normal,none
da86e14aa733,normal,none
7e4dfd58b36a,normal,none
4d16c3603350,normal,none
fb442236c3b9,normal,none
3d45a0698e82,normal,none
fde7a2863ee7,normal,none
ddb8538fe9e9,normal,none
72a1560d5f42,normal,none
f41a1b2c1dad,normal,none
e26578745b9f,normal,none
c34b4196eb99,normal,none
491f47bb87ad,normal,none
dd68a5e85fe4,normal,none
0843d8c21a3d,normal,none
bae8691ff17a,normal,none
39c08ddb17a9,normal,none
0b4497771391,normal,none
d82b0f053701,normal,none
c9a5f2715987,normal,none
29f404ae3b2a,normal,none
8c9beb968538,normal,none
af6e6fb5afc1,normal,none
dc4d692ae3b1,normal,none
7251ea05ef38,normal,none
a8e6a9a8c927,normal,none
54dd19c8c447,normal,none
e6fa6fc61112,normal,none
3c424b73f195,normal,none
65ca426114f1,normal,none
0e21c9563fef,normal,none
1e9131b9d875,normal,none
fe521b7f7b08,normal,none
db6a2731a6de,normal,none
6c4dc9941deb,normal,none
292acb5145c4,normal,none
85290e906311,normal,none
5ca992312433,normal,none
2384264ceb77,normal,none
b57e7a5a55b9,normal,none
e3a9e6313ced,normal,none
c0a34bf21776,normal,none
95346bb07284,normal,none
af3a0ba09f07,normal,none
5b8ee98f7f1b,normal,none
5867225347a6,normal,none
2bfabd6409d2,normal,none
a9a18e44e2ae,normal,none
869094a18e32,normal,none
b7622ee3c6c8,normal,none
23d329329814,normal,none
0f7adfc3bf25,normal,none
a1fff4c14eae,normal,none
48bfcd66120c,normal,none
a89ad4a1577a,normal,none
00f9b4bf7e2a,normal,none
65a7eb2a99d9,normal,none
a7d151f74317,normal,none
64a6fd7c731f,normal,none
1fe26e7752ae,normal,none
db75d39dc127,normal,none
653ad9046f4c,normal,none
db7f4da9e77e,normal,none
d1a1031e3c4b,normal,none
eaa23f9fa259,normal,none
730499308dc4,normal,none
e6ecfadac852,normal,none
12723721891f,normal,none
e915773dc23a,normal,none
3ed89beda109,normal,none
8ab40c3d727b,normal,none
73d3d5e8c8c1,normal,none
430469cb2083,normal,none
e07a6bee987c,normal,none
a8206083d23d,normal,none
df6b7cf3cd5b,normal,none
847c8a02cf23,normal,none
8682837b43a3,normal,none
9a95aad637f9,normal,none
b4e9c606427d,normal,none
131d22742a32,normal,none
e84d64b84d5d,normal,none
236b26b4e80e,normal,none
9b9006f99003,normal,none
33dbfda70e8a,normal,none
60f5289da309,normal,none
9efd02dad10d,normal,none
d362527d187f,normal,none
6b5b266a9a00,normal,none
3283871c1959,normal,none
fd30f2a68415,normal,none
bf18624ad5d2,normal,none
8ec4e749cd78,normal,none
3e330bd16ee4,normal,none
73c81d1ecf6e,normal,none
8ee88ae160f3,normal,none
cc0be1d6ddc9,normal,none
4553dccd96a3,normal,none
7989f2e55098,normal,none
6edb627c444f,normal,none
872bfcd5f13d,anomaly,device_spoofing
e63c579be2ba,normal,none
4cbe2a71f5ea,normal,none
361a05a2d33e,normal,none
f70f1950888a,normal,none
4bf4db879803,normal,none
016292f117c9,normal,none
be0dfcbf90fa,normal,none
97802d55ff9b,normal,none
29c8dfb8aeac,normal,none
e97b46615fca,normal,none
7fec301ad927,normal,none
e0a6a91e6b01,normal,none
b8c41b0c0b8c,normal,none
4f56c1db2bf5,normal,none
6205d1e1d0da,normal,none
0f39f518eb92,normal,none
8e7b3bea11c5,normal,none
9357ad36c76c,normal,none
56810aceeb41,normal,none
af45e07fcce8,normal,none
cd9d174bf42a,normal,none
54387621c11f,normal,none
f9a529ab524a,normal,none
2142e087dcaf,normal,none
7279ee4f1e9e,normal,none
3034b794a831,normal,none
6cc08ce7438c,normal,none
6ec4c85bbbd9,normal,none
f1c19d3391b0,normal,none
41aaa2da7657,normal,none
dd094d55e299,normal,none
e56c0020b09a,normal,none
4542951155bd,normal,none
83bcf66b6593,normal,none
e794a80cc2b4,normal,none
52b9cd035eb8,normal,none
41ae0db1b91a,normal,none
b461c1f05176,normal,none
98cd911f4e7f,normal,none
ac8f52d9cb50,normal,none
b23bdcbd364a,normal,none
1946826898a3,normal,none
0ed873d6c851,normal,none
c3977390cb15,normal,none
d32818ca0c2e,normal,none
07421c4f96a3,normal,none
8dab61009b25,normal,none
6095fa41e67c,normal,none
4eb28ea4ae33,normal,none
441d809168c0,normal,none
81b6a2040e4d,normal,none
fec759c78f09,normal,none
bebb0c5bfc0d,normal,none
04ea33a911a8,normal,none
306fcc4679fb,normal,none
3385980c37a8,normal,none
e39cacc94d49,normal,none
92076b405b42,normal,none
162025bc99da,normal,none
85c2e0584f8e,normal,none
39d08d83c191,normal,none
5565bb32c2c9,normal,none
955364d3db0c,normal,none
4fa2aa07aa88,normal,none
640d58ec4ad1,normal,none
cb10d2cb776d,normal,none
9b23d65c5f2f,normal,none
f47e2a93b2c5,normal,none
485c5fc4f546,normal,none
77ae84b9df05,normal,none
9969dddf0bf7,normal,none
03cdc07665bc,normal,none
47e0a33e0f94,normal,none
019bb2993eb9,normal,none
1df6cb42a949,normal,none
9094571d705a,normal,none
d1fd603fd348,normal,none
61b9236ad3ee,normal,none
2b11f0a3269e,normal,none
ebc691975f15,normal,none
04530b30b6e5,normal,none
46af6a33df36,normal,none
d88d5d429c8a,normal,none
aa11d56569c8,normal,none
d509edda6ef8,normal,none
04912699d5af,normal,none
1dcc0b4cf436,normal,none
12115338fe1c,normal,none
5ce31def88ab,normal,none
15788ab7bace,normal,none
0dc677b0b6ee,normal,none
52aaa94ab551,normal,none
3bad5d238ce4,normal,none
aa8daccdf50a,normal,none
d6d26e3e59fe,normal,none
58508b6ff284,normal,none
100a9ccd4b3c,normal,none
700fc45bd82c,normal,none
55f51a04ff74,normal,none
08b3406e65f8,normal,none
9da991f1df5f,normal,none
107b63b76da4,normal,none
4461275587f6,normal,none
390b8b0243e9,normal,none
51242732854e,normal,none
5deefdf9144e,normal,none
299e77cc7d88,normal,none
b0a739393fcb,normal,none
58b559fc0d96,normal,none
77ae4d91d758,normal,none
3b96e5583380,normal,none
e99b778ec379,normal,none
b6fd0444e4b9,normal,none
691b66a57b40,normal,none
7136769dea72,normal,none
c762b13e4b6a,normal,none
9bacd40ab16a,normal,none
e7c27aa636f7,normal,none
0f81809eb5d6,normal,none
24f40560cff7,normal,none
a07d1716711c,normal,none
4e71abc91a19,normal,none
7a67932009a8,normal,none
32c9eb77ea84,normal,none
86ef0879df0a,normal,none
2b9b98ca442a,normal,none
5eb38e6a3309,normal,none
baef3815d099,normal,none
f270821682a8,normal,none
e669f796fba1,normal,none
9be3d623461e,normal,none
7b0681d853e8,normal,none
76982d8f18a3,normal,none
fef6da48c745,normal,none
f1b9376a156c,normal,none
aa3311453c52,normal,none
fd15c8034f67,normal,none
0895eb02b642,normal,none
53b4f03c7547,normal,none
b0b4020f9f4c,normal,none
fd42e05555f0,normal,none
18ceae7aeede,normal,none
c0fcec28dbc6,normal,none
2c00df16ae01,normal,none
9a313e309376,normal,none
3fa1819e0ee0,normal,none
437ca6d16428,normal,none
a51358b553b3,normal,none
53f37b67b426,normal,none
a0480f0d0def,normal,none
c965a82055e3,normal,none
156ffea89370,normal,none
54ddc6eecd63,normal,none
08c0f0976b65,normal,none
e630cd225a11,normal,none
b9d35323ed76,normal,none
36aa9e240443,anomaly,impossible_travel
54a7037e9685,normal,none
2421980e3c69,normal,none
a97e971b7374,normal,none
7951e4cb4878,normal,none
73faecddc6eb,normal,none
93ed6412eb07,normal,none
efd81de94898,normal,none
48386480ebd1,normal,none
764863125daf,normal,none
84fdcd1181b7,normal,none
d321321a098a,normal,none
e67f48469898,normal,none
d5510f5d2a6c,normal,none
13677f875067,normal,none
f0f070f1007f,normal,none
7aa165f7e77c,normal,none
42ca102ceb3e,normal,none
6e29c1b6b978,normal,none
fe7babfa935f,normal,none
1360622120fd,normal,none
1b35df6dfa1c,normal,none
5a341adf109e,normal,none
aee86aa0837c,normal,none
f14c51b027ac,normal,none
64c99ad2a402,normal,none
4d8c36fbd8d6,normal,none
348164ab898b,normal,none
f97b5fdfb5ad,normal,none
94b43cff33db,normal,none
68fb2e86d728,normal,none
b346a70620bb,normal,none
4116410ac062,normal,none
c1103c7057d2,normal,none
73d0ac7c42c3,normal,none
7d61032236f0,normal,none
5be5aec8ef4d,normal,none
cde38ec84cbc,normal,none
184e07cf67e6,normal,none
7b2a95edf0cd,normal,none
871dbc1167ed,normal,none
5d950be3735e,normal,none
a5f7cd1006cd,normal,none
911b348c2531,normal,none
f84a4f903593,normal,none
f84ac6239230,normal,none
57ce791b3164,normal,none
ad40dfe6a6ec,normal,none
72843190dffb,normal,none
743a154ad4fc,normal,none
1aafb7d9aa7f,normal,none
df9c0e4dd6c3,normal,none
a010119d18e9,normal,none
c31f57149fcf,normal,none
88480557b57b,normal,none
1e6426008985,normal,none
dc4efb08a56c,normal,none
5a12fe022781,normal,none
f0accff67e0a,normal,none
2acf3ed7c09d,normal,none
b25fea6d636a,normal,none
107751188360,normal,none
80f56c0133e0,normal,none
f6883b382e99,normal,none
dbfcffad5ec9,normal,none
4936e648b111,normal,none
b374f945e2de,normal,none
5f065934b67c,normal,none
81f4c23ca118,normal,none
2b20feea1f15,normal,none
ef76137f5f01,normal,none
14546dbabe82,normal,none
93e2823f76f8,normal,none
35edfc504c76,normal,none
3b3ab99bab0f,normal,none
20fedf923b8f,normal,none
708aca443460,normal,none
7c860ebdc42d,normal,none
564edb8840c9,normal,none
5f490b3452bf,normal,none
0015994a9b44,normal,none
cd56f2631cb8,normal,none
ca092bc4776a,anomaly,impossible_travel
879be02c8e76,normal,none
547c7f567750,normal,none
50d6ee81284d,normal,none
49926104be9b,normal,none
bb68be2943d5,normal,none
30b210578c24,normal,none
c7ff17b5db46,normal,none
9b8701b7445a,normal,none
3daa55dedd0a,normal,none
4a8876c83e31,normal,none
4fe8352399f9,normal,none
1036775d666d,normal,none
ebfbb3699d99,normal,none
6a014e67d59c,normal,none
e710342ce5b3,normal,none
6679c1d6c8f5,normal,none
59d4cebef2c9,normal,none
a03d058d2dd4,normal,none
9534f0ca5637,normal,none
2f97e525ec8e,normal,none
b9efcf58c950,normal,none
6663a67c5b1e,normal,none
55562234496f,normal,none
5d669e9770bd,normal,none
bc168259dd2b,normal,none
6f4ad862a8cd,normal,none
b4573a26526e,normal,none
44295e23ce74,normal,none
b7bb4ed987f0,normal,none
26daa72edbc5,normal,none
ae3116090035,normal,none
a7cdd166ec2e,normal,none
d0c75b4e1a2f,normal,none
d92a3dd9dace,normal,none
0f3c93d2fa73,normal,none
05412c2d8102,normal,none
f655e03b64a1,normal,none
c0762ef259e3,normal,none
76ff98d3b4c4,normal,none
66663e93f428,normal,none
03ff2f2d49d0,normal,none
82e3de9821eb,normal,none
87d7ea4f1a13,normal,none
1747932a31d6,normal,none
a87cce839d3b,normal,none
220d66c3900f,normal,none
bc098b0cf926,normal,none
1211bebe24ce,normal,none
373df43bd833,normal,none
aec0199ed886,normal,none
bbc694779273,normal,none
0125c7bd5ec5,normal,none
8a8ea35dd329,normal,none
a0fe5531bd9d,normal,none
8dce03c0954e,normal,none
a2f2e7e4c53f,normal,none
7db46cb6b09f,normal,none
23e3286dd9bd,normal,none
5697b56d62a2,normal,none
36d637ee1377,normal,none
ea74408c8d21,normal,none
f06a4040ba8e,normal,none
5912a9157fe1,normal,none
fad7e997af82,normal,none
8df1244569e1,normal,none
7e5146a1f719,normal,none
40299f8c8dbc,normal,none
bd62ddfbc6a2,normal,none
495aaeba56c9,normal,none
b7071fd66daf,normal,none
4f7164028ad5,normal,none
35a0ed085b3d,normal,none
6a72dacd4bb3,normal,none
a00ba3430835,normal,none
f3db2b8f650c,normal,none
802c7d5bea60,normal,none
5c95cdf1e5d0,normal,none
baf06e0cbd90,normal,none
ec3cf7a8c8e4,normal,none
3f70369537c6,normal,none
ee506e87cb9d,normal,none
c86069dab778,normal,none
7b15aa689c80,normal,none
e0a4d9104199,normal,none
c3fd1d7d3eb7,normal,none
3712866e2b31,normal,none
a112218c84ee,normal,none
f34645058eb4,normal,none
ae403d35eefa,normal,none
60818f89aaf8,normal,none
b752962ada1f,normal,none
86b9d4e329ba,normal,none
d4952e466cdc,normal,none
e71a994fa0ce,normal,none
659d525ab4ea,normal,none
930bdda0209b,normal,none
69b3aeac8392,normal,none
2762ce0c271b,normal,none
716a05b1a4b8,normal,none
35c70349b6b7,normal,none
d65d216151ce,normal,none
0df2e68c4fae,normal,none
fd267a6ad184,normal,none
7f42df34b22e,normal,none
2795b3c42983,normal,none
912a570e971c,normal,none
e330bbbd3e20,normal,none
2cf2bf3e8044,normal,none
5de4927a0e39,normal,none
d5f7cccec272,normal,none
3670edd884a1,normal,none
9114f2feb637,normal,none
1c0ef7a335e7,normal,none
c8c119ca5189,normal,none
731ab408c4de,normal,none
2d121d991c86,normal,none
68a88c5bf54a,normal,none
f4d711225bd7,normal,none
40df58c2bb4a,normal,none
73852409d40c,normal,none
dd7445f97e6f,normal,none
51deeafd3b7c,normal,none
6ca66bc69466,normal,none
cf641ac56fd2,normal,none
f771e42e2f14,normal,none
f6ec7bca0104,normal,none
79c4aa749035,normal,none
d99a92217d9d,normal,none
6837a7f70a26,normal,none
26c59d2112b1,normal,none
11d66bc086fa,normal,none
ea044a338cdc,normal,none
0fb187ea99a6,normal,none
674c727607d0,normal,none
b6068110c665,normal,none
70413569a599,normal,none
eedc5140c598,normal,none
111c97662385,normal,none
a8d67c3c867a,normal,none
1400130ab0a9,normal,none
affd5980fbf2,normal,none
46e94de5664e,normal,none
3149e608cef3,normal,none
f11fad17a6ac,normal,none
ffb811c1d596,normal,none
601c5e7cf7b3,normal,none
cb176a6a0f2b,normal,none
0639adde5b8c,normal,none
7247fa19e2db,normal,none
a35ff6c8271c,normal,none
2e4f7b83d75f,normal,none
a0a6dadea611,normal,none
0501c59f83da,normal,none
4c6b8745987d,normal,none
d731676efe6d,normal,none
b84c5e1a8fa5,normal,none
8a9efbd9866b,normal,none
80018cd937af,normal,none
1a9c8b55d474,normal,none
ed67e1d61aab,normal,none
df3f2ee1a35e,normal,none
41f76f535be0,normal,none
a365603f91e3,normal,none
b8b8164240ad,normal,none
cd7c9ff7a3b4,normal,none
e66c78c39db9,anomaly,low_and_slow_exfiltration
1d198010909f,anomaly,low_and_slow_exfiltration
af741512196a,normal,none
c340f72ce9f7,normal,none
d5fbebf143c6,anomaly,low_and_slow_exfiltration
495a58ff5e83,normal,none
30b6932e7013,normal,none
330380e99cda,normal,none
f1993c024ed4,normal,none
0b4b3c63c2dd,normal,none
162d3cc5dcd3,anomaly,low_and_slow_exfiltration
1f51cfb632ca,normal,none
7bf6aec1c456,normal,none
11d9d822b680,normal,none
77a230a1f886,anomaly,low_and_slow_exfiltration
0b056bb989f6,normal,none
c3a5d158cb6e,normal,none
19f80cb46824,normal,none
4006d2082140,normal,none
0902b03bb1f3,normal,none
6ee071517a73,normal,none
7294a5ab9c9c,normal,none
2f6c4ca9faff,normal,none
5cf235a0f933,normal,none
ab87a9c3e05d,normal,none
c1c8364d9f0f,normal,none
6528716c5461,normal,none
c1944f0990e6,normal,none
34119d2f2dba,anomaly,impossible_travel
226c2677091f,normal,none
14c0a2b16329,normal,none
5f5ddd15db7d,normal,none
af867b22859a,normal,none
9f018f7fb572,anomaly,low_and_slow_exfiltration
f8b74a411431,normal,none
cdf5b934c744,normal,none
3253fe69bbd7,normal,none
ce22052aa0b7,normal,none
7e008a0e5239,normal,none
7ac6a99dddb2,normal,none
7f5fc5ac7294,anomaly,low_and_slow_exfiltration
2c66b9a61425,normal,none
cfdd333973ad,normal,none
d0959ea1f900,normal,none
707ed8210f59,normal,none
fd0ce6cfe5a5,normal,none
753c83f3452f,normal,none
bb93e2f1ccb0,normal,none
38e73e2cc824,normal,none
7d0c2036ae63,normal,none
e44bdeabbc37,normal,none
5e1e9dd5f833,normal,none
07045096be68,normal,none
0d222c5695d6,normal,none
677cfef03325,anomaly,low_and_slow_exfiltration
b033e00fdc9e,anomaly,low_and_slow_exfiltration
19ec16ecfd02,normal,none
ffe06c2e028b,normal,none
fffc04d568c4,normal,none
049c6e520c46,normal,none
98b3e6fb7d10,normal,none
44ded36197c7,normal,none
48cd20e4cf70,normal,none
91f467cff8e3,normal,none
1308d9535ce4,normal,none
c6d7c8dbddc8,normal,none
d541228a0207,normal,none
13f7dadf0e31,normal,none
5053d4dd2b53,normal,none
23fc8723cae4,normal,none
06f22cdc617f,anomaly,low_and_slow_exfiltration
9b2f62d129d8,normal,none
7ab205804f0f,normal,none
696fef467987,normal,none
7363af167626,normal,none
7ba47c297c69,normal,none
2fa54d6d6556,normal,none
a901e3f58a6f,normal,none
b71b06c3611b,normal,none
78aa07661443,normal,none
9ba0feeb69bf,normal,none
17bef588d1a1,normal,none
5af32aa22f4c,normal,none
eab13db71c32,normal,none
dc63b41df708,normal,none
68517d967f21,normal,none
bbb720a6bc8e,normal,none
a7e8f60cf104,normal,none
c36bc00fc78f,normal,none
dac47d290c4d,normal,none
f32cb134165e,normal,none
f968f39193d9,normal,none
065cce09b0f5,normal,none
7f7784423051,normal,none
d62a08411573,normal,none
aa232cc4001b,normal,none
dcd22ac2d78c,normal,none
36842ceb2b2c,normal,none
164697b6c4c0,normal,none
7fc42bf10eeb,normal,none
e831c5f56b62,normal,none
b718e351c3ce,normal,none
0d1a71ef261f,normal,none
34f3f7f41bce,normal,none
d3f1c997705a,normal,none
adef1ffe9416,normal,none
4daf823e1a49,normal,none
c87d68c07785,normal,none
15c214212c46,normal,none
0848d7da93c9,normal,none
ec99b88c04ac,normal,none
d3c54ed9e26a,normal,none
cfa2c31980b1,normal,none
7af39e6282cb,normal,none
943c80c1c79a,normal,none
67c7ccac8c15,normal,none
5beb519dc637,normal,none
57a189d438d4,normal,none
09fbfd64fc37,normal,none
b4bc14547d94,normal,none
633ac738b0a6,normal,none
65513a65a6e7,normal,none
45c68da220a7,normal,none
d4c0ca40a8ab,normal,none
d9a29f716f2e,normal,none
ffc756cc1b94,normal,none
5e35d03867fa,normal,none
39d31e97ead5,normal,none
586c0d21eea6,normal,none
e5c93aa63c72,normal,none
b5e3035536ab,normal,none
d5486f802680,normal,none
6976db70f74f,normal,none
053cf98a4ec5,normal,none
732ba54fd6d4,normal,none
07ef64c1dc41,normal,none
89660c55acfe,normal,none
c685e2260628,normal,none
da110a25747e,normal,none
f5f23e857583,normal,none
302d3b718748,normal,none
9939b711ea38,normal,none
c265cb75dba9,normal,none
69deeb419af0,normal,none
5c621be8ffdf,normal,none
8ff628ca4641,normal,none
df686f395edc,normal,none
66c09c77863f,normal,none
fbeb68dd6c9e,normal,none
4268390465e0,normal,none
e55dcaa9450b,normal,none
a1e402ebf03e,normal,none
e9059e4c0d57,normal,none
6625b3fac1f1,normal,none
2a93f75b1722,normal,none
b438798dbec9,normal,none
294fc5a436f3,normal,none
bee0e1445765,normal,none
7a22ed97517d,normal,none
3ad686e2fc81,normal,none
6b967edeb6e7,normal,none
43a0ba9bacb0,normal,none
107a7d62480a,normal,none
95efb1f79b65,normal,none
5c721a726de2,normal,none
8acfc9e50181,normal,none
b14db131f78f,normal,none
59d359f9c46a,anomaly,lateral_movement
40a3394d363b,normal,none
07fd27c87d69,anomaly,lateral_movement
e5112b9f8547,anomaly,lateral_movement
56251599d80b,normal,none
f6b8c59a9e11,normal,none
792d2e9ef0d5,anomaly,lateral_movement
3d377b34c811,normal,none
1222e7f60276,anomaly,lateral_movement
be68bce3de9d,normal,none
ce295d574b9b,anomaly,lateral_movement
0e9a39d4398c,normal,none
c00d2b403eb7,normal,none
bd166ec9c331,normal,none
6cacb065d173,normal,none
6b1a6f327cc0,normal,none
acb13bcd9c47,normal,none
adebc30b620b,normal,none
3ab3451b8c23,normal,none
73bc95a04007,normal,none
fb0759c0c579,normal,none
4c6dcd9fff89,normal,none
e805967ea263,normal,none
810e5889bcb4,normal,none
3d83b0efc1e2,normal,none
fc71de31d820,normal,none
59497d4f805a,normal,none
9878eb8d7f31,normal,none
0ed1ed52ced8,normal,none
6d89dadffc79,anomaly,device_spoofing
b51ec0175e51,normal,none
59a0f37f4fba,normal,none
0a53f41b9f85,normal,none
3114d6c0d13b,normal,none
feae300c8b89,normal,none
69de3be71789,normal,none
c759d67aebd5,normal,none
126a6e0504db,normal,none
c05fd0c00a8f,normal,none
8fac3241b3ba,normal,none
eded8d2ffaef,normal,none
d6afbda42892,normal,none
435687cccb52,normal,none
d2339281af26,normal,none
df88c7693930,normal,none
c5048668a327,normal,none
a0a86dab1173,anomaly,device_spoofing
7011e46364a3,normal,none
162015914912,normal,none
ab199c8b0b69,normal,none
7f2cd9661ce3,normal,none
1f6aec9f5388,normal,none
309d716f18fd,normal,none
0fb26e8ba535,normal,none
e0000e18c427,normal,none
e9091d07defe,normal,none
94296b7ce9de,normal,none
3076e677e5ed,normal,none
a6d1e3d03cba,normal,none
e44aac798cd2,normal,none
67568fdb14a5,normal,none
345a5212a4e7,normal,none
d850d593215a,normal,none
748fbd09403e,normal,none
eefcd4fe2135,normal,none
df6f9805d88a,normal,none
d65187bec9a7,normal,none
2c3602ff80a7,normal,none
7ddd029654ba,normal,none
bf50c13a7205,normal,none
b12f7613075a,normal,none
88768afd19d8,normal,none
d118a9f947b7,normal,none
15d72522f98b,normal,none
e2a62c396ef7,normal,none
2f6e55896991,normal,none
12879b1a63d0,normal,none
c858e8225b1b,normal,none
d7ffefb900db,normal,none
3b3aec653c71,normal,none
ac854d711c4a,normal,none
36b4f5e0cd01,normal,none
933218f24fc8,normal,none
451e5074ddbc,normal,none
ad7235a181a3,normal,none
e1a7e99ea831,normal,none
eddd8fad279b,normal,none
745835e23b88,normal,none
00840978efa2,normal,none
aecac5aa4d04,normal,none
736b26c8b858,normal,none
00b65d077988,normal,none
60d69d2f3715,normal,none
cef09d6f303d,normal,none
bdc1401122ea,normal,none
fa6ec5333a53,normal,none
1045982b0cdf,normal,none
dcde0161095f,normal,none
292ff976e660,normal,none
01fd990dbe5b,normal,none
65b5e74c77fe,normal,none
d99890562ddf,normal,none
428af45dce86,normal,none
18f7affcdddf,normal,none
cdbada1e4960,normal,none
730e56977070,normal,none
75adaf9ecf22,normal,none
b0a210199c2e,normal,none
772e5ba3fc36,normal,none
b758f9fd19c5,normal,none
f13e8f639f30,normal,none
aa731a3c820f,normal,none
701eda21abd4,normal,none
fa231593e5b5,normal,none
55db75b183db,normal,none
3f1d8b44d5eb,normal,none
539a3b9193d5,normal,none
eede9795eaa0,normal,none
ab3cb8f54843,normal,none
8ce2a01a45ed,normal,none
c8ac8dd0a0cb,normal,none
929cc74fa1e9,normal,none
a4ecf6836cc9,normal,none
1cfea1de3be4,normal,none
95210e77e97c,normal,none
b934b242d172,normal,none
0eeeaa3cac8c,normal,none
935ee24eb61c,normal,none
fb8d557e8fb8,normal,none
b05a7721027f,normal,none
c27e33dd2ed3,normal,none
69d1411b973f,normal,none
ba8774405c60,normal,none
2506e016e3aa,normal,none
322dc6078970,normal,none
3d5113b92135,normal,none
8aed4fca3fc1,normal,none
3eef16e64b05,normal,none
ac56ac1c9034,normal,none
d1188c1c5462,normal,none
9dc3c8d48db7,normal,none
13e7bda768a1,normal,none
c1bb4581f8f5,normal,none
17b9e9615fb0,normal,none
6a2225b25df7,normal,none
94549c74ab1f,normal,none
636bfce5c735,normal,none
f34a80aff84d,normal,none
4a4e77aad15c,normal,none
e887aa6aba7b,normal,none
8277f32d0e1a,normal,none
f77ee157edf6,normal,none
4e6ec6be2e0d,normal,none
1169ec0d37ff,normal,none
dc1227e7425c,normal,none
695bb139195d,normal,none
7db72635e7be,normal,none
5e33a26043fc,normal,none
d04dce818767,normal,none
15b1dd8d4036,normal,none
665fb9cb5079,normal,none
76e2addbe446,normal,none
cd39d925530c,normal,none
c2871dac442f,normal,none
80187527b28a,normal,none
03236531b012,normal,none
102d8a7b46dc,normal,none
8624a686f78a,normal,none
5b7b1b5ee9c9,normal,none
f1f15fe0969f,normal,none
429d5fec886f,normal,none
9e2bf5ee347e,normal,none
6b897ed581f8,normal,none
2ae6aa5948c2,normal,none
063b0cb33222,normal,none
c3ce89d66d4c,normal,none
8d83da5712ab,normal,none
d04c5cbd9393,normal,none
395f8b7445e0,normal,none
dbc07fce17a3,normal,none
e9180c120501,normal,none
a84711a0a572,normal,none
420c02c21ec9,normal,none
b1d5dd2bf6ff,normal,none
6b1519e4e1ba,normal,none
f935c0a664ec,normal,none
7534dbb2d3d1,normal,none
df0d208d246b,normal,none
d9a76b842602,normal,none
cd3664bb898d,normal,none
44e667058fcd,normal,none
12fd730ef205,normal,none
f5964e7a01d2,normal,none
a7f22d02d921,normal,none
e6cd04d6201d,normal,none
a4cca6dd9df4,normal,none
245caf45adf5,normal,none
730c5f2ba570,normal,none
d686e18ef8ab,normal,none
3eaddc3c1039,normal,none
a29ae4011a0b,normal,none
3d0d77e7d0d7,normal,none
aa7de4162f51,normal,none
70564c48c103,normal,none
c36e23752bcc,normal,none
0983cd3f9818,normal,none
bdac7f1deed2,normal,none
37ee56a15dbc,normal,none
062ead0acb0b,normal,none
e1831cdbf57d,normal,none
dbdcc0cb3b8f,normal,none
e07171acfe08,normal,none
da4a26abf79e,normal,none
3d3d1b4feb7e,normal,none
d517f3a2d864,normal,none
b3a87627a1af,normal,none
6c7afd87b109,normal,none
8e3159933b7b,normal,none
9930948f0a17,normal,none
403629062e3f,normal,none
168b44bbb503,normal,none
7bcf6d5d1962,normal,none
9f453bb38cfe,normal,none
7520fd13ca40,normal,none
3474d88a5e09,normal,none
cb7abaa563bd,normal,none
e10c2e432460,normal,none
c8c666bf3dcd,normal,none
35bc0db7e30f,normal,none
d81509c4061a,normal,none
8fd74f8c60cf,normal,none
6005661931fe,normal,none
d59558eb2f8f,normal,none
81b0f730edbd,normal,none
9daccb60d0fa,normal,none
2ca74a2f96f3,normal,none
2da76168f34b,normal,none
ae3847e424e0,normal,none
314f70eaac69,normal,none
4a7d88d57bc1,normal,none
e3b99b118752,normal,none
95356608ee51,normal,none
af83702607af,normal,none
b8cc26c7f381,normal,none
355e89b3e507,normal,none
9dc7cd5c879d,normal,none
4630882ce3c7,normal,none
467e80d312b5,normal,none
5a75ef8cd7e8,normal,none
4d1432c2be6d,normal,none
0c9b1894a6f9,normal,none
ca07da592237,normal,none
f81bbb6ce834,normal,none
6ca86a5ea006,normal,none
486064405794,normal,none
b4ab321ac93e,normal,none
3d4b5c7d01da,normal,none
73604b772a20,normal,none
c5b18ceee095,normal,none
49318c16dd32,normal,none
905942fed9ed,normal,none
45fae9abcde3,normal,none
d6b93a8d53ea,normal,none
803d80c070b4,normal,none
361d48fdfbc1,normal,none
bc8368568121,normal,none
d171e44b2286,normal,none
653b7cdf3775,normal,none
b198f30dc250,normal,none
81a03ce85bea,normal,none
17b5616ca644,normal,none
de51f379f64e,normal,none
2a7ac3cda9d7,normal,none
d3475546630a,normal,none
3976b02b7d6a,normal,none
5d27b6b1d675,normal,none
41b910d641d6,normal,none
c3267539c42f,normal,none
c211416923f8,normal,none
a10f09511acb,normal,none
6a62eb2e6b08,normal,none
12766a4db272,normal,none
224c99a54440,normal,none
ca89d5f952fc,normal,none
b87de19658af,normal,none
adfa7fa7b8f6,normal,none
3ce3af430593,normal,none
0d7b1a80429f,normal,none
ab87d86d96d8,normal,none
e25e3fad7cbb,normal,none
09d02f9da56d,normal,none
a9ede49a5270,normal,none
0ed4984f10f5,normal,none
78d2f54c3635,normal,none
8237f9a84e42,normal,none
307b7997c6d8,normal,none
af0c79cccfa0,normal,none
01c8c5242bd9,normal,none
924b924bd168,normal,none
522a0a362bf7,normal,none
bb40285ec720,normal,none
c374e7f228c4,normal,none
4067adf07871,normal,none
45f2debfa0b0,normal,none
b3591854625f,normal,none
d8c126aee866,normal,none
a0af53494806,normal,none
9784155f2a59,normal,none
2813b0f48ba2,normal,none
e60940669b2c,normal,none
12f42d27b9ba,normal,none
e521de5d7f28,normal,none
e34633492c4f,normal,none
5e527a37ade9,normal,none
8ad2d3b32376,normal,none
7570043a06db,normal,none
b7b7e4c7890d,normal,none
4153724e3a46,normal,none
a9a4048c90aa,normal,none
39e2f757ee3b,normal,none
3664e678df02,normal,none
cf410c1018d2,normal,none
a16df1d3faf8,normal,none
6e1804c5b0d2,normal,none
660d01409929,normal,none
413d969a9cde,normal,none
0c4912cfc4f6,normal,none
d10286e268e1,normal,none
457a48f13a10,normal,none
4ec63ff96e84,normal,none
f5b1bfa71819,normal,none
ab7d941a90dc,normal,none
37ab5800ae06,normal,none
a434858ea007,normal,none
ee5471a41716,normal,none
201460f39e3e,normal,none
e7b8c1be8056,normal,none
8176d7e3cb39,normal,none
5d1c6e9a51a5,normal,none
5c778ef761d3,normal,none
84e0d2246cf9,normal,none
bbf9e197aa36,normal,none
f5c2e82e4c79,normal,none
6b2ba3a20e70,normal,none
4a20afa09a14,normal,none
cc94a6d53daa,normal,none
90485baca616,normal,none
4a4e5ec32cd1,normal,none
0bf28236f117,normal,none
7e1e7d650465,normal,none
c94bf81149d9,normal,none
30ed4fc9f436,normal,none
11c8f09b16fe,normal,none
c04ee51e006b,normal,none
7db3ec33bc1c,normal,none
9aadce66ba40,normal,none
1a43e50845d7,normal,none
c04a027bb216,normal,none
8e1750bc9dae,normal,none
b42676444619,normal,none
035e319bf7ba,normal,none
8ee6297dad45,normal,none
c1465c0f6b16,normal,none
75fcab5e9d39,normal,none
c5f75ca92b5e,normal,none
f1ac70f35ff5,normal,none
153a33ba6053,normal,none
c5387a8071b4,normal,none
9522b08d9ac8,normal,none
51c3130d2eaf,normal,none
916f3be7cc72,normal,none
5f44a82c2ce2,normal,none
64d7e92356ff,normal,none
5e1d885a9bf8,normal,none
9992c163aef8,normal,none
44ba3c061b75,normal,none
d4e6fa5d3a95,normal,none
8b3059ff3d08,normal,none
c667193bf4a2,normal,none
cc5a3500b5f5,normal,none
23b5e140dc82,normal,none
cd8882723cf8,normal,none
22f140d5f973,normal,none
4a18dd9e2f8c,normal,none
aa3098a6bda0,normal,none
fb952d27e3e6,normal,none
93a1eb8e5aa0,normal,none
1adf79ac158d,normal,none
939163d82d81,normal,none
d88e55f9dee7,normal,none
6ab7b12b7555,normal,none
fc69f1bda02a,normal,none
d83cb71576fe,normal,none
22cb870ec0c6,normal,none
3df12dc70563,normal,none
ca7574ec6b5b,normal,none
f060b5a4b1b0,normal,none
28ed8f1ff6ea,normal,none
11a75ac9caf3,normal,none
bbe8699ba8d2,normal,none
aaec54580ce5,normal,none
65381f1bd62e,normal,none
688db77fe2fe,normal,none
88f3506cea6a,normal,none
6195c4ec203f,normal,none
a1f5ffd35501,normal,none
ba2d3dcaf29b,normal,none
30e14f9e8c0b,normal,none
71b01cb5fde7,normal,none
7c673a5ebef4,normal,none
6a2faa1614ac,normal,none
5084eea1f54d,normal,none
c6ce57aa3863,normal,none
32acc90eab17,normal,none
d70ec5015544,normal,none
80091b99d81c,normal,none
4c633b3b3def,normal,none
7c076e0ffb16,anomaly,low_and_slow_exfiltration
603512a7547d,anomaly,low_and_slow_exfiltration
b6d55da26252,normal,none
94e57e903363,normal,none
715d3fb417ba,normal,none
5e25f051ba79,normal,none
71e2c6a1b804,normal,none
0a64ee6941be,normal,none
d46c2d4c64a1,normal,none
44395e7de126,normal,none
f77d82924e0d,normal,none
c218b1c69323,normal,none
0fa26afa5c53,normal,none
0f4a8dd4c2b7,anomaly,low_and_slow_exfiltration
9b4d06bc0ff1,normal,none
94d252ee7194,normal,none
612f45abb73a,normal,none
a5c276934247,normal,none
3ddb8da93fbc,normal,none
e1292e365adf,normal,none
8e777af287a7,normal,none
5fcf4e1f7dc5,normal,none
571f0a9811fb,normal,none
09c18d3c19c5,normal,none
ec957a3a08ed,normal,none
ed4f98c3d026,normal,none
cd4a9298e235,normal,none
97113231f947,normal,none
a8911627f13c,anomaly,low_and_slow_exfiltration
a408472948ac,normal,none
8a24cf0b252b,anomaly,low_and_slow_exfiltration
975cab8281cd,normal,none
b68d664ad6bb,normal,none
c2d014b698df,normal,none
e0b6735f765b,normal,none
92a351c5132e,normal,none
48f6111cc230,normal,none
d300484bbc84,normal,none
ad76fc316e13,normal,none
f48a244a63af,normal,none
153ae2fb2c57,normal,none
2bd6343fe8eb,normal,none
ced3534e6b43,normal,none
7a3b4824a0cd,normal,none
4ae9c58f9423,normal,none
0454088483a3,normal,none
5315f56e8ea0,normal,none
b0fc52c38f2a,anomaly,low_and_slow_exfiltration
c5fda665445d,normal,none
a75c86eb3c1a,normal,none
793235c09695,normal,none
d5e89c3613fe,normal,none
d24aa1bfbbb2,normal,none
96ab1f7621fb,normal,none
4f1c4fc7de46,normal,none
8a446afcd2ee,normal,none
22fe9e0fdff7,normal,none
c4e87d111356,normal,none
7f6691cd6f2f,normal,none
6cc301ef9398,normal,none
64977cf6c7c1,normal,none
e79e69336bd5,normal,none
0375eebb508e,normal,none
fd0dca4c03ce,normal,none
bcf11393408b,normal,none
5d79e11e54e0,normal,none
1308a7f1ffa9,normal,none
b8e773d897e0,normal,none
7eaaa6b2a7e1,normal,none
a49366196102,normal,none
5d7ac7aaf062,normal,none
1706daed101c,normal,none
49f9b20aa8b6,normal,none
ee31292ab7e8,normal,none
185d1be0ad09,normal,none
fa66954fedec,normal,none
a8d6641bd553,normal,none
57581aeca4d9,normal,none
da5b99695232,normal,none
65b784b60307,normal,none
c1380cdf7caa,normal,none
e03844b82be4,normal,none
e71702709191,normal,none
d8d03545b7bb,normal,none
b73872e281e3,normal,none
f0b010f16ffa,normal,none
82a4abab732f,normal,none
5aecb48fe5f1,normal,none
9aec8deeb7a4,normal,none
9106e5d9314e,normal,none
99a22d61fb22,normal,none
6e6783f22ebe,normal,none
f9611da81d9c,normal,none
bc7fd974d292,normal,none
0f0f1820748e,normal,none
fad616903807,normal,none
94ed8e899247,normal,none
6b9045d7e70e,normal,none
110188c0231b,normal,none
f6e54d1e352e,normal,none
b54e7570cb2a,normal,none
246958341a28,normal,none
5157a3ba8d35,normal,none
ca052c109c40,normal,none
4225d2579844,normal,none
d6088022d272,normal,none
b9e45a79ebf6,normal,none
17606998d0a6,normal,none
8256cb5fe2fc,normal,none
f61313db4cb6,normal,none
971574317f6d,normal,none
ec98af03dc8d,normal,none
456db7c0d8cd,normal,none
c541da89e63c,normal,none
54b47931019b,normal,none
ce121399f702,normal,none
23631612b5e1,normal,none
81a4436d4036,normal,none
9245ef77cabf,normal,none
c0f452b83cad,normal,none
e62e591562f3,normal,none
d440e24c7557,normal,none
019f76441db5,edge_case,insider_drift
497d18074028,normal,none
397566eec2a9,normal,none
72af37a914a0,normal,none
beb43c8905f1,normal,none
6605ba425d1c,normal,none
8956d6b26c7a,normal,none
95e7338d8547,normal,none
6c3bb5f26bc7,normal,none
6f7b4bf56077,normal,none
dcdb564bc5b6,normal,none
922b33326cad,normal,none
cf12989be6bc,normal,none
2c7aa7622612,normal,none
0c0361e7f6a7,normal,none
5418e74c71c3,normal,none
2d17219989c9,normal,none
3e90e67a3dce,normal,none
23f7e94dd0b2,normal,none
a56966f48549,normal,none
198401c44e13,normal,none
84395c9116a6,normal,none
fa849249bfba,normal,none
2103e2063668,normal,none
a15cb95384ec,normal,none
abe8e8edb511,anomaly,impossible_travel
bef387393bdc,normal,none
a7c89e7b9680,normal,none
b5394ddfff00,normal,none
efa2b3d951e9,normal,none
300ab5483438,normal,none
716b1d05da3a,normal,none
982aca7f6cfa,normal,none
ffdfd0cf1155,normal,none
17b491b385f2,normal,none
fe833ebb89bf,normal,none
41414e1b79fa,normal,none
8c7a2daa83ae,normal,none
578a93162781,normal,none
b27f252423e3,normal,none
04bcfd001939,normal,none
4025014f18b3,normal,none
655f16344547,normal,none
007d108e2db6,normal,none
888fa09da8a5,normal,none
8a9fe1fe6108,normal,none
66499567f669,normal,none
99f1a5a9922d,normal,none
58881d9ee97a,normal,none
ed7e56aa4dba,normal,none
825ab9805c69,normal,none
3b29cc17161d,normal,none
b28156f43ff8,normal,none
d8516b7870c4,normal,none
299d87c0cab8,normal,none
b154bddd7f62,normal,none
cb9170114dc7,normal,none
d5b0a2f6463b,normal,none
fb2c2fa430b3,normal,none
14d0788217aa,normal,none
8bbd7140b6ee,normal,none
6eb7ae6ee991,normal,none
e7da7233e92b,normal,none
351265bfbdd5,normal,none
5d70782b935d,normal,none
e911dbc70c2e,normal,none
f3124d1f9003,normal,none
7e9d5e843cab,normal,none
451179c72804,normal,none
19486b1759ec,normal,none
32278535314a,normal,none
5b6387250f06,normal,none
95123034bb3b,normal,none
f304e540af4c,normal,none
4877c6df0344,normal,none
78d132a68787,normal,none
33b2ef4eace4,normal,none
cc19888e9a45,normal,none
54536b78aaa7,normal,none
13c34e91dd42,normal,none
07a371026133,normal,none
168080d5c6a1,normal,none
3470d6f8026f,normal,none
5df92cee3661,normal,none
8711332b2b88,normal,none
fe0be3e8e919,normal,none
c96a8353af52,normal,none
8215a702b542,normal,none
c26b2ecf73f3,normal,none
c733b41c2a3d,normal,none
90909675fe78,normal,none
efaa7ae20428,normal,none
b15e95d507ce,normal,none
3c8c6350f1bc,normal,none
57c4983e3bd7,normal,none
2177f71ee3f3,normal,none
87bee436d073,normal,none
54edb721714e,normal,none
9957f6687f67,normal,none
68008911faf9,normal,none
9c2a50dc012e,normal,none
1123dd2cf8a8,normal,none
c43e3c7a715d,normal,none
95a466c4d700,normal,none
749fc2a73177,normal,none
2d508ca3e768,anomaly,brute_force
ce678603ae95,anomaly,brute_force
611223678077,anomaly,brute_force
bfeb8b2b9223,anomaly,brute_force
21eae1dc60d3,anomaly,brute_force
e909bac9ecfe,anomaly,brute_force
2f51567801ed,anomaly,brute_force
70899c635cc6,anomaly,brute_force
2947431f655d,anomaly,brute_force
2a7df81dcb83,anomaly,brute_force
2e1fe2d11df7,anomaly,brute_force
713a73b6e8f8,normal,none
f32036dc744a,normal,none
664fd8a9a96f,normal,none
77b9be97f296,normal,none
ab1753dcddbd,normal,none
62b31b5cb132,normal,none
b080bb961dd5,normal,none
ff2bc401f1fc,normal,none
397f2d7763db,normal,none
c3f603f1ea87,normal,none
7ccf7b582380,normal,none
146a3e57fd77,normal,none
89d840daee53,normal,none
7b116f9e425a,normal,none
8668859bc5c7,normal,none
6c683383450d,normal,none
c71b1374b2f2,normal,none
527b534f5455,normal,none
ea15f474c952,normal,none
2c69f1efa59a,normal,none
9dc4d34ef3c5,normal,none
d1a7721cfba2,normal,none
8d780a6da42f,normal,none
f042d1b2099b,normal,none
809341eeab72,normal,none
8b49f458997e,normal,none
9afca3c5fcab,normal,none
740957a09cd4,normal,none
fcb3edc19057,normal,none
d6f258e5b6dc,normal,none
8730ca4eeaa3,normal,none
914442a85728,normal,none
630f98c7d7c7,anomaly,lateral_movement
9d65878342d9,anomaly,lateral_movement
78db1607560b,normal,none
38ce9e51ca89,anomaly,lateral_movement
95f6c1b638a7,anomaly,lateral_movement
b3a055582a09,normal,none
44c56497710a,anomaly,lateral_movement
2dc4e7d5298f,anomaly,lateral_movement
11f80ac21d2d,normal,none
eea799f4058d,anomaly,lateral_movement
b6565399b8c2,anomaly,lateral_movement
09f6bcc36cb3,normal,none
71b4b0a5032d,normal,none
20945e0443bd,normal,none
6bd41273848b,normal,none
c25735fef173,normal,none
6be9a193e9db,normal,none
cbfbeb831d21,normal,none
3bb527b6db44,normal,none
d462af134c1f,normal,none
f19c4d72d5bd,normal,none
c18d6c9eb5e1,normal,none
5a25e354ac23,normal,none
2238aff18958,normal,none
2b7712f827cd,normal,none
cf74cc1b791a,normal,none
d6342b29f37c,normal,none
6cdce830f4f7,normal,none
438b69b37b76,normal,none
b842bbc9e8ec,normal,none
a4b1dbb587e3,normal,none
adf39f4554e9,normal,none
e3e5b743f9e6,normal,none
9d5a77ce27f3,normal,none
d7d92278885b,normal,none
5944e0aa209f,normal,none
69f5c9c8b7fb,normal,none
d144e11e7fc0,normal,none
005eb0013e5b,normal,none
690615386481,normal,none
b31865497de5,normal,none
e054892a21b6,normal,none
c04271a7825a,normal,none
376e3019d4e8,normal,none
20bf84029b3d,normal,none
24bb8715b968,normal,none
2539e5c462e1,normal,none
a90c631fdeb7,normal,none
aaaf146f87b2,normal,none
c4b0b5b51a68,normal,none
72479393a6f3,normal,none
9db4bddca718,normal,none
7539a60eae04,normal,none
b2aa6bac477a,normal,none
c3b095d419e6,normal,none
1b40cc7b6d1d,normal,none
445e32ff5f99,normal,none
8c512fb1bbc9,normal,none
2a86ddee7c39,normal,none
f246f94d0ca3,normal,none
689c8a0c0bfe,normal,none
c4cb668cd4a9,normal,none
90c01ea67c02,normal,none
3621b756104a,normal,none
73311864b211,normal,none
37d4d962f3b2,normal,none
70ea3a5be5a1,normal,none
7cfd1726752b,normal,none
ee68dcd39650,normal,none
1c4d5d78a152,normal,none
385eecd73f5f,normal,none
790a8fa77d78,normal,none
5879cf737821,normal,none
96aebd1aa354,normal,none
4e3dc900a589,normal,none
02cad2d215b2,normal,none
4fa9ff1232b1,normal,none
09d834f40273,edge_case,insider_drift
0dccc5188d13,normal,none
eaaa9ba8bc80,normal,none
da7ba813a84e,normal,none
8c56ec739bc5,normal,none
844ebce1f3a3,normal,none
fbe6ccd94b78,normal,none
df531dba7030,normal,none
6f760faa23d2,normal,none
9d76c88e8f91,normal,none
174138d79945,normal,none
95b4a83b10d4,normal,none
20dde01effd5,normal,none
f4a966808bd9,normal,none
c7ae32c43894,normal,none
076bd73d42f0,normal,none
0d380ba94702,normal,none
143e6ebf462c,normal,none
6ea1835dac40,normal,none
b03a9dc04acd,normal,none
293245c6b6c0,normal,none
96c776ddbb75,normal,none
585670380d61,normal,none
0e2cace5bb6a,normal,none
166e44d5e3bb,normal,none
061f81ea3365,normal,none
f6d68a00a778,normal,none
1409d78ae12c,normal,none
a631791860ad,normal,none
20c014ec1323,normal,none
f9c55344494e,normal,none
46868d967893,normal,none
ca8ce0fc0388,normal,none
0f7353397397,normal,none
7ff98de23dab,normal,none
1bb4b77f6996,normal,none
92de8a47f22d,normal,none
8bc8f2af5b6b,normal,none
3518d1f78f2f,normal,none
d6383cf52308,normal,none
ad401967e345,normal,none
13cf274141ac,normal,none
8efcb52fae63,normal,none
1960d1ddd497,normal,none
1e4b749e6157,normal,none
6701f03646c7,anomaly,device_spoofing
f97687154183,normal,none
7dd61f5cf290,normal,none
4a1fd5158fa4,normal,none
ac658e851b4c,normal,none
17bbe57e6517,normal,none
2595bbe2420c,normal,none
7d9edf750690,normal,none
f0475c308d85,normal,none
525c5b23f79b,normal,none
d999ab16fff1,normal,none
b6f7a8a913ad,normal,none
e29833efd1b5,normal,none
c228ebbdd9f5,normal,none
b671fceda5fa,anomaly,lateral_movement
57c246af529c,anomaly,lateral_movement
1115d43e2c72,anomaly,lateral_movement
545d4a3b0a06,normal,none
03017d1ec154,anomaly,lateral_movement
fd108d61914c,anomaly,lateral_movement
5539b0f74ef7,normal,none
9c489a0d0197,normal,none
15f1237ad162,anomaly,lateral_movement
b8d4908c20ef,normal,none
834c4d28f4e9,normal,none
292d8b756657,normal,none
ec8de9d86cd1,normal,none
1a8892d38a3a,normal,none
84cc36fb7aee,normal,none
708bbe396a71,normal,none
938f2598550d,normal,none
e4ff3c5b5e43,normal,none
d5b1edc1466a,normal,none
c441ae5c6b4f,normal,none
b37ddf468037,normal,none
f469250c1b40,normal,none
fdc8e9cc7106,normal,none
bc5d1f12297c,normal,none
2bb0236f18bc,normal,none
eb84a7c187d5,normal,none
ae77b8dbb230,normal,none
b3933892ec10,normal,none
72004c6777b3,normal,none
a10ec92d6229,normal,none
3ddcc651108a,normal,none
131bba505c4f,normal,none
7b741cea8bb7,normal,none
58cc2cff9b68,normal,none
0d5d2d2dfb1f,normal,none
fdbb1716998c,normal,none
f02f83ec33b1,normal,none
88ae6f19e755,normal,none
58455d8b1624,normal,none
92c9d5ffe07a,normal,none
8ebc9f7a7ba3,normal,none
f20f4ccc109e,normal,none
8ee1befc38b2,normal,none
fbafa659389c,normal,none
6b91f39532cd,normal,none
09f044724080,normal,none
483b5755f7bf,normal,none
45ee1b3afe53,normal,none
b89b14976a1d,normal,none
eed5e8abe0cc,normal,none
a3523743f808,normal,none
87371b245de1,normal,none
df381e7988d1,normal,none
2ba69d608ae7,normal,none
c38b45abd0e5,normal,none
2f5352deb0c6,normal,none
588984631cb7,normal,none
be98dc03609f,normal,none
ff4a5e4f3fe5,normal,none
3a1cf5d1fa5e,normal,none
2234277819d4,normal,none
e8f725d13573,normal,none
2bd2f886325f,normal,none
25807fab81fd,normal,none
21d73f24b574,normal,none
783c1b846013,normal,none
974d56bc61d5,normal,none
b08292baf3de,normal,none
92aeb0741bc3,normal,none
3abcc57bea7f,normal,none
6ceb143441c5,normal,none
a3dd5bceba24,normal,none
18e8e85fd0e2,normal,none
cc65ac7de144,normal,none
1cf090c87e92,normal,none
b741b0d2ea6d,normal,none
239b5d6dad0e,normal,none
6d4a22ee989d,normal,none
b2cc29d197de,normal,none
d7cc28bdea57,normal,none
2dd8646ce1e8,normal,none
8b28a96b8b0c,normal,none
268f20792b8a,normal,none
a7063ee982fe,normal,none
dd8b74faf1b1,normal,none
b27ea32c029c,normal,none
1cce8ddca290,normal,none
39375565812f,normal,none
5a93a3f700fb,normal,none
2ef57d298914,normal,none
3ca2e1a53f95,normal,none
366758b400c8,normal,none
8f08077929f8,normal,none
b3145b06e819,normal,none
88d076e8af4e,normal,none
95285f4a0ee3,normal,none
88aa71bd36eb,normal,none
0480dad218f7,normal,none
4054ca4fef28,normal,none
880ed6c801eb,normal,none
5be168c79d42,normal,none
a2180e905a9e,normal,none
4d53ed9b707b,normal,none
6df1fa555d67,normal,none
a5131691cf81,normal,none
707c744728e6,normal,none
a88794375f57,normal,none
9b2ce61dc0d4,normal,none
b42ecc58b295,normal,none
04b49f71f5de,normal,none
db5ad63337d6,normal,none
e23363e47e6c,normal,none
2445b83c26b5,normal,none
9a4253c4ca5f,normal,none
8f14ce95f60a,normal,none
06e1980a7493,normal,none
b66fb6527670,normal,none
57041b42c473,normal,none
bbfcf05f0a61,normal,none
b556fe94b055,normal,none
d4e001a84f5a,normal,none
4f0fd6eaa4bc,normal,none
3cbaf566e53d,normal,none
8ca52176443c,normal,none
55cfee51db43,normal,none
faa188bdd449,normal,none
3f0052d64fe4,normal,none
66f272ccdcc6,normal,none
544da1e2b746,normal,none
59c06090c381,normal,none
752f519fb3dd,normal,none
15ec0548272f,normal,none
dc412750e894,normal,none
b754cdcdbb2c,normal,none
141f382f3d69,normal,none
8d591244335e,normal,none
8503f1703474,normal,none
bb3ec3ea0f86,normal,none
5604f79767a9,normal,none
78cf2091e6e0,normal,none
567a49423d83,normal,none
9e13fd7f7de0,normal,none
44848dd5fa83,normal,none
3925b3ecf6f6,normal,none
885c6ddd8152,normal,none
1aa92062e977,normal,none
ba1f1bfcad97,normal,none
e590f046917a,normal,none
bae9bf91a75c,normal,none
cec4e1fe9e29,normal,none
d98e0d7dbbfe,normal,none
d3f07373c8ce,normal,none
a217404766c5,normal,none
a8880c521813,normal,none
62e3ecbf5998,normal,none
2f22ecc32f87,normal,none
6f15991e3b75,normal,none
8c3c66e8089f,normal,none
2477d82dc2c9,normal,none
5521a3dc9b23,normal,none
619fdd249789,normal,none
3debed6e9ca6,normal,none
45546f63204a,normal,none
4a0df87491dd,normal,none
db66115928c2,normal,none
9cc5fc9e124d,normal,none
5bd45ef3537f,normal,none
2d5206162581,normal,none
88ee39fa74f8,normal,none
8da81b182894,normal,none
34f3f57ce0a5,normal,none
6f93a440b318,normal,none
7af9a44b9aba,normal,none
e3235409b652,normal,none
573257550978,normal,none
85fb0790dae7,normal,none
8251e27af4b5,normal,none
282aad290755,normal,none
7724bb306b10,normal,none
b9ab69430653,normal,none
608480df86f1,normal,none
e7bacb086cae,normal,none
20b8358295d3,normal,none
4f5f77d11fee,normal,none
edf44e1884f6,normal,none
6044d3693cb2,normal,none
cdf997aaf2fe,normal,none
ec002b67406f,normal,none
53fab5ac777c,normal,none
56b7aa097ecf,normal,none
c27628f83e0d,normal,none
48081940ebd2,normal,none
d25c8a9960be,normal,none
4184de053ddf,normal,none
a2b92c11dcc5,normal,none
caa43ef75de0,normal,none
d60fe489fba2,normal,none
066d53b1350c,normal,none
6fdb1140377e,normal,none
ec8aba282c82,normal,none
871fa26e3c50,normal,none
4700b40d4ca9,normal,none
66688c6acc81,normal,none
c3782350eb51,normal,none
9dc81aab5b54,normal,none
b0021e2fbd28,normal,none
a961c8de4ed7,normal,none
76306606e7ee,normal,none
b1c27a5b0591,normal,none
e972ae712fd9,normal,none
636e2d7357e1,normal,none
584d36dd64a4,normal,none
ec4c591fed8f,normal,none
308df310c4bf,normal,none
5ca8103c369b,anomaly,credential_stuffing
4e51dca2e592,anomaly,credential_stuffing
1dd89a636bc1,anomaly,credential_stuffing
a4cbb44fd204,anomaly,credential_stuffing
a386fb8ad411,anomaly,credential_stuffing
f5553ed509a7,anomaly,credential_stuffing
b68ced5acc3b,anomaly,credential_stuffing
a6356d8fa601,anomaly,credential_stuffing
73135303c08d,anomaly,credential_stuffing
34056e5069b8,anomaly,credential_stuffing
2213068e540b,anomaly,credential_stuffing
c8b48849a3c2,anomaly,credential_stuffing
c7acffdb7a71,anomaly,credential_stuffing
c83b78f888f8,anomaly,credential_stuffing
6ee90c02d37e,anomaly,credential_stuffing
faaadd0032cb,anomaly,credential_stuffing
38e4e7d16311,anomaly,credential_stuffing
8090ccc15054,anomaly,credential_stuffing
fb847108887b,anomaly,credential_stuffing
4ce7d5ec1018,anomaly,credential_stuffing
ab0480a0a35d,anomaly,credential_stuffing
d49cf42074f8,normal,none
a503c2e2e4a0,normal,none
066b3b989a1d,normal,none
8ddeb1133063,normal,none
dc2c8386fa83,normal,none
98a4af24cd28,normal,none
ea66165f037a,normal,none
bdac6962f5da,normal,none
6e52d31147aa,normal,none
ceef4a121cb1,normal,none
6562e5bbb2ce,normal,none
78ff57231c44,normal,none
1b4f8c296cd9,normal,none
e26189bbcbe7,anomaly,impossible_travel
319e3ad0449b,normal,none
dd67fb68cf08,normal,none
cec963bd0738,normal,none
8f6429c2eb0e,normal,none
37bab2a86e39,normal,none
39078e7a1c17,anomaly,brute_force
52f526780ab9,anomaly,brute_force
9dac9f9d26fa,anomaly,brute_force
19c4a646b0fc,anomaly,brute_force
0978db52ee64,anomaly,brute_force
579a28a3038a,anomaly,brute_force
f902653d67d5,anomaly,brute_force
8e03deb1c53a,anomaly,brute_force
d3cc7b4d0e55,anomaly,brute_force
b4500ea10e12,anomaly,brute_force
1966452724bd,anomaly,brute_force
be6b6736c8b8,anomaly,brute_force
73ea8e07615a,anomaly,brute_force
e3169edd29f8,anomaly,brute_force
d5d8ba0b1bed,anomaly,brute_force
cb24f0a819f4,anomaly,brute_force
60ba18e1c7a8,anomaly,brute_force
071c733b923e,normal,none
eb01660ab219,normal,none
7c16f68febb3,normal,none
094be648ab4e,normal,none
50bc1d2141f7,normal,none
0d40ef7b62e0,normal,none
30d090dd9564,normal,none
c5f7091f51fc,normal,none
d1a4eba45847,normal,none
33dbefcb89e8,normal,none
5be455e55319,normal,none
17f280d2f30c,normal,none
95ef5e99813e,normal,none
3d3a96569598,normal,none
ce3613d434be,normal,none
f1267d77babe,normal,none
2b88fa8e7d97,normal,none
7ce797f3d69e,normal,none
2178807f70ee,normal,none
bc1f3baa0716,normal,none
34214516cbde,normal,none
1a5f8dd3f4db,normal,none
a3c0144f6916,normal,none
59a2fae6b257,normal,none
6669215586d9,normal,none
11d5cf35b7da,normal,none
822bb93e9cba,normal,none
a8c49f612fbe,normal,none
17b47b9d7035,normal,none
422596dc344f,normal,none
c45c24b99e74,normal,none
2ed9305dd290,normal,none
dc94cf4411a7,normal,none
50694f63d397,anomaly,brute_force
2b1a825be38f,anomaly,brute_force
282bb4f515a5,anomaly,brute_force
105e6bce269f,anomaly,brute_force
2caf46e2d46b,anomaly,brute_force
c481a9803f9e,anomaly,brute_force
1f16ad75d0b3,anomaly,brute_force
cdf42a2adc98,anomaly,brute_force
e448295668d8,anomaly,brute_force
27f82f3a8bf0,anomaly,brute_force
577266aa6b3e,anomaly,brute_force
f89b29c40e10,anomaly,brute_force
bce7789bd22d,anomaly,brute_force
727082f027b4,anomaly,brute_force
79a209894c4b,anomaly,brute_force
ec799581eaaf,normal,none
18c1efe49051,normal,none
7a15875569b7,normal,none
90416f4b24f4,normal,none
26e40994d6c5,normal,none
efce605321d5,normal,none
b9ecf3427c74,normal,none
7b098243e94b,normal,none
7309c1774a79,normal,none
b52090970dfa,normal,none
e736ab653445,normal,none
2dc1e36e9fe1,normal,none
f7b4e9673140,normal,none
85f4a78ea701,normal,none
c9a628630d33,normal,none
db2ae38e9010,normal,none
3401555ff4aa,normal,none
475fcd299106,normal,none
805e07e8729d,normal,none
b33fb0ab900a,normal,none
6bcd866949de,normal,none
b5d63b2af488,normal,none
45d411492572,normal,none
f6249bc07f61,normal,none
77e99db758a2,normal,none
17a55ff72c4a,normal,none
c6123f445da8,normal,none
694e1c43c5c6,normal,none
b639b23c1f34,normal,none
a47bc317bddf,normal,none
12ad311f37a2,normal,none
3c82b926f587,normal,none
e3e466650f98,normal,none
7043c2060785,normal,none
8d80c7ee3e28,normal,none
45932e38f5f8,normal,none
4d760a2498b5,normal,none
8186463f235a,normal,none
de370a310d19,normal,none
9e5a1e6f7180,normal,none
58e858fbe3ad,normal,none
b6e7320024c0,normal,none
6089cd8252fa,normal,none
ad1de9125da7,normal,none
82650d2ac4cf,normal,none
19b0624eb1d4,normal,none
4dae46bef4b7,normal,none
8079e2961f12,normal,none
cddd240cdc4e,normal,none
50b76ad9a9c0,normal,none
7bc2adfaffc1,normal,none
d9bb97e410ad,normal,none
383014d46f48,normal,none
d5c700ebd2b0,normal,none
8b38f4653bd7,normal,none
ee9dbed6bc33,normal,none
6a6870970b6f,normal,none
a7ffc6b421ba,normal,none
b1b86a3bead8,normal,none
2995970b4925,normal,none
2299471edbb5,normal,none
94b9b3d77243,normal,none
ba9684ced334,normal,none
f624294ce9bb,normal,none
e04e91c308e5,normal,none
5b1819f1417a,normal,none
8b8bcf984888,normal,none
84b475882ffe,normal,none
460ff72d8684,normal,none
0947ae1a5a41,normal,none
6a63e534f000,normal,none
0bd66e8eb13d,normal,none
0da336122edf,normal,none
d1ba76d82ddb,normal,none
63f64566d555,normal,none
bc461327c457,normal,none
1faa93b9cc4d,normal,none
40f8e00c4bce,normal,none
af6ec735cb25,normal,none
f469b5cecec3,anomaly,device_spoofing
6b27c24ce124,normal,none
914c4e08c75f,normal,none
9ba0d73afa2d,normal,none
537d78b09004,normal,none
3eb4005aaed0,normal,none
64072f83e957,normal,none
3e781d6f16f0,normal,none
3a2d98860719,normal,none
37a7693b849b,normal,none
d42d66e5b622,normal,none
871ca292b6ec,normal,none
1fed22cf94dd,normal,none
0226604c584e,normal,none
22c774825890,normal,none
056e98326aae,normal,none
d72d529a468e,normal,none
43213325b5fe,normal,none
b059bd5763ce,normal,none
0d931a5ef885,normal,none
c0490a874878,normal,none
b5d3c3b1a5f6,normal,none
5b84d644fe0c,normal,none
7ab0baca3dfc,normal,none
3c223ca3238c,normal,none
5413629ae97b,normal,none
2e7cfd46f374,normal,none
e4d7231a487f,normal,none
6c28b0de41fd,normal,none
6a0e8f42d20f,normal,none
d15f8ad78b54,normal,none
c368712cba59,normal,none
e373316e2075,normal,none
7a86fe347e70,normal,none
d29756419002,normal,none
9abcb07dce2d,normal,none
935abed3e58e,normal,none
5386e8ed41fd,normal,none
3d0564bd5d77,normal,none
ecbf2eaf8041,normal,none
9a799bdf2a15,normal,none
9471593b6804,normal,none
3985d1bcf816,normal,none
9db30d599c70,normal,none
fe3e9e412faf,normal,none
960621ccaeaf,normal,none
fa2855893919,normal,none
0dbf25730e12,normal,none
ac4625e70604,normal,none
d0a4b174b1b1,normal,none
47fd0eb681a0,normal,none
2f2bfad7c295,normal,none
3e056d89fd4f,normal,none
c837bddc68a8,normal,none
71ff806e4218,normal,none
913a4bbfbc07,normal,none
2bff359dd8c1,normal,none
047e4f325af8,normal,none
9be6af3ff5f6,normal,none
199577644164,normal,none
cf4ccb4b2292,normal,none
8a416bffebf3,normal,none
22a7f67de284,normal,none
8e72fc4cca18,normal,none
735738a4adf7,normal,none
c9e6844667f8,normal,none
b634e88ff994,normal,none
ab9661e29719,normal,none
6a15207bdcc4,normal,none
c9ed617bb08b,normal,none
71b61946f873,normal,none
683ff6c0cfb8,normal,none
84fa33568cb4,normal,none
14c1617c367b,normal,none
ec897c2aeb2d,normal,none
1727d78f4c23,normal,none
07e030fbb929,normal,none
4040f26d282c,normal,none
755045673707,normal,none
200ab46f1828,normal,none
4506bfd80cf2,normal,none
ef23ebae68a6,normal,none
5a8a6c258570,normal,none
4c0ca2212a45,normal,none
e08ddb4ac4bb,normal,none
08c3d7cab088,normal,none
8d0e6f38b3f2,normal,none
f900adebf1a9,normal,none
290024e48d47,normal,none
c54d77f65401,normal,none
db2ed716aa4e,normal,none
15787cc14ddd,normal,none
6af2b5fe1876,normal,none
d3962ea35579,normal,none
f5e1b8ee24b8,normal,none
819f2f19f805,anomaly,credential_stuffing
ca939127a3f0,anomaly,credential_stuffing
df863dc3ac0f,anomaly,credential_stuffing
e45ea295bef9,anomaly,credential_stuffing
deba6015835a,anomaly,credential_stuffing
50ed9a89c941,anomaly,credential_stuffing
26fc55e310a2,anomaly,credential_stuffing
be7706c5765b,anomaly,credential_stuffing
97a7d0f48671,anomaly,credential_stuffing
80a1329860df,anomaly,credential_stuffing
224f46f41f54,anomaly,credential_stuffing
5e5d226c673d,anomaly,credential_stuffing
f7c13089ccd8,anomaly,credential_stuffing
67abbd863db2,anomaly,credential_stuffing
a3a276c3a13a,anomaly,credential_stuffing
72b3e89f4582,anomaly,credential_stuffing
7e54612baf18,anomaly,credential_stuffing
2c726abe0332,anomaly,credential_stuffing
4e99b00e9242,anomaly,credential_stuffing
c6ae0729c789,anomaly,credential_stuffing
f17a24bf1dda,anomaly,credential_stuffing
db6b80642479,normal,none
4743704ed438,normal,none
fddd39e8b139,normal,none
76022a06d9a5,normal,none
5afe582a9f7b,normal,none
bb53d46c08b4,normal,none
30bde24d940e,normal,none
ac1fce2ebc81,normal,none
f947f794ed1f,normal,none
b372e7ce38ae,normal,none
42338c2f059e,normal,none
98ba3cc0be77,normal,none
b420dcd76a43,normal,none
6f6a932e90b1,normal,none
ee266f3e89f2,normal,none
146df6e5a250,normal,none
ef672209186c,normal,none
09a12bd03d02,normal,none
047c75178c52,normal,none
ad46e032fb57,normal,none
981228539473,normal,none
328107e307e8,normal,none
d17c77a7a1b9,normal,none
21d70a0541e0,normal,none
fe5a980e245e,normal,none
3cde130bd268,normal,none
60b0b597af77,normal,none
63d8c17c7bb3,normal,none
c2fec7247d4c,normal,none
692d52fe0e2f,normal,none
ff3e61e27fd4,normal,none
dee88224e3c9,normal,none
f39441d72a4b,normal,none
142a0dcc0911,normal,none
2c074fb7e78a,normal,none
f17856748339,normal,none
7175c78adcc5,normal,none
54d7bda28d66,normal,none
1178fce213b7,normal,none
bbf1b11e7cf9,normal,none
29c8a719a255,normal,none
824e32bafe69,normal,none
4c3e2c405a10,normal,none
975ea4627a55,normal,none
2c765cfd87e4,normal,none
44f1e9448a16,normal,none
1395fdfd9784,normal,none
b8e0d4c19fbc,normal,none
c6223e2e475a,normal,none
108db28b267b,normal,none
2eaae5cde91d,normal,none
3e0be3155c4a,normal,none
90db03b0cf65,normal,none
a737ce7fe851,normal,none
21ca954f60ac,normal,none
38e86bf847c7,normal,none
bf4724138994,normal,none
e9a83c6453e1,normal,none
1cd6796960b4,normal,none
24c7bc416e86,normal,none
a03db94dd0d7,normal,none
1929bc59f137,normal,none
6ada53cfce19,normal,none
c8da7102eb28,normal,none
d9e6f2843ca4,normal,none
f69be86ada09,normal,none
b72eadfdb838,normal,none
023dcd8a82ce,normal,none
fa8d7142d4a3,normal,none
57d6146b1a33,normal,none
0db028cbb9ff,normal,none
6a88792d42c3,normal,none
c224757b6303,normal,none
fffe3a5f50da,normal,none
bfdb957f2beb,normal,none
c1145f4e39d9,normal,none
e8bc65d4f272,normal,none
f4fc6984faa4,normal,none
8b5efc587bc2,normal,none
963162bef74d,normal,none
7821f41a0673,normal,none
43d47103dc61,normal,none
03d627ea43e8,normal,none
1d53f42dd057,normal,none
9fbf19bdc20f,normal,none
2a4483787102,normal,none
ea227f7f056a,normal,none
e0a5410b027e,normal,none
431cc43db999,normal,none
7731de6f3e7e,normal,none
e79c3369fd72,normal,none
678a53608d49,normal,none
60c18a29f775,normal,none
5cf3c67f8907,normal,none
3e5696ca7d9a,normal,none
2de5711d8f64,normal,none
4a659f1939d5,normal,none
d555e31b1c6b,normal,none
eb7500c24521,normal,none
98e557816076,normal,none
4af10cf486de,normal,none
fe314d2af676,normal,none
d0b59b77f183,normal,none
8ed906033f09,normal,none
784a9e28730e,normal,none
f8ff062b93ed,normal,none
f3fc3b66a2b9,normal,none
b5f63d1998ca,normal,none
7e6dba220c37,normal,none
146238a48123,normal,none
21df88defd21,normal,none
42727ac5b1d6,normal,none
687c75e6b60f,normal,none
d30e2b6b6f6b,normal,none
8b2088cf2980,normal,none
0990c0ee8f1d,normal,none
d67533bd0bbc,normal,none
4bee8ca4e288,normal,none
91c1a9607622,normal,none
cf5352fbe373,anomaly,lateral_movement
e3db58d935f8,anomaly,lateral_movement
6e8619910afb,anomaly,lateral_movement
5ed6f6f7e111,anomaly,lateral_movement
ebb3eccbd25e,normal,none
d1fcec593bd7,anomaly,lateral_movement
1de49938d0f1,anomaly,lateral_movement
9ef822e67fbb,normal,none
2cdbf34b33c3,anomaly,lateral_movement
cddb5672c2ab,normal,none
0b62408085ea,normal,none
1c1cedb1e204,normal,none
285441a5aebf,anomaly,lateral_movement
e472f5b56339,anomaly,lateral_movement
ff54b2d2ca4c,normal,none
82016833d931,anomaly,lateral_movement
0a29b9bfeba4,normal,none
a63e50c3d880,normal,none
b2b35e4d4ba8,anomaly,lateral_movement
9c9aec754c58,normal,none
b05f3da00519,normal,none
d174fc92d139,anomaly,lateral_movement
8eba22838822,normal,none
b86774d911ec,normal,none
cdeb4a6098bb,normal,none
55c1f616ccde,normal,none
177bfd9ce7bb,normal,none
7d3e37ef75db,normal,none
4ea0ada0a659,normal,none
b981f7494bb7,normal,none
1d1b0ac600e3,normal,none
e533ea13e424,normal,none
675631891c44,normal,none
ebe618989f0c,normal,none
cef1de0664e2,normal,none
111e90accbd4,normal,none
051fd11934d7,normal,none
37dfeb17dc37,anomaly,impossible_travel
fb344065879f,normal,none
5910b8adac5c,normal,none
9aa765473712,normal,none
6e294b571da2,normal,none
6cfa135fbbf1,normal,none
43daadf45ef3,normal,none
4442f536d87e,normal,none
50196d89639d,normal,none
a093007fa8f6,normal,none
d23786b4f74a,normal,none
3c2cc5318b23,normal,none
4aceb514d6ef,normal,none
7ee21479d413,normal,none
db89238ad3f6,normal,none
6a40b047e577,normal,none
ff87db929531,normal,none
81dc1a364848,normal,none
390051ee5544,normal,none
9381747932e0,normal,none
1b550a0ad03c,normal,none
f512058bac48,normal,none
310cd5f772dc,normal,none
30c1af37cfc5,normal,none
eea678aa877a,normal,none
04161f480936,normal,none
16ea83001ca6,normal,none
a92775490408,normal,none
45ae27ac2c6c,normal,none
4fa87cab3f23,normal,none
84a1279e3828,normal,none
ca350c1bed9d,normal,none
244a4a11e455,normal,none
fcd8594be05c,normal,none
391b871b38ba,normal,none
9935e084088d,normal,none
76e7e49d686f,normal,none
16d9ba0abd0b,normal,none
3489c9a35339,normal,none
cb7b7f175ac1,normal,none
6dd2796de9b9,normal,none
5933beea9b9b,normal,none
f5a399fb9e83,normal,none
8348176ae030,normal,none
4debfab14bd2,normal,none
7c2ac12d8324,normal,none
95ba68868c19,normal,none
001fa16c4165,normal,none
6ea8c7850588,normal,none
f0db1acedd5d,normal,none
67f2115a2b4d,normal,none
22ce6809867c,normal,none
2738caf5883a,normal,none
4563d24f5354,normal,none
b5a57f6b4a8a,normal,none
1671231e85ab,normal,none
aeafaf121e6a,normal,none
223711ce730e,normal,none
7144e0abf162,normal,none
e17245a2debd,normal,none
e67dfe1a48a6,normal,none
1e13f6d6d122,normal,none
9cc1e78fe2dd,normal,none
a1995369374a,normal,none
f6272e4f8076,normal,none
a0831b2af12d,normal,none
4782b7151ad8,normal,none
468ee4a1735b,normal,none
e4033ff3af69,normal,none
abe41a9d9c73,normal,none
3315f0f30b0f,normal,none
cfd52cece591,normal,none
12638cc1b5dd,normal,none
0841b539303e,normal,none
27be62dd1da7,normal,none
d8560c01c0a7,normal,none
0c1c55dc59c1,normal,none
962f937b87bf,normal,none
4a945fd1ca1c,normal,none
0fb3e5665c8f,normal,none
f6a19bcbe4cb,normal,none
6af68fc50876,normal,none
583d7f620d25,normal,none
d87a63af8cf3,normal,none
359a477bb063,normal,none
51b4a406d017,normal,none
a3964cbaae72,normal,none
17b1c22ed1ba,normal,none
abec5de950e2,normal,none
2e3190ed34fc,normal,none
82d8d47d0621,normal,none
2a5291c47fa9,normal,none
1ff9097987b8,normal,none
1e0092d3e66f,normal,none
1b89b0de8305,normal,none
64af73a73813,normal,none
d588ee5c6ac6,normal,none
eee7487c2d2d,normal,none
655cefc9ab37,normal,none
00beb02ee8cf,normal,none
22d6c6f56b56,normal,none
619186258475,normal,none
7f6e10144e05,normal,none
a068f32488ee,normal,none
04e2d6eded4f,normal,none
a1e63c240da3,normal,none
8a600c793219,normal,none
b45aa11ca71a,anomaly,brute_force
5b21179fdf37,anomaly,brute_force
1942fdd05e69,anomaly,brute_force
a5935d7f09fe,anomaly,brute_force
0430842214b8,anomaly,brute_force
444e3b98a2ed,anomaly,brute_force
343d7ad42817,anomaly,brute_force
6e72a5bea231,anomaly,brute_force
fcd09f1330ec,anomaly,brute_force
be8b82b660a5,anomaly,brute_force
cc0f383653b7,anomaly,brute_force
4680514f82a8,anomaly,brute_force
513b91553bd0,normal,none
82b2619df22f,normal,none
989b9b93426b,normal,none
49c8f7d06989,normal,none
70d78bba6954,normal,none
963d7ec1f6a8,normal,none
66bf35aceeb4,normal,none
6c69ec5c4353,normal,none
2ba6b43505ec,normal,none
1225e533a471,normal,none
445f70ed6a07,normal,none
212be7474b6a,normal,none
0c6058198936,normal,none
6279a2c6a832,normal,none
f13a9832df80,normal,none
5ab0c0e605bd,normal,none
64f580fbf8aa,normal,none
0de69074f320,normal,none
2d6f7d78ee4b,normal,none
b7c986350c62,normal,none
1128c578db4c,normal,none
3a6f38e0034e,normal,none
e5ab95970962,normal,none
b115705d35f4,normal,none
49012390acf3,normal,none
14c4a7b44107,normal,none
2a0331df76d8,normal,none
47a3ac4265ee,normal,none
6fd5979cf6b5,normal,none
4358f8b9ea31,normal,none
c6c2c805e73a,normal,none
5b79f1523e3c,normal,none
7897610bd60a,normal,none
efedbda50c6b,normal,none
df5f74be1bb8,normal,none
6ee00f664e19,normal,none
e7e1872a05c5,normal,none
a423dd813353,normal,none
a8602eef58a6,normal,none
825be7ff1f53,normal,none
b5fdaa2130b6,normal,none
fcf896b24e04,normal,none
5b7dac0868b5,normal,none
c92d9e4e290c,normal,none
1eb9f48d0f28,normal,none
697964d89894,normal,none
cbd28c1a1d19,normal,none
9f4e10c4018d,normal,none
b1331575b66d,normal,none
e39a3830e9ff,normal,none
c93f4501627e,normal,none
41012f8981fc,normal,none
80d4575aae99,normal,none
24dcc36b9415,normal,none
15da86a764c8,normal,none
983ac294cc88,normal,none
f3d45c1d6438,normal,none
a3639cde1990,normal,none
c80168c50bea,normal,none
38cdada6201d,normal,none
e57ed3e7d94c,normal,none
bf8f3551272c,normal,none
90f608d001e6,normal,none
d6c15d85a6b2,normal,none
4d2c3cb3b821,normal,none
64050c2242ae,normal,none
27f46bd9a808,normal,none
9aa5b74cdbeb,normal,none
5f8ead536bb9,normal,none
29c107739d4b,normal,none
b58bf2c87cae,normal,none
7a44135d30e9,normal,none
47feab108f57,normal,none
46c5bea0a411,normal,none
ab639a24a88f,normal,none
55c2f919684b,normal,none
b948e55dc9a0,normal,none
00cbff544a7b,normal,none
ca47492b2ad8,normal,none
4e73015d906a,normal,none
f8f8a0b24f0d,normal,none
7fefb382e0be,normal,none
7d4682399719,normal,none
5dca5c4af3c7,normal,none
bb90e0d7cbd2,normal,none
0308b6ea0d26,normal,none
34ce6df7a482,normal,none
939713fd59f3,normal,none
5d2e384562f4,normal,none
fb956b030946,normal,none
4c604fe786e2,normal,none
225e6cba2d23,normal,none
68656fd0dede,normal,none
e08b8659e75d,normal,none
efb837021114,normal,none
871e648bf0f1,normal,none
cdb1d56062ff,normal,none
c1cf23ab1907,normal,none
425caf46e11a,normal,none
7aa6c2bba0ba,normal,none
997cff27bd8a,normal,none
9174a7785ba8,normal,none
433fc99c3b03,normal,none
772f628426e9,normal,none
1fd6dd3fd906,normal,none
177df3b62588,normal,none
083cff54977f,normal,none
38af77b295f4,normal,none
83b7b3f03473,normal,none
c17224a4af6e,normal,none
04062863279e,normal,none
10604eb45a4c,normal,none
08f66f08d5b0,normal,none
be4731670ee2,normal,none
1ed28a7935dc,normal,none
5b4271819897,normal,none
cc2d25638ab3,normal,none
9009b7e46711,normal,none
3cc62f3cb3a9,normal,none
01a9fac9e258,normal,none
3adef781606c,normal,none
4fe73022bd00,normal,none
ef19b46ddb60,normal,none
b5278d8ae50e,normal,none
bc6a0ff2310c,normal,none
8dde71727679,normal,none
4779cbac91d9,normal,none
997211ea8365,normal,none
e394217f9030,normal,none
8bf928aa3768,normal,none
e6e1906eeeb0,normal,none
00d6bd6f61fd,normal,none
33ae0c46591b,normal,none
53cbf81cd1c8,normal,none
34f1517ffbaf,normal,none
106604e41094,normal,none
8f434a3e6d43,normal,none
30a41065b0bf,normal,none
1d9ac8862d47,normal,none
9a3951dd2640,normal,none
eb8e36930736,normal,none
52e92c7b7c20,normal,none
f31bfbf7e151,normal,none
5fc8681ac20a,normal,none
a0f3d22d0f9a,normal,none
ac54c15c7012,normal,none
4bbbf0dc0007,normal,none
ceb92b81ec17,anomaly,low_and_slow_exfiltration
9e2f4ccba899,anomaly,brute_force
a3c55db6b2f4,anomaly,brute_force
6ecf96e2c140,anomaly,brute_force
8dbe714259ad,anomaly,brute_force
b27f61ddd871,anomaly,brute_force
85e2d919298a,anomaly,brute_force
706ae3f6851f,anomaly,brute_force
4d3e100a7b71,anomaly,brute_force
59837b0aa1e8,anomaly,brute_force
51aefba904e7,anomaly,brute_force
514272db6b39,anomaly,brute_force
baff4e3263b7,anomaly,brute_force
2e13e1ed5cb8,anomaly,brute_force
c285424ea94b,anomaly,brute_force
637fd81e1021,anomaly,brute_force
96ee253b45f7,anomaly,brute_force
f293afad3b90,anomaly,brute_force
4446765011fe,anomaly,brute_force
f8c184a8c3e2,normal,none
432bacbbc1c1,normal,none
ed300c43b6b9,normal,none
3900491114b9,normal,none
b90b5c4a99e4,normal,none
41574a0b167c,normal,none
ba4c8f5371f0,normal,none
e748e5c912b1,normal,none
aee5a6a77f1e,normal,none
d8147ca6f5be,normal,none
6e0ef9b56daa,normal,none
6b52d5ce9062,normal,none
85022bf17ea1,normal,none
a6bbe90a21d2,normal,none
1b44ad545082,normal,none
cdf83fd1e78e,anomaly,low_and_slow_exfiltration
877d23010f8a,normal,none
465200cc70b1,normal,none
ad0de06d9dfd,normal,none
2f931b4b2327,normal,none
b87929fc0711,normal,none
973f65ff9c22,normal,none
1f2f874785a6,anomaly,low_and_slow_exfiltration
8eee86e77780,normal,none
a4b4fc6fb8b0,normal,none
5d2e7fd061ff,normal,none
58bcd1e57cd8,normal,none
6ed92fd28b0e,normal,none
3367b38382cf,normal,none
5d6e25312b7d,normal,none
778f737864ee,normal,none
a96004718f74,normal,none
20cbc3818c46,normal,none
4e18ef617efb,normal,none
360a4c13342c,normal,none
d6898134f3ac,normal,none
95f923d94a88,normal,none
94b35498cb1c,normal,none
df4b05f5e28a,normal,none
6b0f41c66cfc,normal,none
824f073069f5,normal,none
10f4cf0b58b9,normal,none
1d8a05a1117b,normal,none
57f0f4483a17,normal,none
bf477b046f60,normal,none
9998aeb5ff5e,anomaly,low_and_slow_exfiltration
54af6c40b105,normal,none
1689b13b014d,anomaly,low_and_slow_exfiltration
c492b091868d,normal,none
407a024b7ee6,normal,none
935bb586b3a6,normal,none
d671616a1e73,normal,none
180ec7311e8e,normal,none
7e0a97f79ac0,normal,none
2c9b82485f52,normal,none
c57fd202f9e2,normal,none
83273edc44c2,anomaly,low_and_slow_exfiltration
183a66742db7,normal,none
9a2cc327314d,normal,none
0120a353faf7,normal,none
c6cfeb06f587,normal,none
85a337415cc7,normal,none
8dc794dff1c9,normal,none
519450b1000d,normal,none
eb5dcb5cc3a4,normal,none
3a34e851360a,normal,none
68c3a5e68657,normal,none
93cc0846bcf8,normal,none
c63eef8a2f46,anomaly,low_and_slow_exfiltration
25283b9dbe54,normal,none
24006047bc86,normal,none
d9d9b7cf5aae,normal,none
6cc577338d50,normal,none
cd5143284afc,normal,none
e07ade085efe,normal,none
37b288867b3c,normal,none
7eb8856bc533,normal,none
b7ea4f7e1dd2,normal,none
868270b3bd12,normal,none
5d63b2e596dd,normal,none
563625b4c804,normal,none
d8d02c0e641e,normal,none
9c6b6bffd707,normal,none
61fdcf00bed9,normal,none
67a04fc3919c,normal,none
3621860e7614,normal,none
b66772377994,normal,none
d505751c6e63,normal,none
229dfeb05785,normal,none
62afe6bd74bf,normal,none
c355424cd7f6,normal,none
848633d54296,normal,none
6ef427846427,normal,none
7bfee8583dd4,normal,none
39ff792a47b3,normal,none
f87660b0002b,normal,none
8b779863074a,normal,none
938054992a84,normal,none
560be017971e,normal,none
524c79572dd5,normal,none
100da15ebe6d,normal,none
a3a31b6e33fe,normal,none
475672d6c6a3,normal,none
5387d3ed760d,normal,none
20c0f94149cb,normal,none
e69f33e522e6,normal,none
5260a539b81e,normal,none
ed4930ddf49d,normal,none
3d9b7363a611,normal,none
17c00ed1fdbf,normal,none
b8411c6fa262,normal,none
89e182be8e30,normal,none
d56d07e48e89,normal,none
07eba32a2bd5,normal,none
b08770c1fdab,normal,none
d89822aed281,normal,none
61361282fa69,normal,none
a14d5341b340,normal,none
520d85851b7c,normal,none
9b204b8186c8,normal,none
c81e43899d3b,normal,none
ae29bde57134,normal,none
2208b32e061c,normal,none
ba8d09b295cc,normal,none
001f4a1792a1,normal,none
000b662ffbc8,normal,none
f7b334c8c1ce,normal,none
ccaa518d2110,normal,none
fa1114e7a982,normal,none
be9ff54be5e5,normal,none
e45ae13942aa,normal,none
663ba587f636,normal,none
d46d4a04f5b5,normal,none
b0ba068719a7,normal,none
dec4556a1f80,normal,none
00495110c0d5,normal,none
c4623c1ba55f,normal,none
f722cda0d216,normal,none
557ce4b7f05d,normal,none
5e1ff719de72,normal,none
385c9237c7e0,normal,none
702cc96018df,normal,none
13e53cb0f6d9,normal,none
33a8dfd982df,normal,none
23e62a1bf791,normal,none
41b54caf2f73,normal,none
f485f513acc9,normal,none
466e30e0b0b2,normal,none
9bc6bab8d8cb,normal,none
e03dd9c12636,normal,none
1a476f4a9c16,normal,none
34d27205c6f0,normal,none
d57eb7eeda06,normal,none
1c335fd31eeb,normal,none
ebf4764cae54,normal,none
a2b2b31d046e,normal,none
1e8f7c8cdb3d,normal,none
8c269e299af0,normal,none
7f8e7fdc0ef9,normal,none
b0014cc90a9a,normal,none
b1a17896fe9b,normal,none
263025dbb681,normal,none
5213ed9085d5,normal,none
312825996b54,normal,none
fa4401ba132a,normal,none
b74fcbd6ed58,normal,none
fe5632b6fed9,normal,none
c4b09bc0a541,normal,none
2e72f4edec49,normal,none
45dbc76c1c2a,normal,none
433021894fde,normal,none
6303918108ee,normal,none
90a99b9e2304,normal,none
a7a159a95122,normal,none
a994f528c155,normal,none
7cc1e63b4018,normal,none
8bb31ba8aa0f,normal,none
77660f953e7b,normal,none
165831ed0c69,normal,none
78d9729ceb9f,normal,none
1f7326383f73,normal,none
42a18afb369f,normal,none
29da24c78ea7,normal,none
4d045510538b,normal,none
347c1c43a37f,normal,none
dc6e1269bab7,normal,none
a2d2f2f09b19,normal,none
9e3154b963f6,normal,none
8544c197c08a,normal,none
6b0cb028450e,normal,none
80550548b3dd,normal,none
cb4207d67b1b,normal,none
a6006c46751c,normal,none
61301add7d1c,edge_case,insider_drift
b096878a475f,normal,none
c2b071af1247,normal,none
6a2d0b0def78,normal,none
f28ad0c6bc73,normal,none
ea317c7cc29a,normal,none
691703c0529d,normal,none
b54da9ef188d,normal,none
a6ca46d42381,normal,none
e340a6c54972,normal,none
cfb1bd98881a,normal,none
41b15674f548,normal,none
65d94529fc7f,normal,none
872f0ba44619,normal,none
21946ab90254,normal,none
1a7be3cac347,normal,none
68b65e2ed2e8,normal,none
abe5abf5f93a,normal,none
f5085b1831e7,normal,none
9632d000fbc5,normal,none
08a60b52cc8d,normal,none
9cb7e7cdbfc3,normal,none
426460c6dcdb,normal,none
e6aff364dba2,normal,none
6bfc2b8f77c0,normal,none
0496ced002b6,normal,none
af4ae4686d04,normal,none
48187ea422d0,normal,none
3b30732de025,edge_case,insider_drift
efe51b39b6eb,normal,none
92e4ceac3709,normal,none
cf1613677b61,normal,none
7900b51742b8,normal,none
6c822e525fb7,normal,none
429d6665e244,normal,none
bcf7887b0d5b,normal,none
5d8491ec2b6e,normal,none
c18d71b9854a,normal,none
794fd1ffceb9,normal,none
e90faa648c7f,normal,none
4a7f1d6240fe,normal,none
6ce44b61a2e2,normal,none
760692c7546e,normal,none
07fd10c4d4e2,normal,none
05f0c1b87655,normal,none
5e642395fb3e,normal,none
5ffcc5c4fe0a,normal,none
6fafa61c26af,normal,none
5e78532c5ecb,normal,none
16df61ed876b,normal,none
54aa227c3828,normal,none
66aca30625ca,normal,none
9eb73068cfba,normal,none
78bb538cd576,normal,none
bfe25d3d8b1b,normal,none
4e340b0e5330,normal,none
7b3bcd822878,normal,none
38f84b70dc52,normal,none
2ccd9f1451c0,normal,none
74763391e84a,normal,none
c8e2fcdad1f2,normal,none
b724952162e1,normal,none
22946e72d9b6,normal,none
e8c78be1604c,normal,none
429e79a41a26,normal,none
2543d57653f7,normal,none
c6d7f2cc002d,normal,none
d5b39dd0a8fe,normal,none
d7cd94447e34,normal,none
06ddd415b41e,normal,none
19bf4a08eea1,normal,none
c63e6d3f4d9d,normal,none
17e3a89128d4,normal,none
96d59f84fc29,normal,none
70ad8ad3caec,normal,none
5bc1e77885f5,normal,none
38618112184e,normal,none
52786220c379,normal,none
a8feab8b170e,normal,none
547e27c7dfbc,normal,none
29e30f157c8e,normal,none
44256698941d,normal,none
fa5ad2584ade,normal,none
521fa9873256,normal,none
113513d91915,normal,none
8a4b5702516e,normal,none
da93b67409d0,normal,none
6760be5a4e4d,normal,none
46e3e80bfa7a,normal,none
755c8613eba0,normal,none
36fc3dd206e0,normal,none
dd2020761a0e,normal,none
2784c7066d86,normal,none
c5504b0cd058,normal,none
9287490a59df,normal,none
75f01cf5e120,normal,none
cae49596f976,normal,none
eaa25ef93dc8,normal,none
05348972bcfe,normal,none
eb4d00bd1c20,normal,none
3804e44d8f18,normal,none
6185418ae9f2,normal,none
65608894757a,normal,none
64c3113ffb41,normal,none
73b7c23f7a7b,normal,none
02adf373ee2b,normal,none
84ec3eb33a1b,normal,none
11de5438fb11,normal,none
1cf5d2643686,normal,none
390e39b01039,normal,none
55f26558b73e,normal,none
5f118ac7667d,normal,none
5e3b9327c779,normal,none
a92a81611d97,normal,none
3e49de1f1324,normal,none
6820799eede9,normal,none
20d85470bc67,normal,none
a63d74dc1c9f,normal,none
fb8cde290b99,normal,none
2561c33fb776,normal,none
0f4e2741c036,normal,none
1ee98eff1115,normal,none
059c6c2eb1a4,normal,none
b937d54a14da,normal,none
5dadaf0edf71,normal,none
21cab5b7c45c,normal,none
b0bf731ef58d,normal,none
1b16d2c9f65c,normal,none
3fd99736380a,normal,none
a0e33e6d2e3c,normal,none
4c0a4ff52ab2,normal,none
05dea6ccb7c9,normal,none
4902e1824fb5,normal,none
f3930b50d3c0,normal,none
c3a15a71efff,normal,none
a0d43d7bee0e,normal,none
dd4d3002e694,normal,none
2db6ac77cef3,normal,none
c1d0a1e8058f,normal,none
49ef4f3fddeb,normal,none
8ceb90ef36cc,normal,none
149fde6cf057,normal,none
6beecbd4911f,normal,none
414ddad8923f,normal,none
83ea47254999,normal,none
7e760b2688ee,normal,none
0048d88cfb78,normal,none
fe298815735c,normal,none
4be156bceeaa,normal,none
f85cd379432a,normal,none
52570ad6b762,normal,none
fc74424f937f,normal,none
e0200435f210,normal,none
d826b29ab344,normal,none
e9ccf7321c0f,normal,none
86fadd45363d,normal,none
8065b86a847a,normal,none
e9516320b974,normal,none
5b9f431c07a5,normal,none
a90623e88c6c,normal,none
76c3542e4274,normal,none
c59a78eb716c,normal,none
5becc3b9ea7e,normal,none
2298a2aabc83,normal,none
3f96fdaa22c2,normal,none
a5387b06dfc9,normal,none
fc8f0b78fdf7,normal,none
4b052eb30ccd,normal,none
5b647b444084,normal,none
b87ed5d96b1f,anomaly,brute_force
7f2102badd37,anomaly,brute_force
271bde629166,anomaly,brute_force
0b26f0b82512,anomaly,brute_force
01bff975a706,anomaly,brute_force
295c8ad19bf5,anomaly,brute_force
ff16c3e493e9,anomaly,brute_force
ca3af38c2fca,anomaly,brute_force
594116462515,anomaly,brute_force
b2b8cc5a7602,anomaly,brute_force
272e98b01d13,anomaly,brute_force
6c4b7c0120ad,anomaly,brute_force
94a6e0565cfa,anomaly,brute_force
d3983f5898bb,anomaly,brute_force
4769ba3eff68,anomaly,brute_force
006a691d9a9b,normal,none
687dbd37de65,normal,none
a88e6cb0125b,normal,none
7f26af88e4da,normal,none
9d46a2cbd312,normal,none
49d46c8ae0d5,normal,none
a0eda03ba4c1,normal,none
1d21c4ecdfd3,normal,none
fb1d27235f0e,normal,none
00e2a5f5dc9a,normal,none
598678055e7e,normal,none
691cc6229994,normal,none
1bd6605d45be,normal,none
eddabb745469,normal,none
787ee38dd708,normal,none
1f44c8d4d81b,normal,none
f20539126d29,normal,none
e38fe7abff94,normal,none
e1870180a3f0,normal,none
676183545148,normal,none
25930dfb0a30,normal,none
4fffa32fabf6,normal,none
6bf602ab7baf,normal,none
d67813c73800,normal,none
5a6320b287fd,normal,none
4be9b3b3c895,normal,none
a9bc668669b6,normal,none
ea6f33f7057f,normal,none
af2ba623aaf1,normal,none
bfa861b293ee,normal,none
dd742e8bc6c6,normal,none
be0a273f9e4f,normal,none
37f40b9a6ee7,normal,none
2caf585f8c60,normal,none
9696b76bbf6d,normal,none
47157cab99ee,normal,none
bac992ad1eba,normal,none
941090631eec,normal,none
c6b7cba7e52a,normal,none
1d6a4c406954,normal,none
ece09bd4700f,normal,none
c00bd263cd4c,normal,none
6fff465c8725,normal,none
da136afb1576,normal,none
3de1ce094d8a,normal,none
5670479a1ce1,normal,none
462a15c6f583,normal,none
9e739484f882,normal,none
9252693690f6,normal,none
2eb54a9aac81,normal,none
061d14a014a4,normal,none
fbb90cba22cd,normal,none
0c820807571d,normal,none
c0ee445102ad,normal,none
926f3c1344f5,normal,none
f2d54d44ed86,normal,none
f00c2961d885,normal,none
cb73e4585fe7,normal,none
8cd2bfbd61cb,normal,none
0b0a29725199,normal,none
c3344829c32b,normal,none
ff377a51cc57,normal,none
3f23a5690ac4,normal,none
21e45671f5d3,normal,none
73e2ab1463fe,normal,none
053d8f7ba124,normal,none
f03ba5ad71b8,normal,none
0c9a163fc331,normal,none
ca4c641dcc78,normal,none
1b890944b88b,normal,none
ff88b26d789d,normal,none
2708e210cb78,normal,none
59832ebcb0ef,normal,none
31f035cac1a2,normal,none
b021a5876dc0,normal,none
91ad1facc86d,normal,none
0468199a3e9f,normal,none
2ea3bee36b6b,normal,none
39c03f4c8026,normal,none
83a158dd1938,normal,none
5b6936822e38,normal,none
88aeb221ea4c,normal,none
8d7b34c18b27,normal,none
6be4629cf58a,normal,none
477602d1a790,normal,none
643a9b7c1495,normal,none
dfe97b762aa6,normal,none
30ec0a4bff84,normal,none
767ab78c5979,normal,none
95965c8a86f4,normal,none
847ad9773d8d,normal,none
09faf430df27,normal,none
ecffd4f026bb,normal,none
ec05f1e96cf8,normal,none
10c4f1d6b3ba,normal,none
b066bfc5f993,normal,none
0fe8d0fe0729,normal,none
9fc006d10f40,normal,none
eaae14ebe5f5,normal,none
c5b155800749,normal,none
653611a5a9ab,normal,none
e7699940e70d,normal,none
1085cac200ce,normal,none
e60b371b1e20,normal,none
40608a77b1e0,normal,none
abb090293e09,normal,none
b7b9a2e306c2,normal,none
1626a5df0063,normal,none
7f84b26753b4,normal,none
1a6abac5bdfa,normal,none
0e1e8b7fcfb0,normal,none
dce5d2d78f18,normal,none
cf567f3b3092,normal,none
960db06a51b8,normal,none
615c89f86fb2,normal,none
2c097f3f7358,normal,none
18b32d4d297f,normal,none
1060f8b78393,normal,none
064bb738bf85,normal,none
8c34388bd32b,normal,none
a7e9aaa5da8a,normal,none
791924185377,normal,none
32f94729077a,normal,none
1d681ef45046,normal,none
f072c21fb5d1,normal,none
51ec8bdd9976,normal,none
ae92f0f84d33,normal,none
1ac06d9aa34b,normal,none
ee2d59eb5eeb,normal,none
e1f66cecc0ce,normal,none
5df2270f09c3,normal,none
1c3474013e3a,normal,none
ab8158962cd8,normal,none
16b0b915c896,normal,none
6d6e99a7066d,normal,none
2ddbc94deee4,normal,none
9d7c39db6fac,normal,none
55f2f761cf6a,normal,none
8aba06be0bc1,normal,none
ed44ada4e9e6,normal,none
43ec45a24f7b,normal,none
4b356aedd47d,normal,none
e07345298cf6,normal,none
2d7ba435bf4f,normal,none
7390edb495dc,normal,none
96306cb88029,normal,none
ad21dac9c3b6,normal,none
8584c33bd3cd,normal,none
2b4686987179,normal,none
cd8741d20ce2,normal,none
24c99d8e65db,normal,none
a7f1dc4e5e1a,normal,none
6e330958fba4,normal,none
36444a0c07ae,normal,none
3f82d6863cf0,normal,none
8d7c52779297,normal,none
94cd27bd10c2,normal,none
70d7b5aeab22,normal,none
1487d37b5eed,normal,none
be606c2db0ec,normal,none
c9977ac4ac5b,normal,none
8db508e69c66,normal,none
e85ef91b489f,normal,none
e4c78b58a9dd,normal,none
589856a18045,normal,none
9012141f229d,normal,none
1baff4c98d79,normal,none
69a7091353eb,normal,none
73c484ca9815,normal,none
ea8be1a8a4db,normal,none
5fbe9c927fde,anomaly,brute_force
e8da05f0aa26,anomaly,brute_force
546258e9a8bc,anomaly,brute_force
16d1dbd6e37f,anomaly,brute_force
46da2593d246,anomaly,brute_force
a0ba05e473df,anomaly,brute_force
b8c0ca6bd0d0,anomaly,brute_force
5393ad72805a,anomaly,brute_force
a5f4e3ff4fb4,anomaly,brute_force
a69c123bc1a4,anomaly,brute_force
7fe4ad08aded,anomaly,brute_force
803849922fc5,anomaly,brute_force
9376da810d33,anomaly,brute_force
1a2dab297ee0,anomaly,brute_force
3c4ff1649824,anomaly,brute_force
43c88a47ab25,anomaly,brute_force
f3daf22fffd4,anomaly,brute_force
4c47d15c1e4f,anomaly,brute_force
9954f08eeaef,anomaly,brute_force
43eaf3f25acd,anomaly,brute_force
47eedce0a84e,anomaly,brute_force
1cfaa1af15f2,normal,none
d74dbf5e2c10,normal,none
1e7f52b65ac3,normal,none
d0189c399d7b,normal,none
c7b1d9b111ff,normal,none
6bc945bb2b0c,normal,none
e7755f52ea53,normal,none
5c702212ae24,normal,none
b47b685a31c8,normal,none
409228877b7d,normal,none
85f7ca7e14b5,normal,none
61157fa78b3b,normal,none
a9f41a96c179,normal,none
33eda57450ca,normal,none
1a258a083f82,normal,none
4bbb58e43d0b,normal,none
3da8e380f7dd,normal,none
58f92d9e8a09,normal,none
7fd0303db692,normal,none
5592893e7775,normal,none
808263b62c4f,normal,none
adf682cf6929,normal,none
6f296fadfdb3,normal,none
fded2b4cb2e4,normal,none
b5fad71592a6,normal,none
bfdaab3524e9,normal,none
9d6496c273b3,normal,none
a77c5691be36,normal,none
5e4eefe439d7,normal,none
ea543f2c4c0c,normal,none
135b866a7f44,normal,none
2ed5d59f77e2,normal,none
d44756caba10,normal,none
b3b8fce934c2,normal,none
7ead4cf56bb5,normal,none
309f51aa51eb,normal,none
8d7ac024e5d6,normal,none
e26dd112781d,normal,none
461f56fe7773,normal,none
3ba5cb1e0f35,normal,none
b765706dc0cb,normal,none
560b24fa8b58,normal,none
cd0eb1a63443,normal,none
decc7c0c4e23,normal,none
7945d5b2fbbd,normal,none
82f7da2573ba,normal,none
3df4d507b7e4,normal,none
e3ddd32c0bc2,normal,none
dbe69994d45b,normal,none
f393c6e9f513,normal,none
573dc96a4446,normal,none
c188256914b7,normal,none
3bf54e9f6f10,normal,none
9761f41b666e,normal,none
94dab4155470,normal,none
b426f5931225,normal,none
999d0aa160d5,normal,none
b2a180ee1cab,normal,none
9b6742fbe7aa,normal,none
4af7cd248aa0,normal,none
c0e76b32c6d3,normal,none
ac8eeca1ac27,normal,none
d6235762383f,normal,none
b2d4e6546d02,normal,none
845a9742d8b4,normal,none
846015c6594b,normal,none
7f27ec0ec170,normal,none
b2f9b04e388c,normal,none
37559416f083,normal,none
104c7038aae5,normal,none
a2947b0d2988,normal,none
a15a000ee0b3,normal,none
4e2a32091285,normal,none
28059f393a70,normal,none
efb7ba5c1c67,normal,none
a3e4de770dc3,normal,none
82134c3337de,normal,none
5dbf12703bcd,normal,none
e20a15c0979a,normal,none
bbc320921a77,normal,none
438228341458,normal,none
3dbe4ab76c57,normal,none
cd403f9418d5,normal,none
723ef923471c,normal,none
50c6461beee8,normal,none
81a431f4bd66,normal,none
370c7704754c,normal,none
bf63859bdd65,normal,none
ca8b2d3b01f5,normal,none
9e587b7f8bf4,normal,none
04726313562a,normal,none
0a1357538bbd,normal,none
35554bc12f7d,normal,none
a268c0b6b0d0,normal,none
db6e7206bf10,normal,none
ed90980c7bf1,normal,none
2d35eff57d5c,normal,none
5778208ec0d2,normal,none
4f862b8d1313,normal,none
2f85908e9d9d,normal,none
74dcc05f7c67,normal,none
15ffeddda295,normal,none
2377fea09c38,normal,none
a0e0171ddd29,normal,none
276213a93379,normal,none
ec24374d7ff4,normal,none
a66e2e8524ff,normal,none
92005f4c6056,normal,none
d83187468580,normal,none
3eabe155b6b7,normal,none
113824a8020f,normal,none
4ded865b15ad,normal,none
a8238cd29169,normal,none
4741ee59175f,normal,none
f66f8d69d19c,normal,none
207928591d15,normal,none
b3c6e2659f79,normal,none
31c3a4cdeb9f,anomaly,low_and_slow_exfiltration
617d9814e53a,normal,none
4e27c14be6b5,normal,none
3e15e48c8ad9,normal,none
e023bcedb1cd,normal,none
c05a03049990,anomaly,low_and_slow_exfiltration
122a38fc6ee1,normal,none
76fde0e30afd,anomaly,low_and_slow_exfiltration
15db368abded,normal,none
26e1c6b4d754,normal,none
e023dfbfd46f,normal,none
88b3903d8ca7,normal,none
bb72f91dd9b6,anomaly,low_and_slow_exfiltration
7ce2a60e0eb4,normal,none
e45e4634f761,normal,none
ea8d4dc8f219,normal,none
22233bce5329,normal,none
e6818c5f7e28,normal,none
37ac73b77d31,normal,none
a72f0b653255,normal,none
6676397b5bb2,normal,none
4b9ca5a4e9b0,normal,none
8e20a1ca9077,anomaly,low_and_slow_exfiltration
091ea42e0426,normal,none
6f6e75ea7fc9,normal,none
bb3578e638bb,normal,none
843bceac4575,normal,none
ec14cdfb1388,normal,none
8626616e5a07,normal,none
d9463128bdbd,normal,none
b804ad8b5308,anomaly,impossible_travel
50ea3ef745a7,normal,none
7586d92ec7a8,normal,none
96c957e22c36,normal,none
64a739bb7af8,normal,none
f67550750549,normal,none
d8d97912a0ae,anomaly,low_and_slow_exfiltration
ba2e7486f93a,normal,none
cd36f3510cde,normal,none
0c9d7a93fc72,normal,none
ca41558aa3dc,normal,none
a2bde09702fa,normal,none
c107b67f4099,normal,none
2bf01b5c91b4,normal,none
afd2f1f2883a,normal,none
d6172f93d37a,normal,none
ae9f474c216a,normal,none
382d57336cc8,normal,none
ae022c3b5f7e,normal,none
8a1cba7e0c3d,normal,none
c084685e55b3,normal,none
03d2961cfc30,normal,none
75984608284d,normal,none
a83ce4b6e6d8,normal,none
bce1ed936780,anomaly,low_and_slow_exfiltration
a2f2d9e847fb,normal,none
1e9ca8d4a173,normal,none
ee0a5792a785,normal,none
41c27eb98466,normal,none
79d6aeb30558,normal,none
4cc0fd45831b,normal,none
566f49776861,normal,none
08d75ee9c53e,normal,none
055698983ca3,normal,none
1e5a72b586ee,normal,none
42a19868464e,normal,none
bf6eeeb7951e,anomaly,low_and_slow_exfiltration
46c560b151ac,normal,none
ea36d3b7fcb1,normal,none
6051eda1faef,normal,none
c2bbc008174f,normal,none
60a857c8eba2,normal,none
bddebdddc5f1,normal,none
ca9d2fc31697,normal,none
e8285b5cfbfd,normal,none
fcdaa67d984a,normal,none
9b42f2fc0475,normal,none
84585426f3a3,normal,none
2630fb8dfdee,normal,none
9c6b6c677a98,normal,none
eb8216335484,normal,none
37b0d968d38c,normal,none
bace7ea1c574,normal,none
09c58b06d0ab,normal,none
992dfb994df6,normal,none
aa69f9d16ec7,normal,none
36ff55c6856a,normal,none
f817aded2d70,normal,none
42b7d49c2783,normal,none
ba29339187e7,normal,none
6788910f59ba,normal,none
fb326e17f010,normal,none
7d9c85347da8,normal,none
223508274db6,normal,none
95d0cdbab03d,normal,none
12ef26d1d009,normal,none
4a39e6db0266,normal,none
37e6764d47f8,normal,none
7876ceaba885,normal,none
4c34746c07cd,normal,none
463390fb6ba3,normal,none
faf71b1d19c9,normal,none
b333de3d7c2b,normal,none
7c32a8102ea0,normal,none
7b8da97cf573,normal,none
b275ab075c0b,normal,none
714d25a1b7c4,normal,none
bffd2a4ccbe3,normal,none
2b741b067ba1,normal,none
387feeb4844b,normal,none
5e4164c13c48,normal,none
c61f0af68ce2,normal,none
2c6a50c7197f,normal,none
d19649cf78f5,normal,none
27f02680fbee,normal,none
05907d641045,normal,none
33055e7d869a,normal,none
20a4266829ec,normal,none
c3827295e560,normal,none
9770856faa27,normal,none
190f27f13c78,normal,none
fdfff516fea6,normal,none
4bdae5867a69,normal,none
1694c1ec9268,normal,none
e440438fc9d9,normal,none
cf5b5b63ab33,normal,none
3548976374c7,normal,none
0fc4ee72c0f5,normal,none
a929c96e9cea,normal,none
ee97b92c7388,normal,none
e28bc67612e8,normal,none
64a6fb13a3c6,normal,none
435d0c6ea1c6,normal,none
58085f030695,normal,none
fa83d77c2ef4,normal,none
9f58b2382018,normal,none
e5a703081b62,normal,none
6996fae7c189,normal,none
dd2d814e2cfa,normal,none
a8274b4e7f10,normal,none
f3c7139dfae0,normal,none
a1d3bd5c9a44,normal,none
35f3c7fc4354,normal,none
733dc585f3b4,normal,none
f566a384763f,normal,none
d8fea7e0a0a7,normal,none
9044575d3261,normal,none
b22b2d404aed,normal,none
ed5c0d79b557,normal,none
6befa2bfb65c,normal,none
448b60839735,normal,none
8cba096c3246,normal,none
c53fd2dffc47,normal,none
2c59a7f75696,normal,none
5a8564c17f74,normal,none
db348612ce40,normal,none
f3f467a662f6,normal,none
7105b6e542d4,normal,none
55f7cb1ef5e9,anomaly,device_spoofing
fafd45635ec2,normal,none
01d1a380edc7,normal,none
d420a712c20d,normal,none
5385dbd535aa,normal,none
6ca665dda27f,normal,none
bfb143855fce,normal,none
1571243c3bec,normal,none
21b2e30d287e,normal,none
8e874adad8b7,normal,none
ae38bc58ffd8,normal,none
29bffaa3e7a7,normal,none
28dc790738a2,normal,none
c18fe32f1477,normal,none
9b5aa528e746,normal,none
b9c186392afc,normal,none
a622920e6199,normal,none
e5840d22f26e,normal,none
547d91ca8249,normal,none
3a284b5095b0,normal,none
4ebadc90eae7,normal,none
86cb041941d9,normal,none
29b985a19fa2,normal,none
a742dd7d6605,normal,none
f34544293e18,normal,none
a5ba1142b2c4,normal,none
bd6cdb8e60f1,normal,none
99ebeedbbc01,normal,none
af9f6dbc820a,normal,none
21d16f20597f,normal,none
ef7988d20a7b,normal,none
cf4b21f937f7,normal,none
51e454f2296c,normal,none
5006b4882312,normal,none
5132b4b7bb0b,normal,none
438c9211f7f3,normal,none
7d59c8abfbd4,normal,none
ab29320b89b0,normal,none
8d6d6ddb1508,normal,none
8a94dc143d0b,normal,none
320fcf4b7c93,normal,none
57aef902bbec,normal,none
5e2bf928fda6,normal,none
e7a12b864b66,normal,none
4e2d4b4f92c9,normal,none
ffd655cbb3e2,normal,none
b3102e9d8898,normal,none
cff772cb8d14,normal,none
7926ae427b41,normal,none
8b253a5c1b9f,normal,none
6ec9f66299db,normal,none
959f2b0b57b0,normal,none
52a9dd11f239,normal,none
dda09abb03f3,normal,none
cd3e80d17ec5,normal,none
51e94d82ea4a,normal,none
ab7df3a0f41d,normal,none
cbfe8fe54d0e,normal,none
56f0c6b447e3,normal,none
8e5158693a66,normal,none
2b447b8ee644,normal,none
4910d10fd80e,normal,none
07448cd57416,normal,none
a22b036e9ee5,normal,none
43aaa7100d9c,normal,none
88bfb16958e1,normal,none
86d7f2698a0b,normal,none
d2ce6c9e0e52,normal,none
23a245a3a4c5,normal,none
653969e0c1d5,normal,none
faa086dc5dbe,normal,none
83839a531d37,normal,none
4d805810c30c,normal,none
b2fbf35d9bd8,normal,none
3b1c737ed7e4,normal,none
daeda4483970,normal,none
1f367056573e,normal,none
0d47212b01a5,normal,none
33490bda4415,normal,none
00799e020461,normal,none
49692e586f69,normal,none
6c02aef6754c,normal,none
936ee7ed7842,normal,none
20c23958a69e,normal,none
ad300a1ed3af,normal,none
ce335319b3fe,normal,none
6a977b940705,normal,none
96b042356e65,normal,none
1163147a5a53,normal,none
7a56f6606667,normal,none
00f4e287498a,normal,none
67164cb9f489,normal,none
9613ec5bb311,normal,none
044824015fbe,normal,none
fdc4b62e3ec5,normal,none
6b88ef40691f,normal,none
868e5e58401f,normal,none
7443ce987c1a,normal,none
0d12daf9956f,normal,none
13677b8f4138,normal,none
c0c99b961a8e,normal,none
f924711a2446,normal,none
25b3347dd241,normal,none
a82681b9137c,normal,none
a370155224f0,normal,none
22a07983d217,normal,none
ddfc1f468eb0,normal,none
dc1132a20940,normal,none
f2353adf787c,normal,none
fe370ee457e8,normal,none
84e61313f684,normal,none
db57ea3ad4e4,normal,none
8fefc9550689,normal,none
3451aacc4b77,normal,none
097923ca0069,normal,none
ed9441c767e3,normal,none
eea2236f9476,normal,none
046d34b5bb2c,normal,none
ef49033c8700,normal,none
87c735245441,normal,none
9c20077701a2,normal,none
bd6125282876,normal,none
9638bed09060,normal,none
baf62828acf7,normal,none
c1500451284b,normal,none
58e37404e234,normal,none
207773558b3b,normal,none
406644477c11,normal,none
8e33fe58d85d,normal,none
e8b803888395,normal,none
e67ec48e8bd8,normal,none
063113a18369,normal,none
d88eecfa38fc,normal,none
836cdc954cb1,normal,none
34675f6014bf,normal,none
699706c135ab,normal,none
383629f0a879,normal,none
7e0e61d0548a,normal,none
009d651fc941,normal,none
6e8811cc3084,normal,none
af803407fec3,normal,none
adc203c05ada,normal,none
d49e8d74d1ba,normal,none
183f227a165b,normal,none
de23ff596385,normal,none
ee7f993395a0,normal,none
732f7239f726,normal,none
a6351f3dd8de,normal,none
01b5287858ff,normal,none
9da1ecc77bba,normal,none
3b967000522d,normal,none
275f2490a229,normal,none
05aca7a487c0,normal,none
aabadb17b3f9,normal,none
ae65b935f7c4,normal,none
9c7f5467faeb,normal,none
544adf858c3e,normal,none
2cef878f916d,normal,none
33a1c668d5b5,normal,none
a1462533368c,normal,none
1600027d4a87,normal,none
c3027dccb474,normal,none
9bf54bfbc3ac,normal,none
805789fe06a1,normal,none
4bb5357a1325,normal,none
71ff58d2a83f,normal,none
d57451d27790,normal,none
8fb061d7f75c,normal,none
1756f023ed85,normal,none
ba668b5bca07,normal,none
0b021757d83c,normal,none
7adc823ec996,normal,none
c6af92a12b53,normal,none
0e41c1b2e352,normal,none
49ebf31fab78,normal,none
c2d5b44a4823,normal,none
cb32a3b1780c,normal,none
40b0b5113eb6,normal,none
a81a0bdccc73,normal,none
59e7c4748469,anomaly,brute_force
38bc8b122421,anomaly,brute_force
823944724436,anomaly,brute_force
acc0569741f6,anomaly,brute_force
e0788687894d,anomaly,brute_force
5859c0be56d3,anomaly,brute_force
593fb2bb5ba2,anomaly,brute_force
2f41014e312d,anomaly,brute_force
e7566633c2ce,anomaly,brute_force
3de7a3b49398,anomaly,brute_force
450b3a722ffd,anomaly,brute_force
94283d926122,anomaly,brute_force
d517c885d1a6,anomaly,brute_force
7358cae0cfdd,anomaly,brute_force
4aaf2eddda57,anomaly,brute_force
f50b8f4b8612,anomaly,brute_force
edd7b12a083c,anomaly,brute_force
a8fe5bb6a6ff,anomaly,brute_force
d45441af1a99,anomaly,brute_force
3b0922839d7d,anomaly,brute_force
8715fcac9129,anomaly,brute_force
f0221d0dd3b4,anomaly,brute_force
6a9c043113c6,anomaly,brute_force
c4fc47257087,anomaly,brute_force
3a6f02b4e9c3,normal,none
5a9af8673a91,normal,none
9358667ca7dd,normal,none
28126470bf30,normal,none
7819f2751910,normal,none
662a25f18f3d,normal,none
6f6769ca6844,normal,none
78fd342232ac,normal,none
804aca82be9e,normal,none
770cec44d90f,normal,none
324cb48ac7c4,normal,none
d24c271f38af,normal,none
00134ec6de9e,normal,none
f5cb9586c827,normal,none
f20d5702772f,normal,none
8be4330863fa,normal,none
4d633c9b3e43,normal,none
29fdd960fe55,normal,none
25f4908d2c3b,normal,none
097341ed5e29,normal,none
f26d48ff9151,normal,none
12a4b64bb8e2,normal,none
d3d7a9a5c8d5,anomaly,lateral_movement
e91f77401a75,anomaly,lateral_movement
64d60a2068f5,anomaly,lateral_movement
bd5ff55b949f,normal,none
d8e8d7eb9625,anomaly,lateral_movement
ff00472b4658,normal,none
116cf1085533,anomaly,lateral_movement
97464c854125,normal,none
d9247b28f2d5,anomaly,lateral_movement
187a7a5cc96c,anomaly,lateral_movement
431c98478b4c,normal,none
f78bfa6c51c4,anomaly,lateral_movement
385622a9f4b7,anomaly,lateral_movement
8d2449873338,normal,none
a5a9f26d56c8,normal,none
a751603e3c8d,normal,none
4f1eb14eb497,normal,none
60816f44718b,normal,none
f04eeb5b3105,normal,none
1737206c127a,normal,none
31c92a7450f1,normal,none
2993cc5781bd,normal,none
7cd723952885,normal,none
09caf2c9c7d2,normal,none
d40033378639,anomaly,lateral_movement
330e255ede20,anomaly,lateral_movement
b53f425d6803,normal,none
2f660bc3000d,anomaly,lateral_movement
0d1e389c401a,anomaly,lateral_movement
842257c07d22,normal,none
aa06082ea8a8,anomaly,lateral_movement
0a781992bba4,anomaly,lateral_movement
564826304f0b,anomaly,lateral_movement
878d7364fabd,anomaly,lateral_movement
44d3c3af3cc2,normal,none
5a3a6960fab5,anomaly,lateral_movement
cfc906fb7e60,anomaly,lateral_movement
a95747e56812,normal,none
43106ffa2477,anomaly,lateral_movement
e4e981213f9c,anomaly,lateral_movement
ca905ce70591,normal,none
fa50da868459,normal,none
23157f3f5891,anomaly,brute_force
800ae862438e,anomaly,brute_force
3ee8e572c537,anomaly,brute_force
e406ee084999,anomaly,brute_force
0e73cd59c071,anomaly,brute_force
c3afc147ee78,normal,none
982f5df7248a,anomaly,brute_force
b53487fab717,anomaly,brute_force
431c67ff7d15,anomaly,brute_force
3497d657b21f,anomaly,brute_force
1e550a0ebcff,anomaly,brute_force
d7c2962e793c,anomaly,brute_force
becf0f262e95,normal,none
75c2f5947df3,anomaly,brute_force
5d94429dd765,anomaly,brute_force
914a796f8c3f,anomaly,brute_force
019cd21176a7,normal,none
3b758f2cd635,normal,none
8a5c51680e83,normal,none
0a34073105cd,normal,none
b8bf9999fdf5,normal,none
cffc2e21499c,normal,none
c6f39b4e2794,normal,none
b817765c611e,normal,none
8b47e8c73648,normal,none
ab43b76bc2fb,normal,none
74944009fdde,normal,none
406cc6b2718a,normal,none
272a60535ba8,normal,none
8286822f1fd7,normal,none
7971f07a7003,normal,none
4fde51af36b2,normal,none
fdf07599c1b0,normal,none
72f16336c33c,normal,none
646148c9e51b,normal,none
612cdaf8402f,normal,none
b12b64746217,normal,none
743119ff9037,normal,none
1101444a690f,normal,none
c2d6f062e7ea,normal,none
8276e89dea35,normal,none
57fddbf8f0e7,normal,none
5f1ba4ace081,normal,none
2e1232f82108,normal,none
fa4f5179ae28,normal,none
3ffcd91fffc4,normal,none
6e2071a5c10b,normal,none
7f70e05d9244,normal,none
2691055985bf,normal,none
28df141b9959,normal,none
3c2df0b4142a,normal,none
a62592cef30b,normal,none
4354dc2f9776,normal,none
cd610744d6cb,normal,none
c9f025f83eb4,normal,none
22d51d6736ca,normal,none
ab8a717f9efc,normal,none
c89a7e9176f5,normal,none
10ab62bc4f74,normal,none
5c031c9020d9,normal,none
2c4fe682817e,normal,none
e3bcbb45d9c9,normal,none
ba483cdfa325,normal,none
f19c77149f9a,normal,none
ee387ac40558,normal,none
1f420f6e1f32,normal,none
f83988fdaf83,normal,none
01668ad22883,normal,none
cce6dc668e32,normal,none
f95ba3bb1f5b,normal,none
5ddd2ad35b5b,normal,none
3b289b181142,normal,none
9bbe72b9581e,normal,none
924af86839f4,normal,none
bc92dc45c5e5,normal,none
1fc4c10f11ee,normal,none
5219e05a8edd,normal,none
80759e9cfd98,normal,none
c5a0d22e76f4,normal,none
b432d7454c26,normal,none
4c6a4b56d1bc,normal,none
f5cb9cd94bb7,normal,none
a8f6c5301b69,normal,none
c37d392f1879,normal,none
e7d5095bb9c8,normal,none
ca69f49531d0,normal,none
26175e160cff,normal,none
090f50394b61,normal,none
4710f0965ca9,normal,none
ee8eebfc056a,normal,none
72c3d0809410,normal,none
4cb645c1a482,normal,none
587678715f74,normal,none
f319213575bf,normal,none
a432e7f13934,normal,none
3e423ba4595d,normal,none
60f19ccfe2e3,normal,none
6bd52a025de9,normal,none
30ab0742d686,normal,none
ac118b01b101,normal,none
c32026ac940d,normal,none
64bb2bbdd851,normal,none
be9224108b27,normal,none
f233afee0168,normal,none
9fda48ae8f4b,normal,none
24e71e5bdb3f,normal,none
7463b27e4339,normal,none
ffaa39cab9b7,normal,none
075a677bcba9,normal,none
484f69afdf78,normal,none
d77bc70eb2b6,normal,none
346b3ae3eb6e,normal,none
4fb4c96f0d77,normal,none
fd034fb97e32,normal,none
7f619f18db56,normal,none
95f60c7b05b7,normal,none
bf9c633185d8,normal,none
8df8b8df5b74,normal,none
ca263a6bb5f8,normal,none
1b10c3f7167a,normal,none
33b10ea3ff4e,normal,none
22cb7db27592,normal,none
51cd5fe615dd,normal,none
6f05a2c5b898,normal,none
f7dbb2619645,normal,none
f0499e31ea7b,normal,none
677554ecadd9,normal,none
cfa75beb3b10,normal,none
3d1b96b582d0,normal,none
70fcc4b22e34,normal,none
5c83326a2f68,normal,none
b97301bcc4d8,normal,none
8694103a21cd,normal,none
a30c583fdb8d,normal,none
bcc1b4be830c,normal,none
24f9a9581eb5,normal,none
96b23ab3583c,normal,none
cea2d75df5ad,normal,none
6c3288b04db3,normal,none
a78baf3b3558,normal,none
df917eb8f193,normal,none
d384cde72a56,normal,none
50cec233d940,normal,none
c784058f776f,normal,none
985cf4e1491a,normal,none
b64756b05ecb,normal,none
ed299de6b2ad,normal,none
666c76424890,normal,none
a3291f47ac58,normal,none
d8f97d06f0aa,normal,none
eb55df3f3cf5,normal,none
687362b1e08f,normal,none
5de84e83d0ba,normal,none
a21980c27aaf,normal,none
20e26e56220f,normal,none
b12bdcb5a15a,normal,none
b58c8bd15c96,normal,none
4248807fd8b4,normal,none
6672fc164ba0,normal,none
205a6e06c194,normal,none
95ca2fd941b0,normal,none
66cc0af75347,normal,none
96f3535069f0,normal,none
d3200b6403b3,normal,none
805c3588e083,normal,none
606717445da9,normal,none
23de432c5103,normal,none
a0f2f60dc759,normal,none
41f4632d7077,normal,none
80d13a267238,normal,none
bdad901c74e6,normal,none
97bc2ece04a8,normal,none
f3ed8cdb5508,normal,none
e028d16aeb2b,normal,none
87d2d3a6f93f,normal,none
10baeae4adaf,normal,none
2ebf03505d23,normal,none
35d5cb44804e,normal,none
b51bf6cbd745,normal,none
f01519b2415c,normal,none
6bd7e1666d74,normal,none
b9c21dbf1398,normal,none
67f5a28a7ae0,anomaly,device_spoofing
3917cf2160a2,normal,none
e5c3fea0f787,normal,none
d0fa04da4a5c,normal,none
656b1f13295f,normal,none
79f0b5025597,normal,none
3c85ef5e19f4,normal,none
4babc09804f5,normal,none
39bdd8397759,normal,none
5bf36fe29f56,normal,none
fd10391ed0c8,normal,none
cf75ee696fdb,normal,none
c74c7d2de53a,normal,none
af456c0e278b,normal,none
910d37026c6a,normal,none
704eb9635dac,normal,none
5ee53c2ab7e9,normal,none
6a312e0268bd,normal,none
4e4bffc0e049,normal,none
f264f635965d,normal,none
3db258c1881b,anomaly,low_and_slow_exfiltration
ab10c4a04691,normal,none
9c6d63c018b7,normal,none
2cced106461c,normal,none
ec3c9caa42c1,normal,none
dd81e91b9d76,normal,none
e3392d8e7c9d,normal,none
626ba545ab4d,normal,none
d8741ec434cf,normal,none
335697b7fedb,normal,none
8a0bccb67ec7,normal,none
67472a38e67f,normal,none
640dc7a45022,normal,none
9eb3565f0bee,normal,none
002917e6be3b,normal,none
57b33529af30,normal,none
4c1da2beab5f,normal,none
de8399622a0d,normal,none
e66b96847893,normal,none
a80a1a0d7c0f,normal,none
e80613bf655c,normal,none
8e44667050b1,normal,none
9fb9f81b6bd4,normal,none
e5aa44830b93,normal,none
20593b3baf16,normal,none
1dfbbe568ff6,normal,none
2aea45084d8d,normal,none
5788880f491d,normal,none
84a3b079c4c3,normal,none
133e9360ed82,normal,none
bb47e114ff0c,normal,none
d971ba1333de,normal,none
0a3479905962,normal,none
858e2eec93a3,normal,none
08062f4293d9,normal,none
e015cb6bc167,normal,none
1b5e40eefe5f,normal,none
0be382f536cc,normal,none
7547ed680faf,normal,none
6d0bee011eda,normal,none
75ded9f650a1,normal,none
718c517e290c,normal,none
a94a9def3fa6,normal,none
21cc65782701,normal,none
d0637ec4f326,normal,none
27d057e17834,normal,none
758cc762ce4d,normal,none
a5d1655e1639,normal,none
e7380bccd4b4,normal,none
de1cec3927f8,normal,none
15a02b475241,normal,none
bafce23c5393,normal,none
5ca6e88f2dab,normal,none
70178d09ecd3,normal,none
bfe57c6ab669,normal,none
c34dc0df45d5,normal,none
390ccd94c0e4,normal,none
fb906e9e9327,normal,none
0acae9ef6f64,normal,none
9648b4a09064,normal,none
e3cf10720f01,normal,none
4b892007dffd,normal,none
6989f6b41aa0,normal,none
25f6749ebd8e,normal,none
acd5a078482a,normal,none
b937cdff391d,normal,none
b90546aac76c,normal,none
9c8198a42571,normal,none
b6be424360ce,normal,none
a40c7cabd870,normal,none
aae242cca559,normal,none
09472fca54d6,normal,none
d868becf7582,normal,none
741a1cd35707,normal,none
b2aeae534c44,anomaly,low_and_slow_exfiltration
e054a4692a1a,normal,none
643dde5bc81f,normal,none
77477582eaa7,normal,none
02a6e1e9b18b,normal,none
209dc8aba54e,normal,none
b3150eda0df5,normal,none
e3a5e130cd0c,normal,none
435ce39224e8,normal,none
48754d617c34,normal,none
0af7194f232e,normal,none
8b15e9585a30,normal,none
36949cc86dc5,normal,none
4099c2ddadc5,normal,none
f811751df4c8,normal,none
a9fefd98471f,normal,none
52b62bba0c73,normal,none
ec52985e88cb,normal,none
82f7ba222cb1,normal,none
f63c3530702a,normal,none
f2ca48305bb8,normal,none
8f11f2ba6200,normal,none
8ac5c388f95f,normal,none
47a78e36391a,normal,none
471292c05c60,normal,none
864e5799a7df,normal,none
faba4c0c20fa,normal,none
f3c8e8f4003a,normal,none
8e76d3781643,normal,none
04c1825ddecd,normal,none
df0fcd61a183,normal,none
aed24713b50b,normal,none
85442de4d553,normal,none
2d514b39ec8e,normal,none
3e955add8885,normal,none
4637553960b4,normal,none
bc086f8dccb7,normal,none
871e14587d06,normal,none
ec671cecd05c,normal,none
410e13ba1494,normal,none
baed8bcb51cc,normal,none
1ed6380ae779,normal,none
7f0541b4ded0,normal,none
1be27c3e6f17,normal,none
dd79d8d240e6,normal,none
1159d5965d00,normal,none
e02215b31762,normal,none
d78a65f41736,normal,none
9a53bb5a1666,normal,none
b2ead63df472,normal,none
d93f5fca9460,normal,none
d803345907c7,normal,none
c926a6aefd2b,normal,none
05d37cbe0c90,normal,none
788152d41a7e,normal,none
6a2731e3edf5,normal,none
829eb8e98287,normal,none
fae036396821,normal,none
d5fc5c281f17,normal,none
6b55135064b8,normal,none
cc9c1a4d8591,normal,none
b86ed883a55f,normal,none
ce98e400db59,normal,none
1f6930c7ce52,normal,none
be3932d7a487,normal,none
92b09125bce4,normal,none
cd189b4c1e16,normal,none
869a3aaa4b70,normal,none
f686dabc4adf,normal,none
b13a1e3b57bf,normal,none
f7d7643c4999,normal,none
85fbdda2412c,normal,none
d527be27a6de,normal,none
3cc18d8aeef0,normal,none
e672983ab89a,normal,none
6fe276de9f4d,normal,none
b6b84d18d778,normal,none
2a724692147d,normal,none
552a579a485c,normal,none
d11749c7b5c7,normal,none
da3cf70fec50,normal,none
d521caf7c722,normal,none
7796e3dc39e5,normal,none
3a7d8d32e2e8,normal,none
31febf7aa86c,normal,none
795ab89424db,normal,none
8047544ad941,normal,none
c020361bf29d,normal,none
1d6b1c4601b1,normal,none
4be370422f82,normal,none
b10aa80208a3,normal,none
605f419263ef,normal,none
6974f45b72dc,normal,none
a624d1529494,normal,none
d4b7c9b0f990,anomaly,device_spoofing
7f5a9f6eaf9e,normal,none
e3602ff592d5,normal,none
5a247f3897e9,normal,none
07f9a0183534,normal,none
5f25ab3ee3ba,normal,none
d1a55fc9766f,normal,none
f0db3ee9de68,normal,none
e7d8e05feed8,normal,none
91893f3d5df9,normal,none
2dc9f9f89009,normal,none
c93efcad34f6,normal,none
d40479120ed4,normal,none
6a3559b074ce,normal,none
c1224ff63870,normal,none
09e9e2a1d2ca,normal,none
19395ebbfcc9,normal,none
5be316ad4184,normal,none
6ba7fb260b69,normal,none
1a570f9d8ec1,normal,none
b07be21ebade,normal,none
811b98a846d7,normal,none
02cdfc733522,normal,none
3eab84857eb2,normal,none
d460cc05f4c3,normal,none
e430b1a8c0a2,normal,none
748e76d54776,normal,none
58c70f0f6702,normal,none
d07a70592b6e,normal,none
54660c82d849,normal,none
b9d01d34fbfb,normal,none
fa403b021c6f,normal,none
35a4f90ed9a0,normal,none
ee5c19e45152,normal,none
96bad83df275,normal,none
1194ae4ceb20,normal,none
627113cc56f9,normal,none
b6f95d17f72d,normal,none
2cd262b9c9b9,normal,none
cd00a7c1a643,normal,none
e03035ef3f46,normal,none
d6c22b38fd1c,normal,none
b53942808c49,normal,none
29a5636bdec4,normal,none
11e8a7e01914,normal,none
1e92f901e8ce,normal,none
7c574319d390,normal,none
dde73460babd,normal,none
a2f7d3827d89,normal,none
ac015b96d803,normal,none
81a93933a164,normal,none
0f9cc05be291,normal,none
e45b6791f17e,normal,none
6a1894cc3371,normal,none
dbf91816e621,normal,none
186bb7054588,normal,none
2298e19a75b8,normal,none
51269334cc9a,normal,none
7dbfee297703,normal,none
763d835dc632,normal,none
223dd615daab,normal,none
5f355704696c,normal,none
addb62ab51b6,normal,none
fb067d4f6c5f,normal,none
9607b407d58d,normal,none
e420cd825581,normal,none
4b124b64d325,normal,none
0932dfd4af48,normal,none
47e17b08f027,normal,none
14670e94e960,normal,none
0ca7ba103cc6,normal,none
09e38e9cca65,normal,none
681762163455,normal,none
f2d54edb2318,normal,none
528c4b8317ee,normal,none
1dcc39fa75b7,normal,none
13e9866e3188,normal,none
9802ce81c70e,normal,none
0fe319c56b58,normal,none
8083928d8eac,normal,none
0c2c6b4cca38,normal,none
a31d8149cfc4,normal,none
0fcc573c1249,normal,none
0cdd90915d03,normal,none
1ab9be5c504c,normal,none
75454f47e635,normal,none
e9029c866536,normal,none
c4ec0185eb75,normal,none
dc765d6b9d3c,normal,none
e99bdbe8f8a0,normal,none
c18af948aa91,normal,none
296f084b1b94,normal,none
d26f80a9c6aa,normal,none
f6ca520fa8a6,normal,none
e20c0dc29ee5,normal,none
5f9023c40721,normal,none
30a3fa41bace,normal,none
46c991a23c8d,normal,none
f30be65c9b6f,normal,none
05c2f85b2724,normal,none
2504282be3d0,normal,none
e2bd6ff03e44,normal,none
396072c5e5cd,normal,none
a0de16768cb6,normal,none
bf9f6cf9f75c,normal,none
3b56b78b6f24,normal,none
754e6542efb9,normal,none
c4124019f233,normal,none
6c7e96bb59c6,normal,none
b953cd8589c7,normal,none
fd0c64da0ecc,normal,none
5bada7e6daa9,normal,none
47b12c09dadf,normal,none
fdd7fcf2512a,normal,none
6deb7c132a1a,normal,none
01759f027392,normal,none
3da5ea481da7,normal,none
3612c84eb17c,normal,none
c130bac787d2,normal,none
9646c3bec562,normal,none
04556016c1b2,normal,none
a82252ef4950,normal,none
405302923bf1,normal,none
1045cc111d0e,normal,none
2115b32ba8a0,normal,none
71db44574d6d,normal,none
bf2081b04b61,normal,none
25112bbfc2fe,normal,none
be364262b1ae,normal,none
a8eff465bf01,normal,none
786d4d9ec941,normal,none
8e3d6cebc76d,normal,none
b120adf54ca7,normal,none
d2b4b99723b2,normal,none
cb9afec7769a,normal,none
6705cd152803,normal,none
6a3a9ae64eff,normal,none
acaf6188634d,normal,none
758cc74dad32,normal,none
bbec767a18e8,normal,none
34482c626b7a,normal,none
7d77298bc2c2,normal,none
c1913151ac11,normal,none
503d1ffc06df,normal,none
0f0ec4f034de,normal,none
234b3654304b,normal,none
de148a102309,normal,none
852e7adcc424,normal,none
4d69de082312,normal,none
7b25b404c14f,normal,none
8760b157b474,normal,none
a8be4a802df8,normal,none
92ef40e3d61e,normal,none
a912236d36d8,anomaly,brute_force
34601039b02c,anomaly,brute_force
7382e0510e55,anomaly,brute_force
f2b1736bbc94,anomaly,brute_force
f700823d9965,anomaly,brute_force
daca8a2575b3,anomaly,brute_force
c986ea770ffa,anomaly,brute_force
c782bdfeeb25,anomaly,brute_force
f447036dc8ba,anomaly,brute_force
639b1c36d691,anomaly,brute_force
399f6d8d00b5,anomaly,brute_force
4e56399b0cd0,anomaly,brute_force
3ccdec6ef684,anomaly,brute_force
0180ee199381,anomaly,brute_force
f0b3a6044b54,anomaly,brute_force
60e86402da6b,normal,none
319d1b798f6e,normal,none
25309a065705,normal,none
4e9c7974c9eb,normal,none
ae194f3018a0,normal,none
2ab8177e6469,normal,none
fd512b4146e6,normal,none
33a7db056b46,normal,none
e7a1ce58bae5,normal,none
8baef3eb11b4,normal,none
91c941891697,normal,none
c1a337bf05fb,normal,none
9d93df3e3226,normal,none
6e14b944b657,normal,none
f40a614298e5,normal,none
dc6bd5f5e3bc,normal,none
e08ba20e0f83,normal,none
ceea066e58cd,normal,none
888c3cb97921,normal,none
77a8b1f12424,normal,none
f8fb07e6db26,normal,none
1f91e7539f60,normal,none
9ccee541f1d2,normal,none
483021dd2846,normal,none
e2b5ed763d0f,normal,none
7526b7c54194,normal,none
347f4bcda234,normal,none
605c3bab7dd7,normal,none
bd225bb7b2e0,normal,none
10b8f1d25860,normal,none
f9732bb9f47b,normal,none
2b675cb5b858,normal,none
809e81e4c4c8,normal,none
b29413261003,normal,none
5318a4f94f55,normal,none
b8e7d7a57fda,normal,none
edcdf18bb50c,normal,none
fd91755aa72c,normal,none
70afd958fe19,normal,none
351d951f0db7,normal,none
6951faa6f6be,normal,none
c4041abee21c,normal,none
9c7e89a2540a,normal,none
ff0309d7327b,normal,none
e9ab09f68825,normal,none
1bba88a7dbfd,normal,none
04857bede547,normal,none
3100925d8eab,normal,none
41328fe154f1,normal,none
34607a485ec1,normal,none
bfd7e3f8a096,normal,none
62a392f72db8,normal,none
a4208b036eca,normal,none
91a3f5bf15f4,normal,none
b841d6cac341,normal,none
35e721dd4367,normal,none
26b13e2c5c26,normal,none
4167c6f3880a,normal,none
945c283d4429,normal,none
7b4a9df3ef94,normal,none
aad57bf16de4,normal,none
22f3af9a5de7,normal,none
2d37db42dcf2,normal,none
c1dda1d70203,normal,none
b0b629505f93,anomaly,impossible_travel
f084893879e7,normal,none
263155c5fb38,normal,none
c3d0ea2d359e,normal,none
85d7c5592a67,normal,none
d03ebac2bd7c,normal,none
ab104d9ad86d,normal,none
b7cce3129041,normal,none
d2181a7b210a,normal,none
5c8eaa70dfd6,anomaly,credential_stuffing
42e6296077fa,anomaly,credential_stuffing
b62a9bf2edb6,anomaly,credential_stuffing
215aaa4f086b,anomaly,credential_stuffing
05a5ab5d095e,anomaly,credential_stuffing
6420b83ea870,anomaly,credential_stuffing
1da851c4dfab,anomaly,credential_stuffing
e57ba72ad942,anomaly,credential_stuffing
ef74772bc673,anomaly,credential_stuffing
17363803af2b,anomaly,credential_stuffing
55ad4bb7d3db,anomaly,credential_stuffing
6d67b47f81f7,anomaly,credential_stuffing
e56f3704af1b,anomaly,credential_stuffing
89167191248e,anomaly,credential_stuffing
666639062bfe,anomaly,credential_stuffing
bf9a4078da4b,anomaly,credential_stuffing
22037ac261df,normal,none
28db7ba89027,anomaly,credential_stuffing
950d73c91576,anomaly,credential_stuffing
0693545d2e01,anomaly,credential_stuffing
945e24f11714,anomaly,credential_stuffing
82490518eda7,anomaly,credential_stuffing
7637d7d381d5,normal,none
4ae8fb04c570,normal,none
7185f5c3b3fb,normal,none
d45e37fc855e,normal,none
45177d341bd4,normal,none
8740f693290b,normal,none
cbfeccf0d509,normal,none
fe306fe81843,normal,none
f2fae92cf408,normal,none
69f4f254d49c,normal,none
5389a025bda6,normal,none
5dca355bf7a1,normal,none
d8b6a3e7fdde,normal,none
bca31f8e788d,normal,none
99f42dce26e8,normal,none
30f31f334d28,normal,none
4c10b0c9b821,normal,none
3087982cf187,normal,none
625cb49b4cc0,normal,none
77b886f485c5,normal,none
1c66cadabb03,normal,none
edf32321f8a4,normal,none
13e84a601b70,normal,none
9f323c1d6fc5,normal,none
401189a3bf2a,normal,none
3d203d95c5c8,normal,none
ac7afb055839,normal,none
942735ead104,normal,none
2c74d8ee6871,normal,none
3c0a4fe77149,normal,none
6ac5bcb9e1cd,normal,none
de44666f2406,normal,none
6fe65ee7b301,normal,none
1a6184c60a38,normal,none
a59a4d4333d2,normal,none
f9718d6eec10,normal,none
8f334dfe3eb7,normal,none
231d2ed0faf5,normal,none
05f234676c8d,normal,none
0adcd6eef59b,normal,none
bc703ed14442,normal,none
78979901020a,normal,none
f09a86469a69,normal,none
f1c53710ee42,normal,none
ad133b71054f,normal,none
d5bd4b289c61,normal,none
626e12de1633,normal,none
d549d574be7c,normal,none
12137db45313,normal,none
3ed86c930933,normal,none
d7d09852bb6f,normal,none
e7160fc4459a,normal,none
218f6fd4572d,normal,none
0fc419bd44c7,normal,none
36cc2d56b6d7,normal,none
0ed6f8a72f7f,normal,none
4e80c07c342c,normal,none
291153fd546b,normal,none
7e5534d9944c,normal,none
988864df1fc7,normal,none
322566cbec92,normal,none
eb5e3b6c69d3,normal,none
76e109f00185,normal,none
2fdd81ff2108,normal,none
9dc84a907bcd,normal,none
e7275201e530,normal,none
edb6ad7be5f5,normal,none
1d926e988790,normal,none
19bf4a7799db,normal,none
8937ecaf5158,normal,none
b8e92664f8d4,normal,none
c2f6476427e6,normal,none
36160e7e12ca,normal,none
b5fd3d3dfe6f,normal,none
acd4581cc401,normal,none
0962b321e4ad,normal,none
f0edab600dbd,normal,none
cd10be12960c,normal,none
79690949c9f2,normal,none
5f07f3ad0a5e,normal,none
b31e9f7cfa29,normal,none
aa5a2ae58813,normal,none
4c28ca618975,normal,none
7f8c42b9b54c,normal,none
ea4a37e74d5a,normal,none
781e971886aa,normal,none
ea08622bd6a3,normal,none
62fe38e102ea,normal,none
7099ff6a47ac,normal,none
dcf8c25a4176,normal,none
85a738235801,normal,none
3c9855e46639,normal,none
ce67e8595efa,normal,none
5a15d67b688d,normal,none
4a4461cbbe98,normal,none
ef67500bb51a,normal,none
e8c4e582925c,normal,none
b4a6b26e7fb6,normal,none
6f99cc9cf48f,normal,none
ec0eced769a7,normal,none
686577bc2a0f,normal,none
e96e97802a76,normal,none
1c2c92f7f941,normal,none
3fa6b6cf0eeb,normal,none
7ffb74650a02,normal,none
22ca0c3ea3d3,normal,none
790319c00bdb,normal,none
2b81ef905648,normal,none
b6b7d44c6d71,normal,none
c76c04376582,normal,none
840b33742684,normal,none
8fe1559b12f6,normal,none
2b3bfe11d468,normal,none
1a95cf341ffc,normal,none
a67f2df83c5d,normal,none
ecb932394eac,normal,none
d382fb5c1528,normal,none
30ec488481ec,normal,none
55e00473f726,normal,none
a5396bd0aa66,normal,none
13601f2a209b,normal,none
afece6003149,normal,none
13c8500efae9,normal,none
e454b7c6feec,normal,none
7ea379b4ecfc,normal,none
2b73ae7fa876,normal,none
1a7a781d4d6a,normal,none
2f4e9bb8f298,normal,none
7226a45b8309,normal,none
436cc9b2b03e,normal,none
21f4a5fb06b3,normal,none
468fd988aed0,normal,none
2c356ce71d22,normal,none
b45fe5c3efc8,normal,none
fa2b347c1ce1,normal,none
c43d9b7f9c02,normal,none
533af623dcb8,normal,none
703ee7d318aa,normal,none
5eabf0552f44,normal,none
3200f80d8536,normal,none
8e7f1e5365c9,normal,none
debcb0a9cd45,normal,none
944e3ffee3c4,normal,none
b6e04dd45d41,normal,none
43f6198d03b3,normal,none
eab9c143351d,normal,none
59fc02b1a66d,normal,none
88eee34edf53,normal,none
6b4a4d844fb2,normal,none
751573d17dc6,normal,none
dc9a5aec4d3d,normal,none
85086acce0c8,normal,none
94be2c74a4e6,normal,none
180c917d063a,normal,none
cebae845aa27,normal,none
327031fdea38,normal,none
ac68d57643c8,normal,none
ac0665fbc595,normal,none
81fcbb1359b4,normal,none
724ea5b1d264,normal,none
dd1a9681d818,normal,none
715ee6b4e3ed,normal,none
9855a7d529bf,normal,none
da020e45c1a1,normal,none
9c083ba8adfc,normal,none
fd360730f912,normal,none
28b1544df2f4,normal,none
b6bd6e19a0ca,normal,none
6ccaacbb6f25,normal,none
1ca81dd348e3,normal,none
0bf5b75ac0c0,normal,none
a9a86a3d45b2,normal,none
ece0712711b4,normal,none
0748d014eaf3,normal,none
8fee630e2f4b,normal,none
c7a2afe8fd65,normal,none
936813ec848d,normal,none
cd227e9cea5f,normal,none
7d4f6a6058ef,normal,none
5b485f41981b,normal,none
a1abfb90d511,normal,none
b4ac4b9818b3,normal,none
af70331f0055,normal,none
f58ebad09ade,normal,none
bf48daf2c621,normal,none
c83f3cdaf419,normal,none
f9d64fd702a1,normal,none
fab50df69b42,normal,none
48a79caa3eb7,normal,none
3786c968de06,normal,none
1071de552e63,normal,none
bc229ac6dd98,normal,none
92756ccebab1,normal,none
9e3f29414199,normal,none
e7fadb76dd41,normal,none
1afbdb1dccd9,normal,none
82e244b0b4ee,normal,none
a3dfd986df37,normal,none
8c0160ebf317,normal,none
2fbfe096fe1c,normal,none
232593b54fdc,normal,none
686b8b7a579e,normal,none
9a9211fb7482,normal,none
d3172e66ad5a,anomaly,impossible_travel
091588885a99,normal,none
cc29f7565f92,normal,none
10fe39d9f3a4,normal,none
5d5c14cbd188,normal,none
7ca373714926,normal,none
3e19c9ac1be4,normal,none
c849b0b56bf7,normal,none
596745dd52e7,normal,none
00a4391d4acc,normal,none
01037cf4ae16,normal,none
245a914765f6,normal,none
433b6545e802,normal,none
0f43d2eff927,normal,none
750fd22392ae,normal,none
594ab862a041,anomaly,low_and_slow_exfiltration
61a339ba26c1,normal,none
3af9d36c06ae,normal,none
8989b0114b59,normal,none
f5f1b1b8ff84,normal,none
279f4b228ff4,normal,none
2f0cb54bc396,normal,none
48988b03d879,normal,none
2087a4fa5713,normal,none
2abbbb677c63,normal,none
c96e52374602,normal,none
05e223f5d4b8,normal,none
cd87aa6dc9c0,normal,none
1236fe1ca4e7,normal,none
7311fffa6951,normal,none
6d3e98b36e4e,normal,none
4b5123ab0454,normal,none
8e561d6f93a1,normal,none
ab209c159330,normal,none
1c671e12fb1c,normal,none
e0d6f4b5f74e,normal,none
aac7b8dde14b,normal,none
793c13c8a9f5,normal,none
334134e90227,normal,none
f8f310b31b17,normal,none
9495fc68000d,normal,none
456fda90e484,normal,none
49a96342b4d4,normal,none
f225c686a305,normal,none
67e842c0ba48,normal,none
a127437f8c81,normal,none
cf3b99d03115,normal,none
3cf1f7c5b405,normal,none
5201e49ff351,normal,none
bc2d837597f9,normal,none
af00e34f63ba,normal,none
c0dd57c84c71,normal,none
c301798593eb,normal,none
a72849f3b8dc,normal,none
42bb72a45e7f,normal,none
89d74478f728,normal,none
a00551e49089,normal,none
e5281a845420,normal,none
33c293a9a8ce,normal,none
ba707d7d15e7,normal,none
b20a01604242,normal,none
f6614abe4711,normal,none
86edda3ad071,normal,none
d005590a883b,normal,none
ebc990eb98a5,normal,none
5342be426b93,normal,none
a8a9a7cc149e,normal,none
fe2be73a4cca,normal,none
def1e06c259a,normal,none
0a205e6780a9,normal,none
64eea677566b,normal,none
e7fb2b4666bc,normal,none
2efa07263667,normal,none
c38bd9c6e581,normal,none
18bb172112c8,normal,none
8df4925bc6e2,normal,none
b9ac81f73442,normal,none
40e6f0174393,normal,none
e9f69849ba53,normal,none
f048d556d49e,normal,none
4cca3336f8c5,normal,none
f89b58fc3315,normal,none
d7006282364c,normal,none
6953b66c79ed,normal,none
073b7127999f,normal,none
ac0db3c86a37,normal,none
3978c59c1f02,normal,none
6b0d52592e61,normal,none
55e500e2741f,normal,none
95bb955b64cd,normal,none
393626989598,normal,none
8e40641875f2,normal,none
10f659e22fc8,normal,none
cf352dc3fde4,normal,none
44df9e7fa629,normal,none
e682a19be3f8,normal,none
3051634335ad,normal,none
262d87499cb1,normal,none
f6fa86f6f3ce,normal,none
8934a0fd0ef9,normal,none
5db57a5d0e51,normal,none
bcc729356b04,normal,none
7dab34fd55ea,normal,none
c4f322e8f9da,normal,none
d375a7244a15,normal,none
d4c4155c78ab,normal,none
dcdd72e6b093,normal,none
f33815950c60,normal,none
851533043779,normal,none
1d88001d0668,normal,none
347df525b960,normal,none
b8c5017f5c77,normal,none
16ecb235981a,normal,none
b62f11f236d5,normal,none
2b084794c2e9,normal,none
e3e70a006f78,normal,none
4f27fab4b58f,normal,none
1d9148768a9d,normal,none
8684e51b4d76,normal,none
b40023f79498,normal,none
00f8e5102fe9,normal,none
009a12bf6769,normal,none
f9df86a07b19,normal,none
c0ba91131a0a,normal,none
c94c7e7c89b4,normal,none
6a3e48d1267a,normal,none
84eb11fdf627,normal,none
c3b4a32c11c6,normal,none
92292bb76a57,normal,none
9eb7a3f93f38,normal,none
041e343b37a4,normal,none
e1bad1ac3c60,normal,none
bf3fb1136a9d,normal,none
1809e7ab7491,normal,none
b76aa6653ac2,normal,none
fa465baf1395,normal,none
a18c0cdd6151,normal,none
aee182eb96e2,anomaly,impossible_travel
533335251c16,normal,none
3dad889476ea,normal,none
f79c13e2b8bc,normal,none
1ae52bd95d7f,normal,none
e720061ad9f0,normal,none
ecc4a08354b3,normal,none
531261ed41be,normal,none
13875f807aa6,normal,none
7c8c3535691a,normal,none
623d02cc31ad,normal,none
afa8aa15e847,normal,none
c48ac1e577c0,normal,none
3cb2b096f317,normal,none
0bed54fad046,normal,none
92992c5d916c,normal,none
854cfe73ef36,normal,none
5a5a7ba6e6da,normal,none
5641cc3b665b,normal,none
d8d439beae9c,normal,none
18e3a7eea73f,normal,none
9e9bcb4920c1,normal,none
62806833ca63,normal,none
6ff9f7b063e2,normal,none
d5ba2037272f,normal,none
5ca820c5a55c,normal,none
729808a87d5b,normal,none
17ff19b81a47,normal,none
37aed5788d16,normal,none
ae7c461d171f,normal,none
e40d0351c858,normal,none
47b73993163e,normal,none
3e57b96380d2,normal,none
b8f02cdfdd87,normal,none
cd80255fcc5a,normal,none
de2d6b36cfa9,normal,none
ec492645bdd0,normal,none
50d7f94dadb6,normal,none
2802162c6707,normal,none
cb903051b99a,normal,none
80c5294761e6,normal,none
bbb110d31e29,normal,none
e70dd13d4eda,normal,none
0ce696bb03ec,normal,none
23347e8a3b9b,normal,none
7c2d3e47e8ce,normal,none
7d4ba2c72809,normal,none
7cf6895eb7c1,normal,none
ec832177d656,normal,none
7da82eda1738,normal,none
540da8263a22,normal,none
7d472f9233bc,normal,none
d0cd5588175a,normal,none
518658522d33,normal,none
27f9cbd3e742,normal,none
38fe8930e4c6,normal,none
cc407461c580,normal,none
ae22f0afb765,normal,none
254958ffd8b5,normal,none
b3f7ad429d63,normal,none
ea57b826dd83,normal,none
f85a0922f452,normal,none
fe9c28ad9d02,normal,none
fc23c0150d8f,normal,none
61aeac27f84e,normal,none
13783d21a69d,normal,none
9463f62b2407,normal,none
9adeae5f9613,normal,none
3b45fd0e734e,normal,none
85ecdd7464bd,normal,none
d60e34834c35,normal,none
9747a4659189,normal,none
99f6d4d5b133,normal,none
5147ae1119bd,normal,none
498bf56c7ab9,normal,none
ab4f3ec95ef9,normal,none
855ea1d792b5,normal,none
43848d2da80f,normal,none
914539081d8f,normal,none
b73929cec09f,normal,none
0cc82d5a3877,normal,none
d4a1f0188c8f,normal,none
dcf44e5fedd6,normal,none
4903a0b1f7df,normal,none
5ead9eeb449c,normal,none
0c0d293bf94c,normal,none
116c21e1bdcb,normal,none
cce6c0f25243,normal,none
b17ecf76cd86,normal,none
05a0c2ca5184,normal,none
5121c87848ca,normal,none
56b5c0d06166,normal,none
f5730e37b8ad,normal,none
983df05ebdfc,normal,none
b64895562ee0,normal,none
e95e07949c0e,normal,none
9a600841fb84,normal,none
50b35523a025,normal,none
b62cf5e04848,normal,none
6136b8a7c77b,normal,none
a54cb4ceab80,normal,none
cac45ca934d2,normal,none
d2629cc29618,normal,none
c1be64f267a8,normal,none
72f8f1a4a9f0,normal,none
b882d4c70bdf,normal,none
2803f148857b,normal,none
0ad9703e6eee,normal,none
792d366ff0fe,normal,none
00960d904981,normal,none
85cbfc0b8f37,normal,none
a93c1cd0e159,normal,none
c7980a0daa7a,normal,none
a22bbd68812c,normal,none
f4be4e9250d0,normal,none
a1f30bf47192,normal,none
3138352fee5d,normal,none
aac606d30809,normal,none
6dfe08bce30b,normal,none
780eede09708,normal,none
a94bfbe1bad6,normal,none
5c05822fe0c1,normal,none
0f5925ece574,normal,none
b1f95141bcd7,normal,none
80e723ae1c91,normal,none
ca0afbdcaea7,normal,none
1936fee6dfbc,normal,none
42b87f473367,normal,none
14b702af2d28,normal,none
c93c57fcecbd,normal,none
d5583f432fbe,normal,none
af2268ae2a2a,normal,none
1e0505e2c3d8,normal,none
3d4a20a4eab6,normal,none
06cb1d0fc9de,normal,none
c8527382e755,normal,none
6d773cf3fb25,normal,none
b7f7e7056926,normal,none
2b3a025756a9,normal,none
6f34d176a6b6,normal,none
af3abfaa781e,normal,none
8fade35e8bca,normal,none
0db00766347f,normal,none
0caff6fb1c2b,normal,none
717b3292bac5,normal,none
824cdf058dbd,normal,none
6a934cd5d75d,normal,none
7be90755da81,normal,none
b1e0d028c706,normal,none
493316cf6fbe,normal,none
2fdd92a05640,normal,none
8b322ffb20b6,normal,none
7dc61838ccfd,normal,none
7800605e0d29,normal,none
3fbb64ecd4d1,normal,none
9892d9b16705,normal,none
6dd867e01b33,normal,none
778791ddbd68,normal,none
c08b4ceb12cf,normal,none
de277c5bcf4b,normal,none
3ab574ce5cfa,normal,none
8727502fbded,normal,none
62dbc3437bff,normal,none
d4604fe61b87,normal,none
ff4471eb0853,normal,none
8559f602584b,normal,none
a796a594f9de,normal,none
98bba5f25039,normal,none
ac7fcbfecd8e,normal,none
315803562693,normal,none
5196c52adc98,normal,none
f2e7e8d0ffb6,normal,none
ee7360ec7797,normal,none
869864c14f18,normal,none
3a4f406caebb,normal,none
3d37057cf84e,normal,none
d3d579c42250,normal,none
cc2157f095ac,normal,none
848b574d7a18,normal,none
e5a6b2e0987f,normal,none
d8fcc0ad0b1e,normal,none
9cd499c86450,normal,none
1f8a29a9bbf2,normal,none
4e2cd41b28bd,normal,none
41f85bd67e16,normal,none
c35049f49f78,normal,none
762c883e9d73,normal,none
185d91e9d128,normal,none
63e4857990b8,normal,none
51468654b091,normal,none
c2ff47d73c88,normal,none
c67887091ea6,normal,none
08a3aa7df00a,normal,none
b076a0b2c2e7,normal,none
d9ef712c4ee1,normal,none
007bd0485f7a,normal,none
f6f2e80307c2,normal,none
db4b3e78cbf1,normal,none
ce888b01be52,normal,none
02b44a8bbb56,normal,none
512cdc766e8b,normal,none
c3002a6119ed,normal,none
6f755a9e9969,normal,none
80c03fedc6e0,normal,none
68f6bebafb66,normal,none
23279e603de3,normal,none
f06b69ebbe28,normal,none
3bfa74799002,normal,none
bc36e0bca842,normal,none
c1461ae3adf2,normal,none
fe414ee9c901,normal,none
a3ebd400f416,normal,none
2fc2de565d15,normal,none
01f93ec3fcbc,normal,none
4805d63d388e,normal,none
7665be8f3071,normal,none
c214adb4d437,normal,none
67eb48e179ab,normal,none
822a984451dc,normal,none
01541b28835f,normal,none
6797a4862654,normal,none
3f97b3213b79,normal,none
a628290a7d45,normal,none
dba1e7436cd6,normal,none
30e96260d6a2,normal,none
a46565d26756,normal,none
aa792d33fbd5,normal,none
b2573225641b,normal,none
6455be8ce9f7,normal,none
826ea180e6a0,normal,none
9b69ee87c30f,normal,none
1f213a507e61,normal,none
ac7f3bf3234c,normal,none
9101bf95e93f,normal,none
aebbabc12359,normal,none
ddc7bedf9580,normal,none
4819b39a73ec,normal,none
f1d0a9b0687b,normal,none
b2ada6379388,normal,none
29a33125cb57,normal,none
11770fbe7911,normal,none
1f5656c95c93,normal,none
d5109c4433f1,normal,none
d41e216ac5b7,normal,none
7fb4780af315,normal,none
3af478ad3df6,normal,none
d47546c406bb,normal,none
32295d6c60c1,normal,none
abba7e5b8f63,normal,none
b8ee5f100bcf,normal,none
7cf1cec6487f,normal,none
0200d5f5fbb5,normal,none
9a9e4a2be81a,normal,none
e2bf17ded9a5,normal,none
8abc9754958f,normal,none
2b8da5fecc59,normal,none
44273a5dcbf1,normal,none
3c52c411f51f,normal,none
b7c172d7c11d,normal,none
c9e8c78639c9,normal,none
87027ec1bf76,normal,none
31e1f65b6faa,normal,none
cdda1bceee6c,normal,none
68dc89a72378,normal,none
c15e1f38dbb9,normal,none
af8757b31b70,normal,none
f15c6656c0f9,normal,none
9d3caac83247,normal,none
b271c71b2e2e,normal,none
e3340710cb80,normal,none
7abc9e7d4013,normal,none
e178cc0f78fc,normal,none
50103b8b291b,normal,none
2f7a4d4cac64,normal,none
7915e402ea26,normal,none
ba39f2d1de38,normal,none
5d7309a87fa1,normal,none
33c658b3aca1,normal,none
f82fd3327653,normal,none
b91ef182d3ea,normal,none
6f3c77b60b1b,normal,none
a335dcb0ad2b,normal,none
2d95fd2ecca2,normal,none
44a5fbef7ff0,normal,none
96a86aa0aef7,normal,none
0a4b874a20c9,normal,none
84c5ae8e2f1b,normal,none
5f1823594cd4,normal,none
c751b135053a,normal,none
a40de1330339,normal,none
083097311cc8,normal,none
40799a4aaa70,normal,none
46a3647e6087,normal,none
471fa6240a16,normal,none
fdee1b15dfce,normal,none
5ee14be14100,normal,none
c31082514033,normal,none
ff5351e059b8,normal,none
8fdead0f5984,normal,none
f8b681fde02a,normal,none
a2e61c55088a,normal,none
f6be06c423da,normal,none
696dbfafa85c,normal,none
d1048f72fa72,normal,none
5adf8269e010,normal,none
b57c5d1b64a6,normal,none
8c309366cb4f,normal,none
94a804b622b7,normal,none
ede4f9a59525,normal,none
58bdca6cb3ec,normal,none
4d677aee4cd8,normal,none
8cea1472e81e,normal,none
41ed78974211,normal,none
e508abc19998,normal,none
c5138a380691,normal,none
acffc4b5ed41,normal,none
dfb09b12215c,normal,none
b0cea6d37e4d,normal,none
ec6467491398,normal,none
b9f86b5f2cd1,normal,none
da8060dfb133,normal,none
de4f0c37ab39,normal,none
e6e7c9b8819c,normal,none
a6bc7653c270,normal,none
05586564a9b6,normal,none
0334dc46bf14,normal,none
cdad51c1604d,normal,none
ef2a2dc8c685,normal,none
342f12bbb236,normal,none
de46dac80b93,normal,none
ee1b76d0ab41,normal,none
5e5108b271a8,normal,none
42c54ef98533,normal,none
e0fc22f99271,normal,none
8f4d47d98044,normal,none
345301c36d9e,normal,none
607499c9efc8,normal,none
4990d5f48964,normal,none
81020d561ff4,normal,none
622150ad4c82,normal,none
a242cf79fdbd,normal,none
a0b794720d13,normal,none
e06539beab23,normal,none
3a9d2b885a1f,normal,none
01c141acdc99,normal,none
4d6a31c92b5d,normal,none
3569230aefde,normal,none
0b5f1874a047,normal,none
19610dba254f,normal,none
5c8280febf74,normal,none
baf789a858a4,normal,none
af3750043446,normal,none
2f672e80f285,normal,none
1d89dd75d9ea,normal,none
35de21327aa8,normal,none
b46b17bf37da,normal,none
44cc17fc607a,normal,none
d8bba1643056,normal,none
c31130c82f41,normal,none
63cd653ffa30,normal,none
125db5c3402d,normal,none
36f1f99e2098,normal,none
abd90b9930ba,normal,none
6381a3130332,normal,none
88464a085b6b,normal,none
b31112df9c45,normal,none
6b06cea83ed9,normal,none
f2a750de17a0,normal,none
172c27d57795,normal,none
929be2147353,normal,none
21cf3776c6fd,normal,none
18ae2164d6f4,normal,none
85075de14665,normal,none
9e1ed70e46cb,normal,none
b167fbc1c25e,normal,none
5a8c676d2113,normal,none
393ad3007af0,normal,none
19496be98b5e,normal,none
28e6c647a1a4,normal,none
d8de2bb3b05b,normal,none
763e8908ee1a,normal,none
1010b9a9fcd7,normal,none
706266125f0d,normal,none
282d64accb40,normal,none
0205bb7c8884,normal,none
1c4c8dc735a0,normal,none
880f29468172,normal,none
95f0ec8f4883,normal,none
4b3b9b54c1c4,normal,none
58fa9ebb6d89,normal,none
39422e0452ad,normal,none
6a17d1c71298,normal,none
4fb55ac0eb50,normal,none
465aecb42703,normal,none
7178e2591a65,normal,none
291a45f807a0,normal,none
44f97379ab83,normal,none
48be02d368f8,normal,none
01fbb454d439,normal,none
d0a3c8c2ac44,normal,none
9738c00abddc,normal,none
9524cdc68cde,normal,none
122c804beac7,normal,none
3a377adaf097,normal,none
1552d8aa8127,normal,none
cd17ce60efe2,normal,none
986cd4143b69,normal,none
f0ff4b65e54a,normal,none
ef3bddb7f938,normal,none
4bdece137621,normal,none
8e94eb0ff352,normal,none
3cd6174c98ea,normal,none
28c166e612d6,normal,none
ded24c1063e6,normal,none
2bf50fcf3a40,normal,none
6c6563dbd735,normal,none
834af48f9863,normal,none
f4d1de500138,normal,none
7b43f9418d9b,normal,none
ceac3a10b1ba,normal,none
8b90802c8a74,normal,none
5f0861ce6616,normal,none
3508aae1bb7e,normal,none
7623507eae57,normal,none
435d906526e0,normal,none
c63db9950730,normal,none
d47733684c54,normal,none
3407128c5ba6,normal,none
8b1174957c85,normal,none
c8d0270faf77,normal,none
c4fb08af3360,normal,none
2758d64a9b50,normal,none
c0e9783720d6,normal,none
8d8b87db049c,normal,none
766d3455ebf7,normal,none
97279ea978b6,normal,none
f0afcf13c8c4,normal,none
a87831d1ece7,normal,none
7cd5d5570c49,normal,none
0ccc33f69258,normal,none
d432f6f3fed8,normal,none
5bbea1d0ca3e,normal,none
120c9da26e82,normal,none
b05dcd3b1a70,normal,none
02b2627d1726,normal,none
80a1c78c8a9c,normal,none
33e0d6b18997,normal,none
3d690f367b40,normal,none
5585a5056798,normal,none
2828e718cec2,normal,none
3145208555b3,normal,none
ab10e0e1ce32,normal,none
819f45894e4f,normal,none
16475fb92150,normal,none
f15cc50393c6,normal,none
5c770cf39999,normal,none
31719c9d9f92,normal,none
44edcca79d80,normal,none
fa54d51155ef,normal,none
523ff301d534,normal,none
2c8584d6e2b4,normal,none
3c432ba60193,normal,none
cf24a4a150c3,normal,none
11b23cf080a6,normal,none
687ed2329d71,normal,none
