session_id,seq_risk_score,has_sequence_score
85440e5f2c1f,2.3863386e-06,1
26ba4e1c7a5d,6.4150373e-07,1
ff0bc8144091,8.7806785e-07,1
0ab469f110c1,8.1914385e-07,1
092fb9a47db2,5.0237384e-07,1
caea12a04a56,5.5394804e-07,1
e7da2304eae7,6.4437086e-07,1
32b58ae75f52,6.3089277e-07,1
f2504af69d3d,6.6201164e-07,1
15a454532447,7.204843e-07,1
f8e7b5aea639,3.515452e-07,1
44936caa02db,3.8916224e-07,1
595a5953f8d7,3.8481065e-07,1
d2c100872bf6,6.738906e-07,1
b3d4eae8f2d3,7.8551136e-07,1
a2dc5bfb77ce,1.0337286e-06,1
28dc179e83d9,1.0562211e-06,1
71632b72ae25,5.707501e-07,1
4e84e06d56dc,3.532734e-07,1
3cc10447ef60,2.4505218e-07,1
47ed318cc873,1.5805757e-07,1
09ca252f3770,1.9994651e-07,1
5cec3b23a025,1.2735349e-07,1
b28a5718dff8,1.4300404e-07,1
aa8a71da5a6c,1.7275617e-07,1
ff235abb810b,3.5077818e-07,1
2f46263b44ad,1.9954602e-07,1
e1d29cb8612f,2.474374e-07,1
3e76f63cce6e,2.5236898e-07,1
2c01db473ec2,2.722501e-07,1
e8098fde0152,2.715115e-07,1
dbc190f71e7b,1.423688e-07,1
4099a19efb82,5.0511517e-07,1
3e41b0c1b1cc,4.3804155e-07,1
3eff600b5690,8.2315114e-07,1
1df05c46cb77,8.098187e-07,1
9bbc2e9ff5d1,2.753008e-07,1
46d6d30bbf8d,6.018695e-07,1
947d626d971e,3.0695853e-07,1
d5d0fe44b98e,3.191413e-07,1
eb70592b01fa,4.560778e-07,1
0ab75a7a0b66,1.8012486e-07,1
a9bca956d79c,3.4648752e-07,1
1c044959bba2,2.1730341e-07,1
2059dde12cf7,4.941841e-07,1
648a92c0296a,4.849482e-07,1
3ca2bc9a00d4,2.4771012e-07,1
ed6d6c9c24d5,3.4338774e-07,1
a4768f196dbc,2.8631197e-07,1
9eaf639bf40a,3.13442e-07,1
d2df9137c3fc,4.9067444e-07,1
b40ccf272efd,4.7535053e-07,1
e70ee8e7db31,6.8134676e-07,1
bd39960604ab,5.0578626e-07,1
567ed2667c17,5.191808e-07,1
406c926d2751,4.3279206e-07,1
a4cd724ea785,3.3058467e-07,1
cc061464461e,1.8627352e-07,1
c863d10ea304,3.942589e-07,1
a3fcd5ff0cbe,2.9386146e-07,1
0ab857c20546,2.8954702e-07,1
b2e3ed25e037,3.023657e-07,1
1445167f627e,2.3480524e-07,1
dd25f6aaf389,1.589187e-07,1
bd09378bbe47,2.0431924e-07,1
97a10a8f8006,3.1926217e-07,1
db453e0269fd,4.0139503e-07,1
9b037642bbd3,3.831048e-07,1
bdc9d547fb86,5.7372915e-07,1
9bec8df5fd25,7.2857e-07,1
fe1a9aac7b34,8.4723223e-07,1
d681d71947b5,7.141038e-07,1
e87b54947e58,7.393426e-07,1
d98af8f37097,6.4703784e-07,1
5a916cb820db,6.4457765e-07,1
93f6a8474a18,6.040723e-07,1
33b30d29e6f0,3.936008e-07,1
47bad016302c,6.267333e-07,1
0046fa34d618,4.2512798e-07,1
7290290c65f6,6.0797845e-07,1
24984d1585c8,4.5226335e-07,1
efd9f4f4c163,3.9034248e-07,1
098d88c2a9a0,4.437527e-07,1
52263ae90f13,3.8863905e-07,1
2069fc2a86aa,2.8081604e-07,1
5cb184c7f280,2.6519936e-07,1
ac72b5e30bf7,3.8440058e-07,1
80c505051a80,3.1147985e-07,1
3f678acd8006,2.4276216e-07,1
83601c094f2b,4.4950045e-07,1
682be3f8c662,3.8663046e-07,1
358b262ca4fa,4.5608465e-07,1
f5e617189870,4.0974044e-07,1
96a0a8125db4,3.4744895e-07,1
a8f612211bb5,2.6850506e-07,1
b80516fc0be5,2.6702043e-07,1
b1d77624fd10,3.197466e-07,1
fe657f9637d8,5.426407e-07,1
b043025f83d7,3.4472714e-07,1
b19c98b19e77,4.950967e-07,1
0c8307785b27,8.630524e-07,1
5862c1933687,4.059558e-07,1
0a366a0ee68b,5.5881264e-07,1
b1a8ce293812,5.430144e-07,1
b42d59c60753,2.3980948e-07,1
7527cd9ee4ce,4.426474e-07,1
c8ebd0e0255d,3.0717737e-07,1
83eecceebac9,3.5174122e-07,1
76c9dff425c5,5.3054595e-07,1
36c1451b154b,3.6630712e-07,1
6667da135885,4.0653268e-07,1
8d3cf1f26769,3.182936e-07,1
628b971d9a60,2.981475e-07,1
2392fcba145f,4.376388e-07,1
6f49b0fa7690,4.2451785e-07,1
e81c24d8393c,4.7111754e-07,1
164582956be6,5.3591236e-07,1
7b341f3ee7a9,4.7562267e-07,1
256fb66b64de,5.8195207e-07,1
23f3b04285b5,6.67133e-07,1
83814e78e546,5.4131715e-07,1
26d5fbc7b7af,4.870226e-07,1
febf08a02ed4,4.7059777e-07,1
607174aa87a8,4.7744e-07,1
5924f3eee453,5.399301e-07,1
10ccf5324844,7.0143597e-07,1
542faee15d0f,7.06912e-07,1
83670fcfaee7,4.8011117e-07,1
a21fa9bb031b,3.3559337e-07,1
a303aecd8a10,3.068534e-07,1
b08763364d25,2.2070883e-07,1
ebb34f4033e9,3.7957406e-07,1
57b53f37abb7,4.0239775e-07,1
f5698f84fb37,6.7730105e-07,1
9c93273bb953,4.8163736e-07,1
eb898823e45f,5.688674e-07,1
98e2f16e4956,9.372703e-07,1
575ffff0fb28,7.379815e-07,1
46d31723e502,8.5778305e-07,1
4c49941b748c,6.87522e-07,1
30e7c9c10b70,4.0312594e-07,1
4aad57ea4833,3.5626041e-07,1
42fcebea25c6,4.492878e-07,1
b57061c283fe,4.483318e-07,1
4ee74d83cc9b,3.7120532e-07,1
a126631f9522,5.451181e-07,1
65a262c176be,3.372124e-07,1
ec23f163be13,6.705606e-07,1
261c6e67907e,3.9254485e-07,1
16dba307043f,3.306089e-07,1
63a9c5783925,2.3011859e-07,1
5cc2fb8b7a17,1.8292629e-07,1
f0ff17c894b4,3.4119495e-07,1
adce8590caec,3.3061167e-07,1
918725454cf1,3.576821e-07,1
87270dc3c0bf,4.2146374e-07,1
6a2934bb2375,3.5175387e-07,1
22bf0ca36c3f,4.4567045e-07,1
618752e13743,6.8754395e-07,1
17abfc43220f,7.202878e-07,1
e3f2b506200e,6.2494684e-07,1
b47f51952b63,3.417652e-07,1
966029a67708,3.445492e-07,1
46c4d2cdf5d9,5.7222945e-07,1
be402220e5e4,1.9508686e-07,1
10e2deeb9af9,5.8747355e-07,1
d45ef0def7c7,4.847301e-07,1
6e51096b1c28,4.3475288e-07,1
b0bc00479326,7.548105e-07,1
9dcb58f54c6e,3.5991727e-07,1
2733a7ba50f6,6.0759e-07,1
07208cd919d9,5.451222e-07,1
dddc46c2efe9,3.738262e-07,1
e2860d01ddd7,7.7686803e-07,1
df285f21c55e,5.6036987e-07,1
49788db105dd,5.1866044e-07,1
02b5bb111248,8.9318553e-07,1
4d259491f30c,4.6117475e-07,1
cd09eb8de337,5.5723024e-07,1
e7552899081f,4.6238864e-07,1
f2bf849085b6,3.4262067e-07,1
c498a573cea1,1.5635452e-07,1
d259dcd2c20c,1.034413e-07,1
8d4e93b5b31e,1.233823e-07,1
2aa867228d3c,1.9868928e-07,1
061e91f83825,1.3178862e-07,1
fd154dcc4677,1.6317881e-07,1
59ffddc37a81,1.877306e-07,1
7b6ef12ad85a,4.4866317e-07,1
256eeaf81066,5.3487486e-07,1
3ffde00b3a6b,6.655585e-07,1
2a789a85a1ba,6.9068983e-07,1
613783bafa16,6.126333e-07,1
48a1ef38bded,5.2909536e-07,1
e3b345e57b45,2.2780422e-07,1
38d01b4e04ed,4.8345197e-07,1
ab6ac2d84bbb,4.6995189e-07,1
328c0a333b33,5.2794405e-07,1
cf9559dc2ee5,5.749143e-07,1
1278cf8f8247,4.3730805e-07,1
0099578060e7,4.52783e-07,1
639657510c43,6.908693e-07,1
8711c51dd0fd,5.788736e-07,1
33e456ab7abc,1.1239084e-06,1
67b22555f941,7.621967e-07,1
14b3e50e4c07,7.7719096e-07,1
48f002908c26,5.040036e-07,1
2add23a1ba20,5.6360994e-07,1
cfc2d2f451de,4.2671928e-07,1
7ca509f7857f,2.785146e-07,1
168cd82225b4,3.8407714e-07,1
eda3af5bbfe6,4.969524e-07,1
61c64b8576f1,8.610611e-07,1
dabff29a0f82,9.2027545e-07,1
091ec7be928f,8.445407e-07,1
a94d18fb6caa,6.973476e-07,1
b0612bf1fa37,7.8649043e-07,1
f68d083e51ea,6.4580865e-07,1
11d378bfa308,7.135811e-07,1
85b8b5b4a869,1.1222703e-06,1
86f863446b90,9.667011e-07,1
7d2294bbca2d,8.395048e-07,1
d6f00542105a,9.70028e-07,1
979b334986a0,4.174126e-07,1
bd07cb5c71d7,3.1617907e-07,1
96d177148416,3.202922e-07,1
86ff56b3ec7f,4.6903244e-07,1
a17eb3da5649,6.3565835e-07,1
da689312a5c5,5.166924e-07,1
16c50207f1f3,5.195252e-07,1
33ffbef39286,8.057274e-07,1
f8935a9258f5,9.569876e-07,1
88096f5faae8,8.7599733e-07,1
bec4fb603626,1.0951131e-06,1
52802358e279,7.250321e-07,1
797a0678727c,6.3488176e-07,1
11e7c9c7cf25,5.144084e-07,1
8f1f306e23e3,3.1362666e-07,1
4eb1696ba6ae,4.9010316e-07,1
27a7c7089c3e,3.7296505e-07,1
6452fceca461,5.237451e-07,1
6c73b30dc853,6.1760335e-07,1
b94b029bb00e,6.109731e-07,1
dd45ff8b15dd,4.6005653e-07,1
037419c23491,3.3495772e-07,1
bb69f90e293d,4.7201632e-07,1
a2850c6c7845,5.6806914e-07,1
1d6712255159,5.7518287e-07,1
546c89095c76,6.232022e-07,1
e976f2c9a895,3.0655724e-07,1
e53137cd4e72,1.750237e-07,1
77e226b2ca01,1.6517421e-07,1
58c42236b292,1.0796989e-07,1
ca51579f94ef,1.6723064e-07,1
a36052bb6baf,2.2808007e-07,1
30bf06c40e17,2.0291354e-07,1
4467890f11b5,2.0684442e-07,1
211d1e5ed194,1.9589658e-07,1
70ccf5ebd807,4.031737e-07,1
0236a55264da,4.120048e-07,1
d0cac60ac2ad,6.5694724e-07,1
2eff3a6c8d2b,7.4295775e-07,1
62893bfa9e07,7.19183e-07,1
a310e7829f40,4.8640925e-07,1
bb524ef654b6,4.2736008e-07,1
596989fca64b,3.0360158e-07,1
24e17c9b98a5,1.9654485e-07,1
06c21ae59a58,2.4902434e-07,1
e88a29bea251,2.6107958e-07,1
724108c7d094,4.3934895e-07,1
ee5c45614ce3,2.41865e-07,1
f563c6c3ddc2,1.8401808e-07,1
0d725f43efbe,3.778167e-07,1
5cb3a730b016,3.6744214e-07,1
047c19a0568b,4.600547e-07,1
e1ace1510968,2.959105e-07,1
b32e93af7145,2.6356628e-07,1
cf12aa12b599,1.5657234e-07,1
4a27c0021250,2.4227876e-07,1
aa0f384bdef7,1.9944537e-07,1
1ccbc0560dd3,1.710459e-07,1
352ec61956f4,3.4880495e-07,1
524f2aa59826,6.288068e-07,1
3987296f2f02,6.3830146e-07,1
5c7b89420be4,6.4640847e-07,1
f1f5b3326489,5.5107915e-07,1
fcf45c4f776f,4.8491904e-07,1
bc116bce0550,3.5812573e-07,1
88201a3945d9,4.599789e-07,1
07ab1d9b8cef,6.004109e-07,1
6df8e4f34149,8.379645e-07,1
d36b15e6ceb8,7.4359855e-07,1
c466933d0880,7.321488e-07,1
89fceb36d867,4.793389e-07,1
485508fba61a,4.5045772e-07,1
4568b86d6836,4.3754693e-07,1
6c507d4e4d13,2.2419586e-07,1
4a4bd22657b3,4.451046e-07,1
69772a479ede,4.5181562e-07,1
41927bb8b317,8.492481e-07,1
7ee5d07acab2,7.783202e-07,1
43ce3f22f5a4,6.5479657e-07,1
a8e92fbf9421,8.997293e-07,1
2cbf52d15536,7.3374736e-07,1
47808c507e11,7.5263165e-07,1
4105bb10335c,6.1696795e-07,1
9b2b4b36c90a,5.235914e-07,1
2bb01bd26ffc,3.607492e-07,1
7bdeed395f9a,2.9201965e-07,1
907aafb85a5c,2.1137872e-07,1
4bf37a8f0979,2.0587584e-07,1
dd48d90181f6,1.3431942e-07,1
3554b6d177a2,2.3887063e-07,1
0a3c76f3c643,1.901743e-07,1
e7de8a2201ce,3.1006056e-07,1
0615d4080703,3.1584872e-07,1
b53bf9629a59,4.6841197e-07,1
57a7487266d7,5.4511844e-07,1
ac069a073265,4.633964e-07,1
54856d84a743,5.866631e-07,1
3d27c91175ae,5.6428746e-07,1
bc8c1a5c7118,4.617418e-07,1
8c2d876758b5,4.874575e-07,1
eee7680c84c7,6.043151e-07,1
c968f81b1f40,5.7071526e-07,1
f8f668fd0c8c,4.720588e-07,1
9d8c21325a4f,4.5910355e-07,1
2ec11433fd86,2.6288208e-07,1
d03401b72627,1.7468957e-07,1
4c7bcaf95fd9,2.3739106e-07,1
5bf3ad490001,3.0453987e-07,1
f78c1bb8ac5e,3.0176662e-07,1
dfebfac9fa51,2.407912e-07,1
55d9ed7e50a7,3.191024e-07,1
edd50c1d2179,1.5890986e-07,1
f40059918cd4,3.566962e-07,1
75836039126b,2.6375395e-07,1
43458b513784,4.2632448e-07,1
f57545ac7090,2.0104889e-07,1
a8edab561e7e,3.3348996e-07,1
914c4da87aa0,1.0173352e-07,1
f6aa273f5565,1.6099867e-07,1
32b762248db0,1.562228e-07,1
84bee5f34e50,5.1260287e-07,1
ae37bda6f7d7,8.2637365e-07,1
a38807565a1c,6.993551e-07,1
22ca81d48d3b,7.3142184e-07,1
9c4806b7c168,6.4509607e-07,1
91510739e44f,3.6229034e-07,1
1ddd6c51e798,6.1858304e-07,1
c24da609059e,9.3426047e-07,1
667e36e022d1,1.2547392e-06,1
6de5369f6daa,1.3221247e-06,1
233649f4f306,1.0121295e-06,1
de8a7c589b56,4.9150736e-07,1
4e4a8b1ddaf2,7.152064e-07,1
c7d67801f4fe,3.0982662e-07,1
9d8ef7ea5ed1,3.7897615e-07,1
3a982859ab26,5.2363015e-07,1
ea670154c39b,5.215342e-07,1
6c9c96ff16aa,4.2930853e-07,1
039ab7ac635a,4.2670945e-07,1
bdab19fe5186,3.9105083e-07,1
bd7574357cfe,4.353199e-07,1
a83743e38fb1,2.4958769e-07,1
987770dc2a47,2.1480503e-07,1
c0f4378e9f2f,1.5045734e-07,1
77b6e48906a9,4.015315e-07,1
e74e955ba421,4.8565823e-07,1
43cccdf8dafa,5.840737e-07,1
7835b01265ee,6.1284993e-07,1
870f57a1d663,3.6956922e-07,1
eff321164fbf,2.0192697e-07,1
da767120fad4,1.9252242e-07,1
18de98f2a924,2.8793596e-07,1
0e6e43829365,3.1228802e-07,1
c8bc1a10b673,2.9956146e-07,1
f27c04de1278,2.3133411e-07,1
7c323ec72a80,1.5258077e-07,1
2863bf857097,2.2523896e-07,1
846348e271fb,3.2533185e-07,1
a7f7750a3b2e,5.05868e-07,1
1cc85443fad1,5.1038813e-07,1
edbe9b4cc865,1.0458623e-06,1
a508100f3940,1.0361774e-06,1
8d3eef8fc9c5,1.1733382e-06,1
a49e052286be,7.916666e-07,1
f2c59b95753d,7.237424e-07,1
4f878dd69d77,5.500215e-07,1
a9a2d8bf9e7f,4.699338e-07,1
538c91bb6c55,3.839957e-07,1
72e48334db6f,4.4122658e-07,1
43c64d6f025b,1.7010963e-07,1
5c0f9e1d2df0,1.6561438e-07,1
043adc70dd91,2.8576136e-07,1
cbccb4a30a18,2.5384824e-07,1
6312ffa159b7,3.174314e-07,1
69c1fc981615,3.4412272e-07,1
70ce18c00252,7.190141e-07,1
3440d9d132a3,6.875514e-07,1
f0e1f9ea1d4e,7.947691e-07,1
38bc26fe1321,9.573153e-07,1
f106c0e5200c,6.9324324e-07,1
74b387db208a,7.436727e-07,1
6926357752cf,5.8936746e-07,1
a7244fdc053c,6.3378474e-07,1
1c0675c839ab,5.8160015e-07,1
9f5005e73098,4.7251717e-07,1
e0c268bd99ac,2.919554e-07,1
325fa5d1dfc0,2.1607606e-07,1
92cbe75f4b20,2.0675631e-07,1
bf95ea6730bb,3.2532833e-07,1
df27cef65bbc,5.725789e-07,1
7cdfb4c384e1,4.8708904e-07,1
87ae3215a18e,4.2045815e-07,1
1e511ce6073c,3.2944723e-07,1
e46a93455185,3.0032697e-07,1
80b90f699e33,2.7458324e-07,1
f57410d46201,2.094966e-07,1
f9366636986b,8.569005e-08,1
006d80c70276,8.673109e-08,1
b907a7993a94,1.2539695e-07,1
1117dea53c7a,1.4312272e-07,1
27b0c4d7a5e0,2.4337754e-07,1
18a1c1fe00b1,4.4371163e-07,1
2cccc4a3af0e,8.933016e-07,1
a3ce31e08642,6.849421e-07,1
cd7ad4e59e6f,7.4740916e-07,1
e2712ea3cd2b,1.0567314e-06,1
83f92a702aca,7.4708134e-07,1
8e5ec7ef3486,7.411459e-07,1
a522714ddb20,6.523376e-07,1
e38a87862a16,6.184285e-07,1
f32ba329eb1c,6.0733544e-07,1
a4a2f174da4b,6.2773995e-07,1
5920ae7e1aaf,5.1650414e-07,1
5115fd37f97a,7.339296e-07,1
db39e6b78d24,7.6770624e-07,1
aae15fc2c1d7,6.478921e-07,1
e72c84eab089,5.206353e-07,1
da260831210e,7.4635716e-07,1
77713afe126f,9.295288e-07,1
0cec6ccf5e48,8.1291205e-07,1
7527ee460450,7.8680887e-07,1
ffdf8e462fc5,5.7238066e-07,1
d400d3b093aa,2.9442865e-07,1
f06e342d7ee7,3.8495943e-07,1
adc0ea3389f0,4.1187917e-07,1
a87cfa977c2a,5.656836e-07,1
14e3e21b090e,4.9799826e-07,1
df8ecdcd034b,4.0130317e-07,1
d366ea4986ec,5.695779e-07,1
c2427978a0aa,2.9289552e-07,1
2d1078e0d367,3.478423e-07,1
2e8ea028a077,3.2307528e-07,1
2b7c1e949415,2.8911543e-07,1
8dcc7360e3c4,4.4413866e-07,1
53a4f9413047,4.313717e-07,1
e3072c9b0bdc,5.478597e-07,1
14abf5027a42,3.545904e-07,1
f2f5ed146dfc,5.856053e-07,1
e545b8627dc4,5.6827383e-07,1
cc45092fa812,6.4484095e-07,1
86ed06d0c58e,5.00001e-07,1
3a4a730b01d9,4.7789405e-07,1
877f9495fb0a,5.494022e-07,1
7e043d8a6f78,6.4609605e-07,1
d9be976873c8,7.359991e-07,1
f857048e9366,5.3471206e-07,1
963fd0fe3141,3.8090835e-07,1
975e53762ddc,5.0815476e-07,1
276386ffbdef,3.1076107e-07,1
49cf669f582a,4.0312904e-07,1
7e82f2b05942,4.3624394e-07,1
2e354105a3a9,2.1115386e-07,1
236ddc79a224,2.4953232e-07,1
86ed560218f5,2.4164717e-07,1
7aeb2cce2403,2.9433377e-07,1
f172661dbb88,3.826837e-07,1
75b9cb616b75,2.7426367e-07,1
44cb79758eae,4.5063467e-07,1
2923684c800e,3.4167448e-07,1
6806e20b40cf,3.848693e-07,1
c8e619d25d02,3.2362283e-07,1
9670900efd12,3.2325696e-07,1
a2930f405c7f,2.859967e-07,1
4cd17fa273fb,1.7274756e-07,1
97a4f7a17fae,3.9696076e-08,1
6ba95a0b05c0,6.551809e-08,1
4316c5d9eaec,2.3093658e-07,1
877ac76bcd81,2.5419456e-07,1
2cdc5d520cd7,3.0547014e-07,1
fdb25bf06f8a,2.35387e-07,1
316d67b41662,3.4644907e-07,1
c95aabdf56d1,3.0686206e-07,1
7010bc00ce0d,3.4474104e-07,1
e99c13658ddc,3.3114992e-07,1
4bd04db65c14,4.0847547e-07,1
b7bbeb1f4f00,4.7027046e-07,1
53f5e27cb79b,3.7767668e-07,1
ced088bfa9c1,6.2369674e-07,1
76a58f307052,6.856175e-07,1
02e8addcf4dd,4.0270203e-07,1
99e2d4feda31,4.951864e-07,1
584dc7504953,7.4368165e-07,1
9e09d05e80cc,6.58063e-07,1
6bb6cf75492e,5.472654e-07,1
854262e05eb4,6.2906065e-07,1
9477e43563f6,3.476063e-07,1
247daba1be74,6.202055e-07,1
37c37ea22811,4.897264e-07,1
83516e64771f,6.4082434e-07,1
ea8e4aefef5e,4.352685e-07,1
6d78681c8c60,4.1377464e-07,1
8d5ccd359d8a,3.4962574e-07,1
31a1e2c7c38d,2.632668e-07,1
8c565bae7274,3.924232e-07,1
043c1bd7138c,4.995401e-07,1
d6325e3f0ae1,4.6904606e-07,1
b7df98f6942a,5.860143e-07,1
bd4935b1c3db,3.6337096e-07,1
82fc57210a11,3.90636e-07,1
0d18bd82a198,3.6726246e-07,1
45181c403c33,2.7481647e-07,1
54296c858aa9,5.323805e-07,1
b6ff55ed4141,5.060618e-07,1
6f50645479c6,5.5131665e-07,1
e15a2b0588a8,3.793611e-07,1
d1a8bf51f401,4.7023363e-07,1
bd6b2e48f0a0,3.0619694e-07,1
05423cbe9ff2,3.5093052e-07,1
5c59f80394c3,3.1270972e-07,1
53ed439eac0f,4.9993474e-07,1
723c563ef139,5.5636923e-07,1
532c6e310c56,8.787017e-07,1
93d2171aaa4c,8.5729056e-07,1
85df606c367b,8.3472065e-07,1
960d571be6f8,6.903693e-07,1
1f8e2d16032c,7.44333e-07,1
671e2e5f869f,5.034538e-07,1
37098c9f1b66,5.436941e-07,1
d21c7efa17db,2.2129534e-07,1
405a6a3a5b39,1.9009185e-07,1
64eeae4a7b94,1.3696011e-07,1
98f1963f7136,5.0084844e-07,1
ad097d742f86,4.5117693e-07,1
55e5352df3b8,7.7379406e-07,1
173be4f9b22f,4.6719202e-07,1
9a8565bde8b7,2.0870922e-07,1
04eca1cf6ee9,2.1398044e-07,1
a1a9a1489790,1.819898e-07,1
afa908f40556,3.2005767e-07,1
07e053810ffc,1.4544682e-07,1
801b584805f3,3.0346752e-07,1
b1659823bdea,3.740365e-07,1
c0fc1f54d785,3.4486e-07,1
a9413b52be7d,6.552369e-07,1
a1aab35506a3,4.8284625e-07,1
e5aeeac29c88,6.215974e-07,1
35bd0fac4871,2.7959257e-07,1
34284f4bf302,3.5432748e-07,1
a9f6166b39a4,4.5377445e-07,1
6d169a8378bb,4.947474e-07,1
18321af70001,4.965813e-07,1
a08d3789743f,4.3384128e-07,1
dceb59aaa6ed,3.8780848e-07,1
dcea98593947,3.3066027e-07,1
e0cfeaf1d9cb,1.4928551e-07,1
f7805a77b802,4.810592e-07,1
56a37b6c1ad7,3.6239953e-07,1
5de1697e36bd,3.5025639e-07,1
a395bffc17d8,4.149793e-07,1
0e6cf57865e2,2.3167493e-07,1
7ab7c99e8d38,1.6110215e-07,1
ba22d7f91605,2.3431711e-07,1
44a6be31613c,1.5445539e-07,1
0413676ac0f7,2.8462412e-07,1
31f3e6cc595a,1.7249178e-07,1
620abf1651fe,4.0917885e-07,1
deae441729e6,3.6741304e-07,1
244f585e65b5,4.1228512e-07,1
14ccc97539aa,5.6376246e-07,1
7a01b89523ff,4.7414005e-07,1
25beea510471,4.638375e-07,1
423f5256f116,4.0671222e-07,1
e4e54efcdcf9,7.2280983e-07,1
39899f1e3c2f,3.824366e-07,1
158a40427e4a,2.630667e-07,1
267c92c81703,3.4753327e-07,1
b7eb69c56766,4.1724485e-07,1
a30861569d75,3.5681595e-07,1
fe818ce327c7,2.9491028e-07,1
ac4107de5817,3.052807e-07,1
8175d6a251aa,1.3466305e-07,1
61fd2201b8b5,2.0421949e-07,1
0788d023bfc1,3.5213924e-07,1
03604c98b10f,2.940473e-07,1
f4a94ccc8b48,1.0630419e-06,1
a2ff787d1749,1.1264639e-06,1
7a432abb82e4,9.863809e-07,1
27f185755c10,7.513345e-07,1
ad981d3663b2,7.5810124e-07,1
5dfcb45a0f1a,4.0713854e-07,1
445b82d96661,4.1244897e-07,1
4e5603354756,4.1543643e-07,1
3ffc4ae517f4,4.6746234e-07,1
a82b64c8c890,4.229445e-07,1
220de9f559df,3.1429553e-07,1
445e3ce12bc2,1.9412731e-07,1
38ca280d3371,2.910643e-07,1
c0ab3ec5215f,2.1821502e-07,1
e20eacf4900f,2.3164206e-07,1
f0afc00a3353,4.8728145e-07,1
5da485918cc0,5.643745e-07,1
6b89bf3caf43,5.9889703e-07,1
e30ef20f8a2a,6.084241e-07,1
5d85633a6786,5.3819707e-07,1
83992db61fc3,2.9990986e-07,1
6c7882fae292,2.347368e-07,1
0126087a4cf5,5.0423e-07,1
78b058394a4b,2.7079767e-07,1
a85d1c03f0fb,5.427723e-07,1
4103ba87d97a,5.0124015e-07,1
8f88099cf55c,6.770736e-07,1
f8968e16f5b3,4.8082694e-07,1
f39b92dcc74c,7.675006e-07,1
c23c0683db77,5.2691786e-07,1
fdd42113514b,5.713249e-07,1
d0a385a5f1ab,4.230463e-07,1
e33a22e75c9f,4.3299573e-07,1
8abc7f6c35bb,3.576295e-07,1
459514fd1268,4.263003e-07,1
e8dfb6f71772,3.2212995e-07,1
41250994a3bf,3.0817176e-07,1
4c9db1f7a7d4,3.7719732e-07,1
561474d09a8b,4.2095576e-07,1
936b9161bbcf,3.849526e-07,1
21c890c3a394,2.689904e-07,1
42537e57eeec,2.2747979e-07,1
c64873db0dbb,1.3222515e-07,1
6dc677424c55,4.864844e-07,1
2296c4135ce7,3.897608e-07,1
2ba392ee11d6,5.150377e-07,1
7bdbc30722b8,5.337191e-07,1
fecdaae88249,2.391555e-07,1
0fda447a3092,1.6552907e-07,1
c43205bc8898,1.8712572e-07,1
9740d66137bc,3.151497e-07,1
b9892b2a8324,3.0887182e-07,1
accc01b2cbbf,4.0311141e-07,1
3896127de4d8,5.581095e-07,1
8e54c6797db3,5.924427e-07,1
9590faeabde0,6.6468635e-07,1
a25113cb1685,6.526213e-07,1
843cde58dfd1,4.330956e-07,1
dd8940e05446,4.0894753e-07,1
a11a9f5ffc40,4.0564902e-07,1
c0e949ae2a90,5.146367e-07,1
0d8078db8f1b,6.2501425e-07,1
c2be129b1c9c,6.125647e-07,1
d22658308a3f,5.09995e-07,1
c9bf9fef05b4,4.6623276e-07,1
f5ec8e0974fe,4.968274e-07,1
c08343cb5ee4,6.3923346e-07,1
01ad13999dd8,6.985348e-07,1
8fae66ae22e9,8.95709e-07,1
049c6f3c0e44,7.6785335e-07,1
bc42844cb360,3.2109983e-07,1
679a4021fdd1,3.8585065e-07,1
5ac52b101cb4,3.8336398e-07,1
aabd4862c95b,3.0310375e-07,1
ce3c947d7023,3.4233284e-07,1
3efcbb52e0e2,5.563638e-07,1
715acafefa1e,6.037757e-07,1
d6777535a50a,5.2015105e-07,1
68bd1c7ce781,5.3981114e-07,1
60585222ba40,7.362814e-07,1
a3a4be4c4e29,5.2295707e-07,1
5f4fdf5eb499,3.1887927e-07,1
d563630778b9,2.1856947e-07,1
4796efdfcc9c,2.2225942e-07,1
822605793959,1.4385385e-07,1
a0e855fd7d3a,2.0702504e-07,1
9a9313be7b4e,4.841714e-07,1
cb5a5ec39284,4.7367058e-07,1
2e89fad1c2d4,4.0884447e-07,1
2cdd50b88f53,2.8342978e-07,1
dcd3415439d8,2.8624905e-07,1
73c3c70998cc,2.3277566e-07,1
28b400ddbc8e,4.066581e-07,1
03ad258fe6d8,4.4059482e-07,1
f49292ddf90c,4.2377457e-07,1
72eefc67348e,6.005751e-07,1
1c44cce0fcf4,5.2061404e-07,1
691a36d3c084,3.707993e-07,1
f588cee49afe,2.5093465e-07,1
364da0b10142,2.7441055e-07,1
33556f85f9b1,4.1895447e-07,1
9d1d05a27e1d,5.7123674e-07,1
91b2b18d58b4,4.9281385e-07,1
0126139b3908,5.916332e-07,1
fd6770322a52,4.800527e-07,1
b014e1f6bcd5,2.918953e-07,1
0abc9cfe041e,2.9924868e-07,1
adce3b3f54d9,1.5174477e-07,1
28ea91d81645,1.5097547e-07,1
5fa663b7e775,3.0380858e-07,1
d089f99ba3e9,3.135198e-07,1
46746ee2ded0,3.9419015e-07,1
94dea6dcc1b5,4.087477e-07,1
96cc9ee3419e,3.492236e-07,1
039d0b1e53bc,3.3359902e-07,1
c20dbe789395,2.999453e-07,1
03d0ff9f2801,1.9495151e-07,1
dc7848cc4876,2.408547e-07,1
337450905b01,3.4307314e-07,1
9a7a07079ece,3.4186974e-07,1
683e947345cd,4.637691e-07,1
26c2091d04ed,6.6661573e-07,1
0451c2c4b18a,4.0300756e-07,1
4663dd948401,3.793844e-07,1
8cba45598f97,2.0576685e-07,1
9fa031ced6df,4.1045416e-07,1
a4030720cd38,6.0306394e-07,1
1aed8b960041,6.65862e-07,1
5fb5ca8deab0,8.9959264e-07,1
0cc0de1d30c2,8.018647e-07,1
d57f03a625b6,7.213669e-07,1
da159727c8c1,7.572969e-07,1
6d1cde765b8c,6.833883e-07,1
a2d3c7b3d465,6.1541584e-07,1
fe8c9458ab92,4.2783307e-07,1
60785758393a,1.092495e-06,1
cd224a8ccf74,8.5781863e-07,1
cd6383c8d5ac,6.929256e-07,1
aa8c5a59e6bc,9.266553e-07,1
9b87501a61c1,6.730007e-07,1
908c8933ac19,8.1300567e-07,1
8de738778636,8.169075e-07,1
d9c4c0385804,7.3286844e-07,1
1d73683759a5,7.6541335e-07,1
2e1191cf3786,7.316721e-07,1
7edab23a4a14,9.81454e-07,1
d08692741307,7.7799626e-07,1
a7fbd3c5d81e,6.308806e-07,1
091480658964,5.1865857e-07,1
03f30f8cc29f,5.6100583e-07,1
550d3f6bcee6,4.1053875e-07,1
ae627900613b,2.5133636e-07,1
c797fb3dd563,4.3006926e-07,1
31fc46b2b48f,1.9730341e-07,1
50ee8aced683,2.3017171e-07,1
f57c992cb6bf,1.870883e-07,1
ad87e9ef53ae,3.4922522e-07,1
a0804923a22a,3.2845327e-07,1
0b700ae41cb5,3.7552428e-07,1
b61c31fc621e,5.178445e-07,1
540ca6e4840f,4.0840825e-07,1
07516890b907,3.8260092e-07,1
5cccc2cb19fa,2.4824246e-07,1
a6f1c750caaf,2.6273145e-07,1
9e9d66440a53,2.3728425e-07,1
97ef483bc67a,3.690852e-07,1
0641380c21fd,2.775174e-07,1
a497aea25339,2.3533467e-07,1
c51946ea9179,2.6141666e-07,1
ac5f76535710,5.703245e-07,1
1e371d7570e2,4.7544884e-07,1
e9f983192308,4.6436912e-07,1
2ec8b3c31815,5.7466815e-07,1
6fd332a338a0,3.3701576e-07,1
2c677c151dd3,5.144019e-07,1
e2297d487e63,6.565527e-07,1
01e2f15ff50b,6.469322e-07,1
2cd1ee083a97,4.4325049e-07,1
e89c180225b2,5.523679e-07,1
bd4ba169e8b6,3.5320306e-07,1
7643111cf495,3.5051852e-07,1
d7d0b9f0cee5,3.4637495e-07,1
c8d8cfca716a,2.444021e-07,1
097650947a09,6.750354e-07,1
60af1fffd16f,4.4445022e-07,1
cc2b7cff00ed,4.897772e-07,1
09c8fd437bf6,5.124573e-07,1
8f0754715127,3.8883476e-07,1
c2c990308cf4,4.4970034e-07,1
c173b6ecb7a4,3.9036328e-07,1
1dbdf75bb96b,3.795789e-07,1
2c610ed799bf,9.904759e-07,1
21308939dca3,7.832497e-07,1
d40da4024ccf,5.906011e-07,1
763d90ed7230,7.6073405e-07,1
4d32baae1ccf,4.8798273e-07,1
c0dd06413c11,3.9217616e-07,1
9908872550a6,4.6559148e-07,1
d611323b3e28,3.4473112e-07,1
2d5db756f90e,2.0551303e-07,1
d28b10aa2bfd,4.258983e-07,1
01a8fd44fed2,3.8741453e-07,1
3951a8177e8b,3.4205829e-07,1
caecdd56106d,3.075825e-07,1
79dc3b3ebbe3,1.5539261e-07,1
f1da9d00f607,1.6158268e-07,1
b2a5a1443fa8,4.4496682e-07,1
ffa97fa514c8,4.1001547e-07,1
4cb215649560,3.097278e-07,1
ca6dd87aaddd,3.0512263e-07,1
b653b2edfa4d,2.9801845e-07,1
1bbb497e3947,2.740505e-07,1
7fdcd3975701,2.3268299e-07,1
5dfd36719575,3.1906117e-07,1
22c6b1be659d,2.389754e-07,1
40e65216e803,2.0024451e-07,1
9ee62a74a836,3.1405182e-07,1
cc87c2a2c60e,6.636596e-07,1
73a69146304b,7.7465467e-07,1
e5e7aafe4ece,6.0682777e-07,1
232e83089ae6,4.0388096e-07,1
ba52188034ca,3.5048194e-07,1
fa598a2d4a22,3.9612462e-07,1
45b4c6d7b87b,3.9765735e-07,1
684f5a89d3f4,3.3741716e-07,1
4e6aa232dc05,2.7008835e-07,1
e1f956d67f5e,3.175615e-07,1
b1eecaf33dc8,2.8607317e-07,1
726bcb565757,3.4116192e-07,1
380f17e71bf5,4.4348192e-07,1
65a1baa3856a,5.160042e-07,1
bb0e8e63d13e,2.6618062e-07,1
4dda6b166cb9,4.2105492e-07,1
f5ef13a49577,4.8042585e-07,1
78b1b1a076ed,6.2080755e-07,1
7b348ce0a64a,7.490612e-07,1
9fa809d3fbdb,7.350138e-07,1
32de449c3cea,6.02973e-07,1
86c8ccc0b894,8.1625143e-07,1
1e8cab7245b1,1.0583756e-06,1
6d19edf37583,7.5497474e-07,1
a3254681f654,1.1119326e-06,1
6d7f6d0cf19d,9.4704956e-07,1
efcb5faacd85,3.754537e-07,1
129d601bd4da,2.1302667e-07,1
b6b770b36467,2.1777728e-07,1
7c429b0f5626,2.3451464e-07,1
c5463b04dcb2,4.3284356e-07,1
8d312b4ba1a4,4.9027415e-07,1
d5c7e9db48d4,3.502181e-07,1
b0f42e905e93,5.0126863e-07,1
e283a9808c22,5.042765e-07,1
362cc380a481,6.3074066e-07,1
14d2c2260033,5.818089e-07,1
20c994334992,8.412364e-07,1
faeb4e3113bc,6.618107e-07,1
71b61989a718,3.5791373e-07,1
165e900eb0e5,3.8469523e-07,1
23130149c9f1,8.348404e-08,1
c0d9c8e63268,1.3376531e-07,1
a4d1c5d27ca2,2.6245775e-07,1
be0923e5603e,4.7345452e-07,1
e57279735ca0,5.7827606e-07,1
ebf4f28f9f65,6.005603e-07,1
4f6bf47609b8,7.4256974e-07,1
f991f6786581,5.9504606e-07,1
0046e4c185e5,5.307364e-07,1
b8a74a5ea42b,2.8559114e-07,1
e1280439a87f,3.227625e-07,1
921b7196b187,4.050226e-07,1
e5d805f46f62,2.9952417e-07,1
bd9afca1df0d,3.1996353e-07,1
6cd90bf24451,3.774518e-07,1
5e7a784059d0,3.3271536e-07,1
91a1ef50e5c1,5.0799633e-07,1
6f232a4faa1d,4.0038233e-07,1
07f74322ae06,3.5973022e-07,1
15aa7b8e19e0,2.6294188e-07,1
56eeb8fde75d,2.0966685e-07,1
dc17dd94480c,1.8874155e-07,1
599e76fbb767,3.9247408e-07,1
58ecb204ee13,3.453943e-07,1
37e47f7daa51,4.1616155e-07,1
8471b7c705f8,2.6463684e-07,1
9f48bd6d1669,4.482418e-07,1
d265c34d593d,3.5011644e-07,1
8f0cb7f7cc23,4.878226e-07,1
93c060ed8bbd,4.5181156e-07,1
3125ed7af224,6.0553936e-07,1
dbc6174afa15,5.323139e-07,1
e56d02fa79c4,7.6848045e-07,1
00d8bc5d8b20,5.582181e-07,1
c02c8bb89812,3.6585493e-07,1
a77a4be70c4a,1.2292575e-06,1
b99a4edac866,1.0259885e-06,1
bf4e3a45fc2b,9.3494447e-07,1
7c4468948a74,7.5659375e-07,1
da34980a3d5d,4.7873635e-07,1
fae47f43aa98,3.6512358e-07,1
faea0fe26bb6,2.9121858e-07,1
18f9be1966d5,2.5168458e-07,1
b3c7db731fab,2.6064524e-07,1
ec814b5fdbdb,4.4084334e-07,1
bdf8676f25b3,2.7475122e-07,1
b1d7f8b38486,1.4349207e-07,1
f9e20342173a,4.3168558e-07,1
5a70a7a67bb9,1.4720415e-07,1
762f4e43e2b3,3.5247433e-07,1
00f4cb524428,4.1933652e-07,1
26b1f429a47d,3.9965389e-07,1
d57025a56e20,4.1709114e-07,1
ac8a5591c143,4.2309813e-07,1
e2fd0f8961b3,4.6847148e-07,1
8fbf9da4ef34,5.6764173e-07,1
db56bc316093,3.0115143e-07,1
004a08bf7c62,3.8938518e-07,1
98ddeba1ef07,1.2579709e-07,1
4f04256c1f00,5.986614e-08,1
8d61cb672ffc,4.8572923e-07,1
cabcbdeeee4d,3.5093092e-07,1
471aac692d86,3.2681038e-07,1
76c105cbc45d,3.7362585e-07,1
faf7c1d9cc23,3.2549178e-07,1
cbc4bbedb96a,3.1185343e-07,1
dd5f7e4daf0a,5.064736e-07,1
dac460bc60c9,2.8313636e-07,1
1274c327a585,3.264709e-07,1
5005df1e1a15,3.0923024e-07,1
829b6c38fb6f,1.2607755e-07,1
a6fbe1ed6f0a,1.5893497e-07,1
2394f833ab2b,1.0479297e-07,1
bee35cef652b,1.0072922e-07,1
d2a46c040efa,4.7179577e-07,1
979ef668c0cd,4.5769764e-07,1
420a7df44389,4.8583763e-07,1
c0786267a32c,5.914329e-07,1
9a5aee4f1dff,1.9259524e-07,1
91311cf630e4,3.1348773e-07,1
79fa23f39671,2.44573e-07,1
22f35fe1a1ad,4.0505415e-07,1
3fb6c39314d9,3.8597477e-07,1
81b0d6b09e95,2.1165187e-07,1
543a4783f298,4.2645945e-07,1
322f0d8d3cbf,5.376758e-07,1
163d980c1324,5.714654e-07,1
9e40347a5eb3,5.6132507e-07,1
6a245e07ff18,4.5830572e-07,1
1785a3e0e0d1,2.8605223e-07,1
aee1f5919ac8,1.9442264e-07,1
c2fc49ae4443,1.6209654e-07,1
06fdc25dfa8c,2.8456688e-07,1
071e3974a27a,3.2087956e-07,1
6a40c374e52b,4.5782087e-07,1
451dc69ea31a,3.9123805e-07,1
f363f163781f,5.916958e-07,1
ad81ec66fe2b,3.4906716e-07,1
aa368ddc7cb2,1.7602589e-07,1
ead5c1b6f604,3.3602237e-07,1
30cbef4cec8f,2.5670795e-07,1
e7c986bf86b7,1.9822576e-07,1
6ac863caeac5,1.8687479e-07,1
4d41da2546ff,1.9035099e-07,1
718e5ff3715f,1.2077547e-07,1
dfe570163521,1.7240087e-07,1
ff00b02868c1,2.840879e-07,1
91f178236e7d,2.07235e-07,1
905c8e7a2b91,3.6903688e-07,1
107fe74b6020,2.7426992e-07,1
ddf0707b6b43,4.7167984e-07,1
2254d3cfa03b,4.0796178e-07,1
0d730f9e6149,3.6859134e-07,1
34344d4c13d6,4.943589e-07,1
839546bc13a6,3.2340202e-07,1
b6c101e9ae78,7.877045e-07,1
3463e7bd9022,9.776904e-07,1
09e52b5772a1,8.629394e-07,1
c28677d1786a,7.8957004e-07,1
96b321802faa,5.4915614e-07,1
2675174b71f3,3.6573374e-07,1
39608d706f77,1.5471362e-07,1
c8648acb52d2,2.7213562e-07,1
a7a2e165c1c2,3.841507e-07,1
5f9f08e6b6e3,3.201703e-07,1
02c28d2b20e4,4.2885097e-07,1
f25728b95353,8.5793914e-07,1
1fc8eddc5857,5.187301e-07,1
fd56d5b0f2b0,4.1951327e-07,1
31262b6e5171,8.525907e-07,1
c8544bf29a30,8.051312e-07,1
eff69139cc54,1.041846e-06,1
211049ea1e90,1.3198274e-06,1
d1b6948ea3d6,1.144003e-06,1
bcd4dd87b423,8.832085e-07,1
1b2cdba7f78d,3.9927576e-07,1
c9ed69ac1c41,2.5078867e-07,1
169f38bd6095,9.568807e-08,1
ed29b9f3a1b9,3.5702473e-07,1
30cbcdd00096,5.2882814e-07,1
2835c2f63791,5.216474e-07,1
1d872e410321,6.636663e-07,1
9464cf00e18e,3.1105233e-07,1
60b91bc8bb4c,1.6188923e-07,1
ce2467e310f1,6.2663935e-07,1
60c0f8f21709,7.907154e-07,1
61de19c7efbe,8.586093e-07,1
0979f81223d8,9.595543e-07,1
b23859e7a376,7.956723e-07,1
62cf95e8fe75,5.867179e-07,1
ea4068b7ae23,3.8204857e-07,1
f11d215cbdc2,1.9514528e-07,1
0ef962575db6,2.3643237e-07,1
cc8b1b640582,3.467101e-07,1
7cce3d4eba36,4.0064157e-07,1
9bdb67448409,8.1555055e-07,1
9dd8641f0b1a,4.7354243e-07,1
b992ae67db38,3.4962795e-07,1
97c5e374b473,3.4238946e-07,1
933d506c9a50,1.6479378e-07,1
60dbb2577faa,2.7431173e-07,1
6b4f63133548,2.971869e-07,1
1c5fe2e3918a,2.6754418e-07,1
a4b2614972f4,3.7815587e-07,1
ef3c8447b915,1.7814627e-07,1
5d109e99d27c,2.3326986e-07,1
f3adc4910fce,3.1266956e-07,1
b892d68c63b8,3.9454602e-07,1
ae40cb918edf,2.658234e-07,1
02d0569fa7d0,5.0503485e-07,1
a33423970dc4,3.6172577e-07,1
2253a97bd5b5,2.708509e-07,1
adfa069025c0,2.687928e-07,1
5c033b715771,2.1018889e-07,1
fc5aaf5726fb,7.632776e-08,1
8e0676e5ab21,1.1001037e-07,1
574e3b5d0391,1.9842845e-07,1
63093983e636,3.3592977e-07,1
1721ba6f655f,3.6148725e-07,1
56282cee35b0,3.6725623e-07,1
ea0a3980c16d,2.36784e-07,1
6a8364933b38,1.9165924e-07,1
791125ca3414,2.655527e-07,1
70dffac83f17,1.7249933e-07,1
5d37778e396c,3.3450206e-07,1
e6cfb97940de,2.781455e-07,1
e1614183d0bf,2.807219e-07,1
e6b9937800a9,2.1843381e-07,1
aebff73d0032,1.6064728e-07,1
ac0cd6f5aa35,1.2400096e-07,1
9947dce4c705,1.3816901e-07,1
11791b512dec,9.031073e-08,1
b639df5fdafd,2.562211e-08,1
5f5a0646a463,1.3440449e-07,1
3b26dd95cb9f,3.4424056e-07,1
fc0aa3591f7b,3.49096e-07,1
e1e5fd84547c,4.9036623e-07,1
ace7a530a38b,3.8618256e-07,1
7aaae0b1a75d,8.20006e-07,1
4b2fc8715c76,1.2924522e-06,1
5bebb4b4a0a4,1.2814025e-06,1
156159c00e4a,1.1041949e-06,1
8604242e8118,7.887957e-07,1
5292926113c2,6.8902955e-07,1
729a4b563912,5.61305e-07,1
e749e040fe0a,2.3496172e-07,1
80cc8e71fd67,1.665345e-07,1
1d7bb2a4f678,2.4679056e-07,1
ac8d332fda71,2.9216875e-07,1
90e649de8c8c,2.9738916e-07,1
95430cff27e5,3.5543923e-07,1
f3600583b0b8,2.1713846e-07,1
4f4e99e54ffb,2.4320912e-07,1
67ed4c29ead7,1.7991687e-07,1
a313ee9f5609,2.6663454e-07,1
b035c5866aff,4.11146e-07,1
92b79cc76903,5.6593154e-07,1
3a801c955e0c,5.290369e-07,1
077609a404e6,5.28103e-07,1
4b1ba7ee5cd6,4.030214e-07,1
1c8498de88c9,3.4004967e-07,1
e6d0b9f591a8,2.6466896e-07,1
115a3c27568f,2.5805608e-07,1
c2cbd2d7166c,3.362682e-07,1
d5a405339850,3.5100214e-07,1
d6699190a1a7,3.8522558e-07,1
96a78269df2c,4.5000664e-07,1
972e8d94f3da,4.2826645e-07,1
77232e682a23,3.3047837e-07,1
8220037d124a,3.407074e-07,1
c2c48cb276ca,2.853501e-07,1
b0acb6585da3,2.0344952e-07,1
d2822b18daa3,2.2559347e-07,1
8dff5b6146e1,3.330856e-07,1
8491e4034fbe,2.461089e-07,1
728841c3d8f8,2.0682106e-07,1
3bdace6f801e,2.483554e-07,1
e7caf43385e3,1.7457484e-07,1
4e8d65763e31,1.4528116e-07,1
7be5f484e2b2,2.8117307e-07,1
e2a6945ca94d,3.2120008e-07,1
6c344c3a7462,4.0911243e-07,1
ad030107d031,3.6991653e-07,1
675ea0c4136e,6.456005e-07,1
8129d5f8eaef,3.5927175e-07,1
a1bb06c61e09,2.0797096e-07,1
00780e051702,5.0832875e-07,1
af0c5d691687,4.7782925e-07,1
a9b8fb803228,3.2264887e-07,1
169739eda291,4.4245795e-07,1
03416b0da4ed,2.9585138e-07,1
3f75fc40a0db,3.316982e-07,1
7db4479b8443,8.7054264e-07,1
1ef902248543,4.7633642e-07,1
87a9860adcde,1.0623856e-06,1
88775f59cd2f,9.1402023e-07,1
1a8fc43a2dfb,4.286255e-07,1
b54c23c14736,4.2081115e-07,1
e247828175b8,5.961247e-07,1
6d12c03fe93e,5.490527e-07,1
4c16f3a21d74,6.293202e-07,1
026898db510f,9.553365e-07,1
3517fb8caf5c,8.790543e-07,1
01a770311df4,8.2311277e-07,1
dc0fa91f867e,8.0972376e-07,1
ed3dc1b6ed88,4.675236e-07,1
fd60b7eb1d97,4.8221864e-07,1
80f58cdef837,6.042704e-07,1
7c3ae81fd622,6.0275414e-07,1
8edf853a0ac7,4.2093092e-07,1
be3a541e3e29,3.1263025e-07,1
d5c4482da4f0,5.886225e-07,1
4505d00034b2,6.126498e-07,1
c99af2aed713,5.9361577e-07,1
cc92bce4bdf3,5.158136e-07,1
2ee8a34d7932,5.9938e-07,1
b718d9a42642,5.5527613e-07,1
c1a32f8820c4,4.2450554e-07,1
3db222d44782,5.362556e-07,1
df4407832e9b,7.1224434e-07,1
2137afd76a29,5.9777636e-07,1
eef0fea6239a,4.9069865e-07,1
65a96547e317,4.773113e-07,1
c9cf78ffd5e9,1.7872425e-07,1
57d164f71839,1.6264335e-07,1
8c73c936587a,4.2689396e-07,1
5d14dd9f01d1,2.2558729e-07,1
c578e1811fb9,6.24967e-07,1
ffcf4fdc2a93,7.158949e-07,1
6b309b84eeab,6.30252e-07,1
81c9854b3b3e,6.232365e-07,1
3b8b1e9efef2,8.4284153e-07,1
952ab8d46743,8.423876e-07,1
1cfd36302733,2.7853682e-07,1
69e5d26361cf,5.073407e-07,1
56d483107621,2.772042e-07,1
0345d5d6f855,3.6402525e-07,1
04d0ef661615,2.7419867e-07,1
329171ef3bf9,1.7090905e-07,1
8e602653be8b,6.3216527e-07,1
e54df542eb23,3.1362575e-07,1
241190a3ae44,2.3618774e-07,1
5425539b7b53,2.3511976e-07,1
357693ae33d1,1.6445598e-07,1
11a5621440cb,2.7898196e-07,1
89eda0a1b2d1,2.1149314e-07,1
a910f3a24cbd,2.0632389e-07,1
4f46137d3164,3.4947573e-07,1
feb0a22947cf,2.5252461e-07,1
4d421e436e05,2.9366487e-07,1
c7079b94846c,4.998671e-07,1
7368b0d95af8,6.681166e-07,1
4e4f3d70e5a7,5.739416e-07,1
da2a5439ab3f,4.956767e-07,1
8f503cc8b4d4,5.235259e-07,1
824178f8d719,2.451405e-07,1
526e7464e64c,2.1897193e-07,1
5ded1e02f731,2.0323962e-07,1
0cb1d0ee2da2,1.8405883e-07,1
e7e145d60129,2.4218136e-07,1
b0bac0cf78c2,3.2350772e-07,1
3151e0e9a77d,3.5533236e-07,1
ea74521eda63,2.3886298e-07,1
eb8b349eb5ce,5.538388e-07,1
800cdeac8c28,2.8426635e-07,1
e813bdb20fdd,5.8772457e-07,1
7dd6d22ecbc0,3.6611496e-07,1
7ecd97d0057d,3.8687435e-07,1
2ed232778697,3.3937584e-07,1
8d59958816bb,1.837758e-07,1
36c13dacc925,2.859102e-07,1
b8842d2f3e1c,2.4581246e-07,1
1819b039ea78,3.5918424e-07,1
0967563ce1d2,2.2292642e-07,1
080f8923f773,1.7751547e-07,1
7982d9b18656,4.1321886e-07,1
44a7571f36ad,5.6746865e-07,1
7b7978f0d1cd,4.986332e-07,1
c2fc65963c95,9.202548e-07,1
15acca895d21,3.6586633e-07,1
ba89454474ec,3.010797e-07,1
df6253bab247,3.738534e-07,1
6c1c417622be,7.3357e-07,1
ca0fd8825fcd,7.1557633e-07,1
4e1bc8d1fbe3,4.944905e-07,1
b43a75bd90ee,3.8446424e-07,1
768f30a044d2,7.6380326e-07,1
f6dca97fe308,6.827028e-07,1
a6fbbd410871,6.6357643e-07,1
e27ac8a8a769,7.018372e-07,1
71e334f09590,7.362137e-07,1
f3d4eb3fedb1,2.713216e-07,1
f77c52e904b5,6.90739e-07,1
8b4609166d1e,4.140351e-07,1
4432975058bf,6.047588e-07,1
c5733488e002,6.006535e-07,1
d36808a9807d,5.6736565e-07,1
a76382fedfbf,5.409205e-07,1
84a53db637d9,6.6862805e-07,1
aaf99bf3d0ad,6.9427773e-07,1
00718590baf9,3.86774e-07,1
151ac66010cc,3.6934082e-07,1
be04eabbab04,5.777329e-07,1
bf53215bf445,4.7821726e-07,1
a69bdbcda8c2,4.6450393e-07,1
27b3dfa733b3,4.2459084e-07,1
512fb1b0038f,2.8885228e-07,1
a35daa4e8ba8,1.5552247e-07,1
1a65240a5e89,3.4342122e-07,1
23f6f6feebe2,3.185327e-07,1
6c6bc39dbe1c,3.5670558e-07,1
190a5319c3af,3.526907e-07,1
7d1a4666447a,3.8300206e-07,1
565782f225f0,2.8590628e-07,1
87073c46fabe,4.5220372e-07,1
b3e1c3020cef,4.0035525e-07,1
ed49890f1fd8,5.0251106e-07,1
cc4e83bb43a1,4.563267e-07,1
ed1480204b7d,4.609347e-07,1
f87b9662ad5c,3.4535822e-07,1
62b95563576e,3.254754e-07,1
2c11b69373e1,3.0101828e-07,1
f8db136486b0,2.410542e-07,1
52768c915c82,3.2844406e-07,1
dc823386b86e,2.2280491e-07,1
85e927277424,2.0672208e-07,1
1e829ed3f9d4,2.47608e-07,1
98c7b7040dde,2.780563e-07,1
2dbdb6eb0449,5.7389394e-07,1
89f1dbadf609,5.523691e-07,1
40207e063a3a,4.551821e-07,1
aeafeb58ccdd,4.1380304e-07,1
d091039d5db9,4.5967283e-07,1
550fbb299f6a,1.4347842e-07,1
e9b04b20f682,1.91419e-07,1
8f4d483fdb33,5.9953913e-07,1
fdd56aa5c0f8,4.0634245e-07,1
cdd0de24f127,4.2468852e-07,1
8f4bb9f82808,4.831742e-07,1
e47509a4a14f,4.4220295e-07,1
9c40dd2df933,4.4515258e-07,1
90f6c5741cc5,4.8933134e-07,1
70900490d850,4.081062e-07,1
67fd3c70f23f,2.1049757e-07,1
2693ff67ad33,1.2759358e-07,1
31e5681f9aa7,1.05715785e-07,1
94a969ee26ed,3.702534e-07,1
aa6c99664756,3.16652e-07,1
f1df290830ac,2.332637e-07,1
291fcd59177d,2.369981e-07,1
98477ac830af,2.137502e-07,1
8a8d87034e93,4.0690287e-07,1
37b7d6d27e07,3.7877138e-07,1
f03cac480659,3.824669e-07,1
062206cb4c47,5.929738e-07,1
e31badfb28eb,4.979229e-07,1
dbcd2f4fd769,2.8653062e-07,1
28e2852e9b4e,2.6696242e-07,1
073b7518cc46,2.1405162e-07,1
bc5edd43d8d5,1.0407501e-07,1
7f090c90c51c,6.74426e-08,1
1ebe707d0faf,1.05135754e-07,1
275f0cff9aa6,1.5882615e-07,1
f62c1ec153a5,1.7744404e-07,1
5dfbdb942f1e,3.215589e-07,1
409d74b0b025,3.2874303e-07,1
6952f6ede59f,3.2897188e-07,1
232c79fee02a,4.4392985e-07,1
c7b41b23d1fd,7.365437e-07,1
7fb7856295bb,6.462932e-07,1
fb9c3dd91ecc,5.397817e-07,1
5332dd408886,5.0910654e-07,1
a8e2ba08f4c6,6.9233823e-07,1
04de0bf14ffe,8.613205e-07,1
500c3e8c194d,8.8974986e-07,1
4628f8dc1a67,7.343137e-07,1
c54598aa3207,5.210423e-07,1
52b0db32bf9c,2.7893938e-07,1
a70fdb08ac7e,3.0518035e-07,1
4262e61e2d36,2.5307773e-07,1
6f1165577d54,4.215471e-07,1
1c81327d5231,4.0887713e-07,1
4d88e4022518,4.2230326e-07,1
7e1437f3fb70,3.233048e-07,1
8eb8266dd773,4.7695426e-07,1
662f726a926d,3.5955395e-07,1
e71f1d3c633d,3.5655088e-07,1
900ecdf1cb53,3.0342898e-07,1
45c539e364fc,2.4697343e-07,1
a79966f9c5fd,2.2413302e-07,1
85ddfb1abe2a,2.48117e-07,1
66ed932241c7,2.9405e-07,1
2b50fc2031d5,4.9295346e-07,1
806417525841,3.838227e-07,1
22f9c7ebfc83,4.1611153e-07,1
dbac6c417b89,3.8251005e-07,1
76e58d9baae8,3.6052785e-07,1
6a4c0261a42e,1.8995287e-07,1
e5658dbe1799,2.9514223e-07,1
2e1a5c2c2dcb,2.9758536e-07,1
28da6f000d44,3.546769e-07,1
19a5c5c59932,4.8183216e-07,1
4d880f89a086,2.9704708e-07,1
7ea92f52c90d,1.3348439e-07,1
d6987025ad4b,1.586185e-07,1
68538cd5672c,1.5200986e-07,1
317c21fc95da,1.298264e-07,1
e65078f0ea72,1.410976e-07,1
06598e1a23f8,1.6397065e-07,1
bfdea138f4a3,6.611642e-07,1
862cd867983a,3.913009e-07,1
d94b89bc7b45,5.266623e-07,1
063b1450b3f8,5.0532293e-07,1
041f2e76c4c1,5.712509e-07,1
5f1e2b4a23bf,8.0497324e-07,1
e328d9d07b20,6.3606484e-07,1
5f52ab9e3818,4.993589e-07,1
19e0ae4e9872,2.1578863e-07,1
01a053096b91,4.031722e-07,1
6a13415169e0,3.356554e-07,1
00906c65670b,2.1176544e-07,1
e1eda9720782,4.98212e-07,1
8a0806002ed5,2.489497e-07,1
07b91e2c00a6,3.4660397e-07,1
26b0ff86162a,2.6385547e-07,1
49d2765d9a16,5.324476e-07,1
5f6356d15f9f,4.6290327e-07,1
9039ad7d66fb,6.2589083e-07,1
318fd8d504f9,4.7043412e-07,1
07001981a1c4,3.478662e-07,1
a388817b61d2,3.6804087e-07,1
e5024c6ebf25,3.091423e-07,1
fbb5a72c5a11,1.8619221e-07,1
c3e8065e8d8e,2.0849049e-07,1
ab956479a950,6.162657e-07,1
483d2bc57858,8.073695e-07,1
42d949e58dfd,1.5308185e-06,1
7b8e1a4498c0,1.8467547e-06,1
5caea1f355f7,1.4940351e-06,1
eb285e612a27,9.348471e-07,1
a6b473215f7d,6.430647e-07,1
6d5f74413b43,4.4403498e-07,1
64d4d314187f,2.9844742e-07,1
d42ec87c29c8,2.4527972e-07,1
497922615f3e,3.7166143e-07,1
b19c3de5f1fc,2.3490469e-07,1
96708e8c7aa4,5.699889e-07,1
4bb4c6fb560c,4.1386133e-07,1
9069341b5598,6.6572795e-07,1
2e04f9f1732b,3.4465316e-07,1
c9f01f617129,3.0391675e-07,1
785ff89f2434,2.2353045e-07,1
492009df94f4,2.4270602e-07,1
ca17a7ffd72e,3.3194019e-07,1
9eb2ce609549,2.4484376e-07,1
d0863b92ca8c,3.9358105e-07,1
399a6358473d,4.051254e-07,1
9cd35ed9ad12,4.5055833e-07,1
fae36b72b638,3.4042083e-07,1
5a65109a0b42,2.0203241e-07,1
7a11f055a5ce,3.3654317e-07,1
53b5423b8189,4.913954e-07,1
1f82c9cace8c,3.9492255e-07,1
e2eaadba853f,4.881121e-07,1
b3277080bd79,5.0768176e-07,1
8dd3d756c38d,5.0799997e-07,1
e47b064275cb,6.032461e-07,1
733244c8861b,6.4717915e-07,1
8d10815bf499,4.952496e-07,1
6d9a5e430ec9,2.9374894e-07,1
f1170f5c3c3d,3.3685353e-07,1
f0c6a2bcb4b3,3.4285526e-07,1
127bcfde1c05,3.1707617e-07,1
e1739700d04c,3.8691195e-07,1
a96d661e3b80,5.1672765e-07,1
768c55aeac1c,4.6087288e-07,1
30d8e56b4d10,5.0823843e-07,1
d07f46f00cee,6.330748e-07,1
90eb262bdef2,6.533559e-07,1
cd3a3724b5a9,3.5447604e-07,1
663564c62409,4.836245e-07,1
c9f6f056f9ce,3.963292e-07,1
ed71de15098c,4.237487e-07,1
ef9098b6b0fd,5.3246345e-07,1
ea8210ee62d9,5.4602333e-07,1
443a9f1c8370,5.552529e-07,1
22175166e3ac,6.6117406e-07,1
cff37b9a0e02,4.31841e-07,1
696c9bbdacfa,5.313616e-07,1
8b70818816eb,3.9113485e-07,1
778662f9c9c9,3.2842246e-07,1
a1491dc7941c,2.4850482e-07,1
4d38180bfbc6,3.937963e-07,1
160dc1d34b08,5.299039e-07,1
6f667cc6a866,4.9732483e-07,1
dbdfc3a6042e,4.7335882e-07,1
049eddfc9da1,4.4929763e-07,1
ea8d7ddcb65b,3.9076377e-07,1
e520be5dde3e,4.6756844e-07,1
ca21967cd8fd,5.7893163e-07,1
bae4e28779ee,5.931783e-07,1
09cc685fb5ce,4.314189e-07,1
c54c3d6356c7,4.793529e-07,1
bacd4c45a970,3.5652383e-07,1
b2c3a94761a9,3.445327e-07,1
0013245d3d0e,5.957947e-07,1
9f4dd2d25c16,4.477238e-07,1
8784897a852c,5.909772e-07,1
5e47e7c81048,4.0727554e-07,1
49b041635bd3,3.4521614e-07,1
9a837c4a4793,4.7208766e-07,1
6ef1334f4605,9.1840144e-07,1
c55b8b96a18c,9.1713747e-07,1
248924d48367,9.057649e-07,1
9caf4ec8a795,6.4890673e-07,1
0d66fdbddad3,5.7470226e-07,1
a55728e1655b,6.008138e-07,1
18f5b931b0e4,6.4228686e-07,1
463987958411,6.426989e-07,1
d7b07775fddc,7.0493473e-07,1
97a39df4617f,2.8739075e-07,1
43f5709776b4,2.6616388e-07,1
ab7fb039b111,2.2406954e-07,1
91228cefe3e3,4.3005386e-07,1
07dabc017b39,2.4409923e-07,1
4f2631cbbfeb,5.2090843e-07,1
fa427fcea170,5.3782327e-07,1
95f84b0b5aac,4.0088116e-07,1
382644fce855,4.674914e-07,1
706ecb71585f,6.18527e-07,1
80f76a5fd52a,5.7359273e-07,1
de7116b98a4b,7.123869e-07,1
3c39074542b5,4.7862494e-07,1
dbe41a39336f,2.3111296e-07,1
e52097e37424,7.575085e-07,1
f1306884ade9,4.5585264e-07,1
b970abf5ed32,8.289614e-07,1
24a1a7dddc1f,7.6938034e-07,1
ba6526eb1302,6.076345e-07,1
4e46bbce7ca3,6.1291735e-07,1
7ae67d30b94b,4.6538364e-07,1
38c02ece2e59,7.7730584e-07,1
421469eec297,5.5304247e-07,1
8db092c09a74,4.8869447e-07,1
6e19ba564ba5,5.626185e-07,1
aa0b6a4048d7,9.3583384e-07,1
9e2904622687,7.392398e-07,1
0a8bb42fe9d0,6.5351827e-07,1
ac72dfaeb40e,6.867742e-07,1
51a52f19bdb0,3.1648767e-07,1
226bb7fb00e0,2.714873e-07,1
3ed9b3ee65d9,4.4036665e-07,1
395644c37a1d,5.2782974e-07,1
3e3e88558872,2.9487887e-07,1
bb8c8af50b57,3.1866804e-07,1
27a647432a7a,2.1342234e-07,1
3693c9212195,1.1342772e-07,1
29400a26b91d,1.5240555e-07,1
cc9d7518a149,6.0130225e-07,1
e246c0af55dd,5.4011366e-07,1
fcf24ea370be,6.6669725e-07,1
e26dd6032b27,7.5876665e-07,1
f8aa776aa527,1.0585117e-06,1
9f921f55d42d,1.8736347e-06,1
b308f0ff20dc,1.444996e-06,1
28d402032e56,1.8282536e-06,1
86dc39fe453b,1.4205183e-06,1
d211be3be76e,8.1419716e-07,1
d51befb684b0,6.231976e-07,1
3375c9b77d57,7.0832715e-07,1
4908507025f8,8.6661856e-07,1
b44533eb6d53,6.816904e-07,1
64aa2da454bc,6.0754587e-07,1
644c1b14b052,1.4513054e-07,1
095a574864f9,1.6263142e-07,1
0b575bb5040c,1.7631311e-07,1
e489d9e2b9c7,3.0566844e-07,1
21e840aed4b1,7.663539e-07,1
b91e1e8ed41a,7.5004147e-07,1
615574ea30bb,7.0363905e-07,1
71e97f1fcb44,6.0637245e-07,1
21e69b4141e2,6.324599e-07,1
9b6737ec3dc7,4.0280068e-07,1
e2b200d980ed,5.037669e-07,1
9d816c3a2396,4.0956883e-07,1
d7fd027777d7,4.0894528e-07,1
d322fb754f8d,5.141694e-07,1
a93027fef7e6,6.9414375e-07,1
6bd91a336619,7.5860686e-07,1
c1f63e7fbe47,6.404341e-07,1
e983d05a5301,3.7940845e-07,1
6b6745c2b744,2.5996871e-07,1
0b2f889d0b60,1.455739e-07,1
7c40d00a848e,2.5158423e-07,1
04e63b57c6ff,3.5741618e-07,1
e710b89a815b,4.363797e-07,1
57185b559c0e,4.7848476e-07,1
e255a65f47b7,3.9380103e-07,1
a5bacb8a11d1,1.8264319e-07,1
4063e9d87a29,1.19125765e-07,1
74c07972b192,4.5110093e-07,1
1e0de4022b7d,5.1059027e-07,1
130e91ed737d,5.857921e-07,1
506a7ad82473,6.0057135e-07,1
63cd85011529,3.8234725e-07,1
14b6e4240bf2,4.1538178e-07,1
e9790b4701e9,3.429189e-07,1
ea2c97957742,3.1751608e-07,1
a76ac823b697,5.794148e-07,1
d7a12f86076a,5.1391396e-07,1
e7fb09f70bc1,3.4423476e-07,1
27d1acf9f119,4.2125987e-07,1
2461a89c6742,2.7588115e-07,1
a7b25e8516b3,2.319597e-07,1
9a63a19deb9e,2.2958282e-07,1
1acb160982a6,2.9482536e-07,1
48a407230418,2.4461184e-07,1
9999d47c0cf1,3.378464e-07,1
446b0875197d,3.102163e-07,1
1f13b4b1ca0d,6.040832e-07,1
d09c0419ea27,1.01167e-06,1
06bfce4b8b34,1.0657576e-06,1
968eb34742da,1.2429748e-06,1
b411d46ee03a,8.744132e-07,1
bf1eb4157081,8.305693e-07,1
ccd781cc02ab,6.8068647e-07,1
a93c7d310103,4.5507028e-07,1
c1a3af3b9c40,2.2740936e-07,1
3e05142e4583,2.5724526e-07,1
fc25c6ecce19,4.784632e-07,1
1df9298e0ccb,3.8984734e-07,1
735fefab4927,4.1326416e-07,1
9c90e54be24b,5.2634414e-07,1
b3dabefc74a5,4.2710272e-07,1
bfbe00b2521f,3.6264768e-07,1
0a36058d42ac,2.8783796e-07,1
c9464c948c67,1.8410033e-07,1
ec1ac6dc46b2,1.4703312e-07,1
a9924801310d,2.5187785e-07,1
43a89603aaaa,8.062669e-07,1
326bad285e62,5.108656e-07,1
9bcd36a2e587,6.682229e-07,1
2a6e6f266447,6.474541e-07,1
19ad76cbadd1,4.8702856e-07,1
374d596c3e87,5.026858e-07,1
2a128e782814,3.7903163e-07,1
424442f59f98,2.6067949e-07,1
684d3108aff5,2.2205744e-07,1
9a13a5210b29,2.1328749e-07,1
57b4fd43ff47,4.1930406e-07,1
abceeb058130,3.9411842e-07,1
d7eebc49a160,4.222236e-07,1
0a34e3a72817,4.2578432e-07,1
1b951766b7a4,1.9549014e-07,1
f4eec4feb1cb,2.9709935e-07,1
4b43ae410881,1.9715259e-07,1
738fe83db70c,1.7226532e-07,1
661e47693c34,2.3582011e-07,1
80d97a94485f,1.5911432e-07,1
6b492b86b0e6,4.6571526e-07,1
fe4f36a5d254,3.8575484e-07,1
313d129619b8,6.66346e-07,1
ded774f66737,9.15933e-07,1
2e152007e2f3,3.196986e-07,1
bdab05d1efa0,7.2454145e-07,1
5848b21e5c64,6.120438e-07,1
eac911f80263,6.8688524e-07,1
6fdc06d70933,6.06092e-07,1
2a80a31dcbe4,7.370576e-07,1
613847cadd56,7.85973e-07,1
d589461a70b9,7.133584e-07,1
bf16f4f00fa7,3.7366274e-07,1
a508824ae822,4.002877e-07,1
04b613ee2a48,2.812958e-07,1
b571a71f702b,5.229658e-07,1
0b542687c1c7,2.6372643e-07,1
dd5ca0fd2d6e,1.9351114e-07,1
505c15a23dca,4.141225e-07,1
9ec849f62e00,3.136102e-07,1
d4f411a16ede,2.680743e-07,1
9808f139b75f,3.0867247e-07,1
ce71a4208b2f,2.2617509e-07,1
7a13be28aa4d,1.93753e-07,1
50080ee53b54,2.0452762e-07,1
4d70839b0db7,1.4057636e-07,1
68a259402113,1.271749e-07,1
f6511ab1195d,3.018782e-07,1
e576c497d1bf,3.6435165e-07,1
8782d46035ce,3.426048e-07,1
a12e06b46253,3.5097216e-07,1
e68ed37a6f55,3.038862e-07,1
c0ecd6dbcf91,2.950773e-07,1
f81ae8bfd704,4.2602463e-07,1
643b7b4c23cc,0.0013313378,1
1cad1e93260a,0.0013318338,1
915ef211886f,0.0013310157,1
d69e6531d5d9,0.0013297938,1
2b89b51111aa,0.0013294879,1
dcc446ee0743,3.9496842e-07,1
d689ef07b21a,5.4615333e-07,1
05931094603d,5.885588e-07,1
0cc117ba208d,5.6407237e-07,1
32432e32544e,4.984008e-07,1
b96ec4455eab,5.703268e-07,1
4643ffd70088,6.5074494e-07,1
f6a225d5a3d6,6.874214e-07,1
0b2119ce185c,4.9167176e-07,1
ae8a8e4712b7,4.3784652e-07,1
161ca03d67ed,2.9243824e-07,1
1cd7a1a67c18,5.074541e-07,1
58520c094222,5.858002e-07,1
5a2e42d981b8,4.3817982e-07,1
b7b722c2ec95,4.6116074e-07,1
556436ab2456,3.1928306e-07,1
c9344ef59c38,2.5280505e-07,1
2e6a96cf3221,2.870261e-07,1
6d712d5164c0,1.7920873e-07,1
f4cf88fb4530,2.539463e-07,1
4592fa401b8b,2.3074323e-07,1
9d87a71fa078,4.196854e-07,1
c08fc248ad62,6.522499e-07,1
332f9dc90b10,7.046427e-07,1
a95b59f40877,7.358317e-07,1
7fba1a2f2c48,7.3569555e-07,1
3c2587fcf024,7.7609366e-07,1
74784391a506,2.9139798e-07,1
db223bc65228,2.843484e-07,1
c22afaf0fa4b,3.821433e-07,1
96392b94886e,3.2453207e-07,1
67f39c920270,3.501844e-07,1
3bed6403818f,5.0655933e-07,1
f26bd33ae947,2.6010278e-07,1
c29412d70086,2.711107e-07,1
64ea4ab7f46b,3.4772037e-07,1
5c7478aff22e,4.9592325e-07,1
6a52c8ae9420,4.314616e-07,1
9a456639c65d,4.8363506e-07,1
a92d5d3817fb,5.763608e-07,1
4d177018cff7,8.533979e-07,1
ad6f67392101,5.330237e-07,1
9567a88048b8,4.5625086e-07,1
3261a6d4cb36,5.48764e-07,1
6f41ddda9eae,6.6293666e-07,1
6a2ba7973079,6.6510046e-07,1
8aa6b6371163,4.9757057e-07,1
a7f5afab3e6c,5.026528e-07,1
ce293c8c6d2e,3.4214125e-07,1
a5f968ee77dd,4.2891565e-07,1
34283bb8bc1c,3.3584155e-07,1
d1db614e2372,3.4690314e-07,1
f3830533ea15,4.8513596e-07,1
d547e8a8a7fa,3.2508973e-07,1
b2a8ce495ca2,4.6915366e-07,1
c99502638fcb,5.219403e-07,1
d69a11f30b80,3.9218799e-07,1
07ed680cda22,3.056931e-07,1
76d38b3a7265,5.58082e-07,1
44e501f10e56,1.6686046e-07,1
6f0dfc6192d1,3.065053e-07,1
a95b2672d082,2.980114e-07,1
0f098385dbe1,5.2529015e-07,1
a6dba8c27753,4.3965616e-07,1
cf3854e5e122,6.846021e-07,1
a25889e593c7,5.697667e-07,1
d7ffa02ee170,3.710733e-07,1
e66fd944b996,3.7836716e-07,1
624a67ed5aef,5.1409546e-07,1
6ce187f57019,5.477577e-07,1
2904748428b2,2.646281e-07,1
74bfa36bf48d,2.2751598e-07,1
5a790a666ee7,1.1849789e-07,1
dfd326dd79a3,1.999888e-07,1
b507344c1413,0.0013508394,1
d8c36895882c,0.0013549261,1
6f95a2521bca,0.0013536662,1
10fd2081b84f,0.0013501551,1
7ad2f70e9a07,0.0013511941,1
ec226a97d2eb,3.041187e-06,1
dfc21eaf7b8a,3.3875807e-07,1
ba7f4e82f5a5,2.1318857e-07,1
bfed5dfc6be2,1.8158201e-07,1
5b1e64db9356,2.0370598e-07,1
ce745edebae3,6.4335103e-07,1
1160ae830a06,5.6064926e-07,1
dbe21af5148b,6.245756e-07,1
a9e3729032c2,4.3379242e-07,1
9a9355c47196,2.093828e-07,1
8c708e9a2256,2.4901797e-07,1
40c9b3c0f1bf,1.3677295e-07,1
00a7999f25be,1.8269525e-07,1
3cae5275f4c6,4.6038258e-07,1
dc6dbc74bac4,4.381003e-07,1
2bf083a905c8,3.8415283e-07,1
b00d95f19045,4.7480523e-07,1
135ba36e51ba,5.446247e-07,1
c793217fac59,6.213433e-07,1
df59d2649584,7.108393e-07,1
ce3da828ccff,6.487544e-07,1
0cfde3f170ca,8.0652705e-07,1
91953ee0e9c1,3.9345286e-07,1
1a025a4874ee,2.8198264e-07,1
5ca616b0273f,2.4250394e-07,1
2427ec0239d6,1.727471e-07,1
bb027de75aff,6.8750893e-07,1
3043e983adc0,8.559958e-07,1
480572f4b1e1,7.7178146e-07,1
f95bc9ee47cf,6.3062424e-07,1
0fd4e871fdaf,7.2134617e-07,1
225d98d12ab9,4.576621e-07,1
6021d1cf0484,5.0519645e-07,1
223f43faa2e6,3.0903192e-07,1
7ebbea099bff,2.2099105e-07,1
9d0bbb4cab3d,3.6792335e-07,1
b7eafffd14d2,2.8236352e-07,1
81d754f38f57,2.1955113e-07,1
899db7f819ed,2.2083222e-07,1
af799a0b065f,1.6105156e-07,1
3202aae98d20,2.544486e-07,1
e972edbd79f8,2.0305606e-07,1
35c88fee2c17,2.6619426e-07,1
20c87041437e,5.2830933e-07,1
a314e3afe67a,5.8700084e-07,1
e6ede2e6708c,4.725396e-07,1
3e801b5003d3,3.851593e-07,1
b44d88951af1,1.6685395e-07,1
04e17792d7d0,1.0589798e-07,1
e589e5e3c4fa,1.7777072e-07,1
87daec51cb6f,2.5916216e-07,1
2cf3d85c5389,2.803867e-07,1
987948a9c0e6,2.6698564e-07,1
3e277af3a4fd,2.9779e-07,1
d74280b9f9c4,2.9735838e-07,1
c33e6a45a3d6,4.6183754e-07,1
8a430fb1a0a9,4.8334687e-07,1
def4fb18d3c1,5.5080994e-07,1
37f8f01b638a,5.144559e-07,1
225af754ea08,4.559405e-07,1
1bd7638ab596,6.609435e-07,1
5bd2f03623df,4.2179343e-07,1
54c8df6cb17d,2.831885e-07,1
9440254f4685,3.28759e-07,1
21a2559a6a16,3.202962e-07,1
80d942841688,4.2219415e-07,1
fc462c8e9518,3.5545435e-07,1
5bbd621a513d,5.10916e-07,1
cacfae81be6a,3.9272564e-07,1
db1e344be686,2.9710796e-07,1
b94119c668b3,5.5318435e-07,1
1a5bd2b9c5de,4.0134816e-07,1
4912511b4a09,5.5969167e-07,1
6795675e1924,6.061491e-07,1
2530ccbde23a,3.2241823e-07,1
5eeed9e42706,1.7442173e-07,1
f12a9ef9bffe,5.08203e-07,1
e777fb02d1d9,5.3571847e-07,1
769ad9cb8508,5.1536165e-07,1
47b7c477d15e,6.569471e-07,1
e6fa47ad5060,6.5954777e-07,1
e36015b8da33,4.2843925e-07,1
19165db109fe,2.848008e-07,1
43eeb2c7e223,3.8317015e-07,1
aa4e8585dfdf,2.918798e-07,1
da73cc3b4b52,3.2603094e-07,1
25a82aa043c0,5.133948e-07,1
e60e2080fbe0,4.722492e-07,1
b46d33c3a534,2.8524377e-07,1
f590eda6f0c4,4.837398e-07,1
db8bddcaf1d2,5.0744995e-07,1
dad59cd7da2f,9.735778e-07,1
135aab76fd88,1.0136945e-06,1
54202a969662,1.0947385e-06,1
be7f8bf2561d,6.2142175e-07,1
5ef35bf02d78,5.7840396e-07,1
3bebe8c83bec,5.275222e-07,1
a58e029c7dbb,4.9866367e-07,1
868bcfd42fb6,3.96835e-07,1
564a3d5c6b1b,3.3296158e-07,1
8ea8eacedfbd,3.048241e-07,1
61c8b72824ae,2.8448156e-07,1
42ab418e9ad1,2.9745442e-07,1
36165b48f93c,7.5709295e-07,1
973307fa951d,7.132079e-07,1
078d078e9fc5,6.329214e-07,1
1b6478e4ac27,4.836427e-07,1
074fdad0ecb0,2.6071166e-07,1
a55ab4a2ed1a,1.5497541e-07,1
82c9363866ce,9.527084e-08,1
c8d13a10ecbc,5.656756e-07,1
015cd44aef24,3.879681e-07,1
6a8df8494eb0,5.1269865e-07,1
cdbe5c99b7c6,5.5692936e-07,1
02dd2cb878d3,4.138414e-07,1
6352f73d8305,4.623209e-07,1
7059c9b70481,3.7699462e-07,1
4d9bf97d84ac,2.9134375e-07,1
62d066d787f8,2.1990775e-07,1
d60b74300876,4.492571e-07,1
8424bd865f62,4.307723e-07,1
4c8ccf77e3c6,6.381287e-07,1
1c7da6d3ebdf,4.2205608e-07,1
4729c7038ec9,4.6005627e-07,1
cbf9990baf05,5.0321756e-07,1
082b4981efde,6.7209515e-07,1
ce397b0ee005,4.965966e-07,1
b28ad7a5e1ad,6.8251836e-07,1
7b88e8556683,6.7846247e-07,1
47d585d447e9,6.2281003e-07,1
8d331789a792,4.8915666e-07,1
37251fec09a6,6.763515e-07,1
c52eb51ff84e,3.6824662e-07,1
631a2912ca70,5.329468e-07,1
7c8bc23e2278,5.8118195e-07,1
52c046c96490,7.1428383e-07,1
a43b46f54fd9,4.912518e-07,1
f9432ccb7966,1.1346972e-06,1
fdab1e00d42e,1.0989663e-06,1
16146e60907c,9.654225e-07,1
30c5cb7cb369,1.0538502e-06,1
901b79030d42,8.0463815e-07,1
fb9a48b95d53,4.2645166e-07,1
a61c6d5f88a0,4.0633162e-07,1
402bf40c225d,2.5841226e-07,1
eb21cc366e9d,2.489151e-07,1
e3ed338a35ea,3.67153e-07,1
5ac77360d388,4.0607273e-07,1
4224df553a99,5.2252096e-07,1
a44b081b4383,5.6740487e-07,1
c8d0e792808b,4.489626e-07,1
c95ce74aacf6,3.6463175e-07,1
eb3a85ea3bfe,2.3254212e-07,1
7bad71d8e6e3,1.5042555e-07,1
bbff821c3cb1,9.2782436e-08,1
d3a7c27b1c33,1.7211538e-07,1
61af4ecf936c,1.792171e-07,1
f10eac4683da,3.797324e-07,1
51af638f42dc,3.1086125e-07,1
b5463524b0b9,3.1357823e-07,1
78ad0fd8fa66,4.744636e-07,1
d85a30375ad2,1.9574588e-07,1
65879c28ded4,3.7056856e-07,1
bab2a904850a,4.5322943e-07,1
799591a58db8,5.754489e-07,1
3e4a67082bff,2.7560537e-07,1
2eac04d04b11,3.0557956e-07,1
ad9ec1732015,3.170538e-07,1
50382bd3b9e3,3.518005e-07,1
ac1674c5c8fd,3.4164017e-07,1
15ba7f1c26ad,2.231051e-07,1
3b19a5887f92,6.904942e-07,1
ca34c5ad7602,7.862251e-07,1
f34a8fc9694e,5.6064755e-07,1
51e99b48a1ff,6.0790114e-07,1
110b1013e959,8.9168157e-07,1
70a985047baa,7.908979e-07,1
7595e09a5113,6.2826166e-07,1
a52d1418a98d,8.417831e-07,1
eceb768eb6a6,4.497053e-07,1
8c402d897971,5.323619e-07,1
b9ce002f1ab5,2.2911436e-07,1
4714889ce9e6,4.1891454e-07,1
869aee67303b,5.921256e-07,1
a6b536f0388a,2.8531684e-07,1
008f9dba7721,2.9626815e-07,1
ef7fa2608754,2.536115e-07,1
fbede52cd268,3.3764772e-07,1
fa7541e821d1,2.2768526e-07,1
16abe3733939,2.5134082e-07,1
cbddf5467703,4.0396773e-07,1
81c0cd0c6913,0.000118292206,1
abe63eaf5bfb,0.02552791,1
c1c812588e08,0.029926773,1
0ca1f9d48c85,0.2937586,1
c02f04b78280,0.30535507,1
34f78c926f49,0.37016073,1
f87a1c9eda47,0.35021892,1
7e35ca1879a1,0.34699136,1
358d8424cac8,0.098787144,1
f46dd82d00e3,0.08925162,1
563bb8846deb,0.033194065,1
62561dc8c98c,0.027731713,1
380a42281187,0.026552523,1
9f5ed1c7c849,0.010931898,1
913299628290,0.008865203,1
b94475b5c984,1.2586313e-06,1
7d911827d476,5.4623126e-07,1
6e3b5210d879,5.806376e-07,1
d39800441b0e,4.4988334e-07,1
697e3ef25b89,2.4847256e-07,1
e0a4616c11b0,4.056413e-07,1
0059bb55ced8,5.6464427e-07,1
61919f5d4c9a,4.4559923e-07,1
afbc3ca63242,4.769445e-07,1
0543d8c8aa93,4.2338638e-07,1
9b0e80cc8783,3.0111298e-07,1
732a2c478672,2.3184927e-07,1
536a4a30eb22,2.5242014e-07,1
2a89642e25cb,2.9331318e-07,1
0ccc7e1b8b88,2.402941e-07,1
4beb2017f94e,2.0377952e-07,1
ceb8d6630638,1.5463456e-07,1
cbad505a3d91,2.3385341e-07,1
b4eb4f350415,5.8837156e-07,1
105ee7dc8c76,6.1085757e-07,1
fbaf2b2326f6,5.9201136e-07,1
f53f5b7c594a,5.097764e-07,1
4617f2787334,0.0013288799,1
6cddaeff88c6,0.0013306283,1
c93b982731ff,0.0013305021,1
27c417672ccf,0.0013304342,1
29c33eff73be,0.0013297253,1
94b28cbbaad3,2.9283413e-07,1
4e0f7730a40f,4.7327404e-07,1
000e8e029aa5,1.8339713e-07,1
2d7d2478bf6f,1.9559845e-07,1
965d898dde08,3.7803483e-07,1
f37b4d406e74,4.999288e-07,1
59058b1a54c5,6.5321103e-07,1
7d4f94944f3b,6.012899e-07,1
2667c8836c30,6.2361823e-07,1
755678c7e65b,4.739876e-07,1
feb1e14fe90b,2.689227e-07,1
cf36ba1c4f6c,2.5856409e-07,1
165bb6f59217,1.7650831e-07,1
61271d249156,2.337111e-07,1
8fd7f270122e,3.7345808e-07,1
2251248a56fc,6.815687e-07,1
1b181b66210b,6.543584e-07,1
606f920cc21c,4.04884e-07,1
20c5c9bea152,4.642857e-07,1
04a8e19068a8,4.1620098e-07,1
6eaaf4fc4d8e,3.8131603e-07,1
04ffcdb324d1,3.459909e-07,1
024038a397d3,3.4420415e-07,1
ff29bb34965e,3.194105e-05,1
99b330bf2a89,3.2201726e-05,1
776673c5e147,0.092448115,1
7b01a06f3d80,0.09244422,1
98bcd7024ce9,0.22196944,1
867a46ae809b,0.22564642,1
8a2534c30952,0.23860896,1
fee7a2086bdd,0.22035874,1
e17f2d043f33,0.24424887,1
9af0260ffae2,0.11473487,1
fc1b667d9c3e,0.13471541,1
5e603d0df95b,0.12333023,1
f6bef4b0fab6,0.049528845,1
544f9fda01fe,0.26378247,1
1f6201da82ea,0.2732933,1
456a28e040e0,0.36285397,1
554e881d6380,0.36388132,1
dfaa0650b564,0.36419111,1
e69c72ee03a3,0.12604658,1
888408dc9a86,0.116524324,1
77047fe8d707,0.0032796108,1
ddc85ce6f04f,0.0006672239,1
869d3ea37914,5.037235e-07,1
34b5dc6a0aa5,6.490798e-07,1
76cf761ace46,4.5008323e-07,1
76a282d764ba,2.5379208e-07,1
bfc174e0570b,4.4062858e-07,1
6c9c9bf3c3d4,2.2300989e-07,1
0cfb05642db5,3.074717e-07,1
64ccc877dce2,8.3935885e-07,1
81f5081137a5,1.8719336e-07,1
659cf0e54fa8,3.273132e-07,1
c02192593bce,1.7880611e-05,1
ac7808e68dfa,5.0910377e-05,1
95e7a0a01034,4.8654256e-05,1
e0c7b957ebb7,4.7256508e-05,1
5ebceea55c3a,4.5913323e-05,1
5fcd52b1fd87,3.0786137e-05,1
7883d2b5511d,4.860519e-07,1
0b357abd7c81,8.60934e-07,1
7d11b209307f,6.3940035e-07,1
1de38a017200,6.807562e-07,1
6f099137ca8d,4.991523e-07,1
a57b86a71256,3.9631564e-07,1
336b7cd3bc8d,3.4079258e-07,1
17fa2931bbb7,2.750929e-07,1
8cfa2a99b15e,2.907776e-07,1
65d7e3615123,2.9511708e-07,1
93c8f9e1c867,2.624384e-07,1
c0c12158d8ce,1.5660486e-07,1
6f4d915506d1,2.9857983e-07,1
f0ee36e3f9ef,2.1755166e-07,1
85fb5d4c7517,2.7719003e-07,1
41813dca6bee,3.0962718e-07,1
5cc3514d105c,2.441518e-07,1
a583b7605d9d,2.6816548e-07,1
330682d6a278,2.648107e-07,1
13ccb0b63deb,2.8934744e-07,1
55aa19cbc893,2.2737005e-07,1
9fbb57c5ac7a,3.20601e-07,1
403af2f78d07,1.402014e-07,1
f7cd6e8f4612,1.070167e-07,1
01e19de721b0,1.9725067e-07,1
55cc0f1099e9,2.5436324e-07,1
c33884de6026,2.6667715e-07,1
d7491f71d02a,1.8440271e-07,1
4f8567cf4b76,1.7738485e-07,1
a987aaa9c946,3.0997407e-07,1
87277a6af229,4.2188307e-07,1
d682a969c338,5.913709e-07,1
b692196fa13a,6.879648e-07,1
ed3c604baca8,6.4582713e-07,1
13fd76a8823b,5.434949e-07,1
635d26e75a15,3.850723e-07,1
c2e67808c72a,3.7954898e-08,1
feed696efd5a,9.071799e-08,1
458c348ec080,2.712485e-07,1
20cff53e7b0f,2.641613e-07,1
77bbfa20a5ac,3.097032e-07,1
e67c0e6ff094,1.3238918e-07,1
d4db21aa2505,1.152005e-07,1
eb2219ec2dde,2.7118196e-07,1
9e366d765f55,5.736484e-07,1
fdf8aaadc351,2.9765795e-07,1
5a3d597a146a,7.361918e-07,1
93d73e42aa76,5.341515e-07,1
3ec744987095,6.4422505e-07,1
138e72f40286,5.994949e-07,1
d53b6b173109,5.232417e-07,1
ae59d6b99075,3.8775454e-07,1
e7412ac1d82b,3.044186e-07,1
caf431c8d4c5,2.1745608e-07,1
33bf55941fcb,2.9931664e-07,1
8bc8390bcb80,2.1403827e-07,1
055cfcf92d88,5.673967e-07,1
2ab29a62fe47,3.7209728e-07,1
4537d6518f47,4.5888652e-07,1
521b64c6ae2a,6.9866314e-07,1
50b425307e0f,3.6227465e-07,1
0603cbc87932,1.1069444e-05,1
32eada361383,9.697688e-06,1
2671cd014788,8.442549e-06,1
59332fb43309,1.9640876e-05,1
6b7092487d77,1.9272029e-05,1
bc0eb0fe2db7,1.7950817e-05,1
10daa58495d6,2.0215852e-05,1
9b9fe2b8f3bd,7.2547873e-06,1
6886face7dcf,3.1760953e-06,1
6a96fe899b65,6.655354e-07,1
1b2d761773ca,7.4747624e-07,1
b7668bdb3ba5,6.6628076e-07,1
c1ece26a1158,5.9126637e-07,1
24f389252a74,5.085379e-07,1
bdcdac084ba7,3.7308394e-07,1
074c8b34d663,5.6359806e-07,1
1b87f5e230bd,4.010491e-07,1
97420c534bf7,3.9829763e-07,1
ab8377ebaad9,5.84256e-07,1
9592009d4fdf,3.5951456e-07,1
6468c9fe728b,2.812064e-07,1
c9293f27b232,4.2305462e-07,1
9ccb92865230,2.1096675e-07,1
81c292bcfcac,4.3220226e-07,1
1adf42ff7ac8,1.6367328e-07,1
19840ff71fdd,2.660162e-07,1
db607d75b5e7,4.203187e-07,1
131c1317cb57,3.3014817e-07,1
7e8dbe1d8048,3.8037066e-07,1
4e6fb4415218,1.6958431e-07,1
a6a8ba3f594a,2.6213937e-07,1
a9304dbba0e3,6.2351256e-07,1
669cd6f034fd,4.6025897e-07,1
5924bf979c7d,5.300571e-07,1
2b9b6fbe87a9,3.4179416e-07,1
9f9c64275e6a,2.3213168e-07,1
a508767f0d2e,3.635148e-07,1
cc75bc4bf63a,3.6759113e-07,1
29d2bb532616,4.0864037e-07,1
328081d7999c,4.3140872e-07,1
9a80caf16d2c,3.501625e-07,1
a52dee07bf61,6.3085247e-07,1
c575b184cd28,3.418139e-07,1
ceaeb4848c92,5.4161137e-07,1
bea8b72a853a,5.8458556e-07,1
44ac7c7b5449,5.92079e-07,1
66d9bf050a3b,4.8821147e-07,1
935bc0e7ed58,4.6783086e-07,1
03ea3bb03e48,3.7824609e-07,1
9881c4fb8301,4.5361472e-07,1
f4fdfbb52014,4.3336024e-07,1
bb2d73e1f966,2.9926224e-07,1
2b4b3f46c28f,3.1012505e-07,1
e8fcb548f7a8,3.568054e-07,1
cac99be6709b,3.516633e-07,1
52d08a5ecb88,4.6188677e-07,1
aa72d3dabd38,4.182619e-07,1
f28187162446,4.4602675e-07,1
1c61f919c145,4.2389473e-07,1
bd328b69f966,9.314431e-08,1
46a254adc81a,3.0954038e-07,1
60877ca3fd5f,1.8369691e-07,1
7b9e61056b27,2.7572165e-07,1
d6e70643a2c2,3.9312502e-07,1
8fecdeec4937,4.939463e-07,1
d967262cd138,7.422395e-07,1
598dbb518616,6.895356e-07,1
8e584ba41d92,4.242029e-07,1
66d6ab4236cb,3.8903252e-07,1
1f931c56cd3d,1.9593757e-07,1
c07131fe4e96,2.0834818e-07,1
a487b4319d91,2.402368e-07,1
e01c1673dcf9,2.7720745e-07,1
7afd7a279926,4.3918052e-07,1
94cbad2489e1,3.8864894e-07,1
2c284be519da,4.1426506e-07,1
4b0e85f9d653,6.678692e-07,1
b8e48cd74669,8.610802e-07,1
a5a467a1a504,6.3573265e-07,1
ca05e6c43fa1,5.323424e-07,1
b71084650bee,6.024117e-07,1
33ad5aef7e54,5.8856995e-07,1
178ab049a11e,5.412709e-07,1
62b4fa9a77a3,4.3545074e-07,1
fb0030796c47,2.2976735e-07,1
6172880aacb7,1.1867171e-07,1
a8fddd957785,4.5713222e-07,1
4eca358a0a35,3.5680807e-07,1
141c34712d12,6.3389734e-07,1
699daaceab60,5.880432e-07,1
c231c2e443c0,5.4567766e-07,1
f250d02677ae,4.7068053e-07,1
37a54d81fc0b,4.303549e-07,1
c722a1f7d2ea,4.9806147e-07,1
a4f4e6532ce6,5.3593465e-07,1
7d577fa16de9,5.988668e-07,1
e1df5105aa78,5.0251134e-07,1
e3adaf16328c,4.5349736e-07,1
682fd235b499,5.6366207e-07,1
2e2688580c5a,6.1013475e-07,1
1b93e3e272f7,5.815136e-07,1
6529f0d88896,7.887984e-07,1
2c2a323b0a16,6.16263e-07,1
7a55d727076d,7.345155e-07,1
1ee9b2f74d8a,6.330904e-07,1
aea4ebb7ae36,3.6984986e-07,1
bba71223d303,2.0807653e-07,1
b7242cacd175,1.8728247e-07,1
3b002ca0d7d2,4.180306e-07,1
626e877127cc,2.9981007e-07,1
f4b67633dcc5,4.612844e-07,1
779bee90670a,4.1720375e-07,1
9cbac910efef,3.439864e-07,1
2e468ead49ad,5.6872113e-07,1
252379cd8fb6,4.4311102e-07,1
60d4e535cbeb,5.9745577e-07,1
445b65926d70,7.3201267e-07,1
e7c22564e7e6,6.7608784e-07,1
611b86e959e3,7.1036766e-07,1
10dda4074f90,4.904551e-07,1
b48539ac0cbf,1.6812278e-07,1
112cb2cc467e,1.9527468e-07,1
b12d3f0ec511,2.002141e-07,1
eedf769aa1b0,3.898114e-07,1
c9c8ac11831c,2.6233883e-07,1
47d6aca20a2d,5.7745126e-07,1
ca92e8fabdf9,5.516288e-07,1
a5e2fc5c57dd,5.0068485e-07,1
dce3999b5c42,5.0373325e-07,1
f1602d34c838,4.6981313e-07,1
3af5f152daa0,2.992749e-07,1
04acd12aa2e2,3.8646698e-07,1
a758d639ba2a,3.6454122e-07,1
9fdbf1adbf94,2.181938e-07,1
49264581b537,3.6766633e-07,1
4e5266d15807,4.3063298e-07,1
1c4ac84eedf1,2.9928572e-07,1
dbc17214ba16,3.8465572e-07,1
71dc975fdc51,5.4830014e-07,1
8af080234510,3.484499e-07,1
91dc0209b31b,2.1857547e-07,1
7c21c231547b,3.785974e-07,1
5ce5633951b6,5.8972057e-07,1
c9d763f60ac5,9.772928e-07,1
391414d5efda,8.994799e-07,1
3186b4475d17,9.385843e-07,1
c562b0cc2cae,9.134034e-07,1
acd43d09bccf,4.0673018e-07,1
f3b2496dc6c5,3.0394165e-07,1
35bb1776daee,4.394482e-07,1
6275184c4ad0,4.4553295e-07,1
0da7aaa4ba9d,4.9171274e-07,1
44570d53bfce,5.327127e-07,1
e6e5f4f20dd7,4.3106672e-07,1
621bcd122652,6.2888023e-07,1
844d7df97602,1.0720104e-06,1
e481462f0e10,9.743303e-07,1
a241b2bf8e0f,9.569798e-07,1
59809fb5004c,8.200088e-07,1
5784e564ed13,4.8698547e-07,1
2dd60ac45695,3.9334486e-07,1
172fd15ff8a3,3.3065163e-07,1
c2a48c7cd333,5.7028956e-07,1
bde0a1fe058c,8.019054e-07,1
721968af6487,6.6292034e-07,1
642f17db4ab9,6.9849773e-07,1
8ffa87296b3d,3.3194857e-07,1
61e59f45b9a6,2.616551e-07,1
d818e20e1e26,5.7295415e-07,1
6f12da50af86,3.5747271e-07,1
c5557eed4008,2.0574564e-07,1
e1080fef6be8,4.0256197e-07,1
34b0dadf4ea0,2.509904e-07,1
91dc0e2f9243,2.1740688e-07,1
5548b0f23659,2.427497e-07,1
e5a29e5c713b,1.25746e-07,1
3daf453d0ecb,1.411696e-07,1
8c716cfb3831,1.5090193e-07,1
177086563fd5,2.7599046e-07,1
04c798660de6,3.9372335e-07,1
802990af4c2c,4.032303e-07,1
300301e30bdf,5.724976e-07,1
b15f605ed97e,4.2981893e-07,1
68303f59d017,5.294418e-07,1
a9539bd9792e,3.0686542e-07,1
047935f9e837,3.356744e-07,1
239a4aea81ff,4.4018086e-07,1
d3962975840d,8.063394e-07,1
4f4b28bb8d1f,6.4066137e-07,1
6a01f1b47d6a,5.595488e-07,1
88911ed4e777,4.6965803e-07,1
151958c83ebe,5.5595103e-07,1
0e2097c56c82,3.1637484e-07,1
f2819c8890b0,2.637035e-07,1
24023967a70e,2.356545e-07,1
70e4ce5ea371,4.047808e-07,1
a573d5244bca,4.342135e-06,1
a2b8861d84b4,3.5787373e-06,1
28f2af1ed6b3,3.7544417e-06,1
987ea0144764,4.081097e-06,1
c6db47ea50cf,4.8820657e-06,1
2555abf799d3,1.0529744e-06,1
ccfcd0a83af5,1.0900073e-06,1
1482d10807ff,9.994278e-07,1
f4a2f7b89bb6,4.882573e-07,1
8fd4e4751e61,3.3026703e-07,1
1851a008eae3,2.6202883e-07,1
756fac1dbdae,2.0503293e-07,1
49f4c024f42a,3.5536286e-07,1
15a1832983a3,3.5617418e-07,1
6b4506e724b7,6.1690173e-07,1
eea1aefb5710,3.6862957e-07,1
2f375ed44da4,2.840548e-07,1
c5dcb50c6468,6.790158e-07,1
76b7e384c356,6.6642315e-07,1
36e8530bce1b,6.153751e-07,1
c435636e7690,6.008892e-07,1
796abefbd5d2,5.796607e-07,1
f15222e95d05,3.672866e-07,1
ea1b088d676c,4.4768692e-07,1
ab23884921e4,4.2369754e-07,1
5a9bb5d97130,5.162333e-07,1
a74206c756d8,7.4124705e-07,1
ade0cc572a2c,5.747329e-07,1
d11073a0450b,9.345849e-07,1
ed5feeba758c,6.1999503e-07,1
f54b51122f65,4.155056e-07,1
85739e228cc2,3.9175242e-07,1
703baaaa68e6,4.3076128e-07,1
d6cd656f7ac6,1.4237946e-07,1
1dfacc20320c,2.0546184e-07,1
47d5e430fdb4,2.0879408e-07,1
fd8d69302aff,3.173599e-07,1
60155385a91a,3.329327e-07,1
f36ad5dc884a,4.2909977e-07,1
f9cd142f08dd,4.4980465e-07,1
aed4413790ee,2.1789245e-07,1
4b45813ab846,2.7714435e-07,1
c773de17554a,2.7060827e-07,1
0fef9e82a1c9,2.702227e-07,1
7c8dd42b50bc,3.5085344e-07,1
35d0717caf65,4.1196162e-07,1
d08f3a1f9598,3.2136083e-07,1
eba7e1f3b498,5.4183306e-07,1
e98a410d3440,5.921228e-07,1
c16e5240f62f,5.8733053e-07,1
8eac40ecde89,5.2697254e-07,1
56ae6780be2b,6.2245005e-07,1
6977a5b86fc0,5.2002525e-07,1
1fca7f29545c,4.636179e-07,1
9818d024e74f,6.791507e-07,1
e002cd33bb83,5.788015e-07,1
cc21e5021a9e,4.365655e-07,1
b95f1d8e3628,6.1877637e-07,1
e1033b4a2493,4.9557565e-07,1
c31646f79375,6.880072e-07,1
13d1a53f3202,6.7683004e-07,1
fbea6bbe53e0,5.3142827e-07,1
615c42d600d1,5.355244e-07,1
3daaf9374436,3.648975e-07,1
3fe7d6d41555,2.0544437e-07,1
8203285de1f1,1.5580513e-07,1
f823c09a288f,1.7304312e-07,1
05587d50384a,1.9737492e-07,1
9189499b8a49,2.1962433e-07,1
cf555c6b6086,2.3848384e-07,1
c9cd3737bddd,2.1179677e-07,1
024ebba3edc5,3.8464407e-07,1
86c46aa723bc,2.0046193e-07,1
2dbce25c5f0c,4.6056724e-07,1
53ba0bd88643,4.4684953e-07,1
9c4497856601,7.538021e-07,1
a4636a4b790b,1.0333687e-06,1
3af80ba4873a,9.0595364e-07,1
db5a2157ccea,9.5240205e-07,1
57f757d2b28e,9.1409174e-07,1
3e7fe7412052,6.139156e-07,1
0728740189e7,4.718835e-07,1
d9646c13e652,6.0733294e-07,1
15aab1d9bb2d,5.1728955e-07,1
0a00bafce3ce,5.8185225e-07,1
ce6142764cc5,6.4333574e-07,1
6756521b761a,6.711454e-07,1
6103d7f7a9a0,5.575158e-07,1
f752313f3ca6,5.048275e-07,1
dbe05fbb1a5a,4.3706984e-07,1
f81f049b5b5c,2.5813955e-07,1
f6869d5d7428,2.0196276e-07,1
dd4a866c34d7,2.741216e-07,1
26de96109a65,2.68471e-06,1
911671776f51,1.0515681e-06,1
76e1bce296b7,1.0490083e-06,1
235467354e9c,1.0370437e-06,1
02fe66cea3c4,1.106594e-06,1
8ca3def751bf,8.170077e-07,1
76092b4aca12,8.833845e-07,1
1a7cab1db96d,7.6416285e-07,1
f6b05ae7e361,5.073447e-07,1
c3829f546d30,6.4693137e-07,1
47d1e0fc8333,8.019457e-07,1
f3fb9c2b669d,6.5400985e-07,1
9c8a38d33b54,5.800584e-07,1
656d6a694fb9,3.8480056e-07,1
4284ece42823,3.5810373e-07,1
a97146c94290,1.2873636e-07,1
6b8426e5f43b,2.8584148e-07,1
72ba5da8ff83,3.0686022e-07,1
cdb4ff1f1657,3.1431955e-07,1
bcb43a6ec402,5.269073e-07,1
1b2b95d0a163,3.8096613e-07,1
3f68f508c1fa,4.208685e-07,1
1cd4b652638f,5.193873e-07,1
e69f0ed26e66,3.1478416e-07,1
7bbb59d81e9a,4.4004778e-07,1
8bc966c3d3d7,4.4949488e-07,1
f5b009fad98e,2.913909e-07,1
1dfdb9187241,2.3803102e-07,1
b8f9d81849dd,2.9771144e-07,1
62c886942c38,1.8232892e-07,1
175b0a30aeef,2.1062787e-07,1
76340c7139f3,2.3840981e-07,1
0e36154c47ea,4.4399349e-07,1
846b9d03bcdf,2.8422448e-07,1
7d9211f811bc,2.553479e-07,1
41ca075ff105,3.238395e-07,1
fa08b053980e,1.9220437e-07,1
7b058123aaf9,2.1591327e-07,1
300c68bf7d0c,5.182828e-07,1
102a0444ea72,4.86756e-07,1
8dfc765ef805,3.4090672e-07,1
53e3260d08ff,5.853046e-07,1
d84f252f4216,7.2048994e-07,1
26e6811e8b4c,6.5595526e-07,1
7441345cd512,7.780259e-07,1
19f3450e3594,7.4738074e-07,1
5cd8725efe60,6.559574e-07,1
d9b07ed89aad,7.4591367e-07,1
af02d69db546,5.3754707e-07,1
859f0b90d40a,6.7948827e-07,1
b64465ce6ff2,6.914856e-07,1
7261ee6abd5d,8.265371e-07,1
117befeb9cb9,6.3963415e-07,1
23a5632c6dc2,7.127776e-07,1
d6b1aaac7599,5.2739216e-07,1
321738c8b461,8.527455e-07,1
ed13be42a2bb,7.8766266e-07,1
49a2fe7d60f6,1.0684399e-06,1
79faa9446dfc,1.0364448e-06,1
75ae9fb16628,7.349455e-07,1
cf1f8f8bff13,4.808128e-07,1
fcc34fe2a8a5,3.195306e-07,1
89ea2b85ad69,2.8852628e-07,1
d166f395db8c,2.2167978e-07,1
f9c228cc34a5,4.1426046e-07,1
4696f8859584,5.7483777e-07,1
719d66407cae,2.7481187e-07,1
25789c688b85,4.335122e-07,1
5a17e249de54,2.0806458e-07,1
23728f0e4a83,5.042798e-07,1
f893aae4c210,4.1545016e-07,1
8f5f9c2dbc1d,4.202883e-07,1
5f445a6c3120,5.31736e-07,1
2f7cc7417b4f,7.4534717e-07,1
467bf00a1f2b,4.332878e-07,1
7bcc20605027,4.724979e-07,1
682c4eee79f3,8.6083156e-07,1
f8d4e6a7a77b,4.1372152e-07,1
bffc197d20c2,5.9875464e-07,1
ce2a10645fab,5.4432314e-07,1
2eff3b92cd3d,6.51057e-07,1
8fb7584d9b93,7.738335e-07,1
53cf2d764877,7.18837e-07,1
ee425558f309,7.4643094e-07,1
b89e31f18fb3,6.3693716e-07,1
8f0ca743fdd7,6.387952e-07,1
456fa9d85735,4.6301267e-07,1
75335ec18e72,4.3325338e-07,1
f35c8d066b69,6.8637183e-07,1
b7847031f7d4,5.440113e-07,1
90a9f912ef92,7.0096473e-07,1
49a139934a37,6.4167773e-07,1
eaf24a106d55,5.889855e-07,1
065a14d260c5,8.096983e-07,1
7cdc0119d258,1.4156814e-06,1
be3e564476c9,1.0064608e-06,1
32f79d870c36,6.986268e-07,1
776093322c33,4.6885268e-07,1
32c2432d1daf,4.5113123e-07,1
29dd5ac52872,3.110776e-07,1
e79e4733c12d,6.951335e-07,1
49a15a3dd613,1.1877746e-06,1
7cda26f26380,9.555272e-07,1
09fa72248593,9.6711e-07,1
4f30ffa7ee21,8.45608e-07,1
9b547cca5f10,5.957885e-07,1
2294bf60873a,3.811156e-07,1
4cbeb53f64f4,3.56884e-07,1
dd71811af2f7,2.8398324e-07,1
ae667d3fe2ae,5.369641e-07,1
6516727f377f,5.6277446e-07,1
bfcd0ccdaeee,3.8332723e-07,1
6df8fa0fca34,3.701444e-07,1
047623ead314,5.372493e-07,1
57e0e59bfa6b,6.440594e-07,1
ed4aa71b160a,6.270449e-07,1
d0e42548f59c,6.7373617e-07,1
2d125176dc63,7.996498e-07,1
6af0ba00cb78,7.708487e-07,1
4200b883afe2,4.9546554e-07,1
3ff9da1b69ae,4.3212376e-07,1
d4eb00dd1a43,9.734434e-07,1
5618fc054a71,9.358495e-07,1
8cdfb49400b3,7.263387e-07,1
b9355b380559,7.600733e-07,1
37130536c2d6,5.2529066e-07,1
34ca3beb7120,5.1768137e-07,1
e41f1078ac04,4.9117745e-07,1
1173fb998e12,4.3735196e-07,1
cbe7d8926b4a,5.283109e-07,1
f587e65b4045,7.18049e-07,1
a0787c9505d9,5.434655e-07,1
ea17cad99b0c,5.477175e-07,1
1fab669a1d35,4.6690926e-07,1
85419b5e7da9,1.3708174e-07,1
c25080bd1e09,5.090677e-07,1
44b6113d8a97,4.7061718e-07,1
8b41eaeac822,7.732569e-07,1
69e9527dd123,6.831217e-07,1
b7b4d4384425,5.793395e-07,1
f3e925d601a0,5.966297e-07,1
38869fee8a9e,5.064009e-07,1
10d94b8e7c86,4.2957882e-07,1
9791d00e42ec,4.5955403e-07,1
e6f8aa2acb8f,7.2258314e-07,1
e4d3b38bad76,8.090243e-07,1
bfc5b913964f,7.2251e-07,1
5872c6d998c1,8.102327e-07,1
ea108984b4f6,8.878472e-07,1
5b6ef27b12ba,7.3570624e-07,1
4b808c8e1ce7,9.96337e-07,1
7a0750e88e79,1.9276492e-06,1
acf390c50696,1.5564468e-06,1
63e5525a61af,1.7168411e-06,1
7f56e0544913,1.167228e-06,1
92d97cea4394,8.504737e-07,1
619c93b1e9d1,1.2086216e-06,1
584c80c16ffc,7.2690744e-07,1
a72c950967b7,4.2440692e-07,1
0f920488f679,5.3658124e-07,1
991a4f4edd6a,6.056399e-07,1
d18553965aac,8.2198284e-07,1
1b9c7e80cec2,8.698236e-07,1
25bee21e704c,8.2822197e-07,1
a3b1603cdcf3,6.56094e-07,1
b0e4b00ea75f,7.5702275e-07,1
d532159874d1,9.039299e-07,1
a98a9001d439,7.6181306e-07,1
8bfd4f183d98,9.715721e-07,1
f6935ff715fa,7.662178e-07,1
00c569c594a3,6.3474903e-07,1
37b388b8ad72,5.512118e-07,1
445ab36ecf00,4.3235627e-07,1
181f36900d8a,5.2926487e-07,1
60ad75ed39cc,8.346036e-07,1
8175814b2718,1.1554548e-06,1
16de5b9ec822,1.1969953e-06,1
92250b4a7a01,1.0668068e-06,1
2e8429095ae2,8.388429e-07,1
a4d1c12d8a1b,6.753546e-07,1
3207f9c9f22e,5.6522975e-07,1
738fa73b2f18,6.5135737e-07,1
4c7fe8d50b70,6.9699405e-07,1
0f2103e53a3b,4.3995084e-07,1
d39f794489cf,3.2579584e-07,1
60d65725f45c,3.515571e-07,1
bd1ef499bf7f,2.7128928e-07,1
ce50ba054954,4.1212323e-07,1
99e2d23982fc,3.567092e-07,1
ca6ec66981f5,3.24257e-07,1
92d6277e8be6,2.9448768e-07,1
e105047f426f,1.5503385e-07,1
fce5ce7b533c,3.4960635e-07,1
ebccaeab149d,3.9220618e-07,1
23fb380a6857,2.9147017e-07,1
bc64d55cdca2,5.8598147e-07,1
020484cf6757,3.6194783e-07,1
6e4120a9d445,4.7126875e-07,1
1f7e6a7e2e52,2.3012178e-07,1
ca869d04cadf,5.9920166e-07,1
6313de028dcc,6.273771e-07,1
110e2737d7f8,7.189867e-07,1
25f9fd17776d,8.959078e-07,1
05d34ae552d4,8.484227e-07,1
dce21033bc1e,9.0994416e-07,1
d38950624892,1.0876187e-06,1
be5c85938612,1.0040893e-06,1
632ebf45255f,9.870253e-07,1
8b910fcd207e,7.6669534e-07,1
ef9365f090b2,3.9129918e-07,1
0af3f3913460,4.1550132e-07,1
d3e1f0924d5a,3.8222146e-07,1
799985faa215,3.1860242e-07,1
3f66da5125a8,4.3913428e-07,1
0375a666435d,3.5911e-07,1
f6e01b46f6ee,3.601104e-07,1
6f99b3c9df7d,3.719147e-07,1
b0033b7d9bef,6.8057636e-07,1
de4f0525ae96,4.7289086e-07,1
3557afade1e7,7.906984e-07,1
403d249cf44c,8.9210334e-07,1
7ae603ba90ea,5.332926e-07,1
ea0ded9a7d84,7.795102e-07,1
76e9a043cca6,8.179684e-07,1
af9bbf61a585,8.1423804e-07,1
e205b858bb20,7.133594e-07,1
1cf9a31cf5c6,6.85993e-07,1
83eeec0e3909,5.4104356e-07,1
5a65c73a2680,8.000423e-07,1
58c11aa0e71a,6.79214e-07,1
3bd301f06b94,6.2349864e-07,1
b9d99387c8d6,5.7513165e-07,1
a540909b183d,5.0384455e-07,1
bad5e55ddd92,5.051268e-07,1
12d841767593,5.812855e-07,1
3cb5355639b0,7.217337e-07,1
8c4422f72864,5.0995783e-07,1
2fb098f2c5a2,5.574804e-07,1
d0c370c2b3d8,4.0646296e-07,1
5f4906abf125,6.781222e-07,1
bd749c7ffe29,9.4575023e-07,1
698f40c10487,7.8750236e-07,1
1ca2f9eba6a3,1.0790892e-06,1
b1fdf103715d,1.2505438e-06,1
813eff0579da,9.1315866e-07,1
85ec1d44e7f1,6.9764064e-07,1
1ab01af55cb4,7.950962e-07,1
7db3a8e53ede,7.3752693e-07,1
775a9916aba0,5.277118e-07,1
69d6eddc9a59,7.2041513e-07,1
4ae3fed989a7,9.64762e-07,1
20a623910bfb,1.0149299e-06,1
2d940436154c,6.2785784e-07,1
fe00a3e72962,1.0496367e-06,1
d24334d1b749,1.1995683e-06,1
1d9af8795ff3,9.723643e-07,1
70b9fe574fa9,7.097134e-07,1
afd82e83ed8b,5.14333e-07,1
2d72d1383b4b,4.5645697e-07,1
28c030a0c1af,4.3774958e-07,1
a761e2ba4d25,5.1629195e-07,1
762fce30e5a1,3.5702806e-07,1
71c145a60fd5,4.847286e-07,1
7535eb1f1dd9,2.5790152e-07,1
04c1cb041a38,3.9712432e-07,1
26b977e36e1e,2.5859407e-07,1
8f67b2d87bcb,4.072334e-07,1
25d3663e91fa,4.7737063e-07,1
7fadaa5a3499,5.379696e-07,1
8bce6f7cbe76,7.4237585e-07,1
5aa54ff7914c,1.0337917e-06,1
f2d3288923b2,7.6225916e-07,1
9791664b5bee,6.6473297e-07,1
0428e805897b,7.4579157e-07,1
c22a1f362fd8,5.7011476e-07,1
d1cd8b2e7007,8.415038e-07,1
5badc88e15eb,7.1725844e-07,1
816db85f6f01,8.8207634e-07,1
70aa789c959d,7.5944797e-07,1
740ba174fdf8,8.186287e-07,1
36fdbcb13375,8.419279e-07,1
34aa522c15f8,7.967991e-07,1
0409cd4dcfd9,8.667278e-07,1
449e32b3f459,8.351386e-07,1
4edcd067bfe6,7.8807795e-07,1
3df1d0a9adfa,5.5413693e-07,1
a805019ee918,5.0456237e-07,1
c20e4599267b,5.709544e-07,1
4d4afb075c3c,5.172138e-07,1
04cff952aa03,3.2195558e-07,1
5f42855aedd7,4.019253e-07,1
5f3e0c93e572,4.0242026e-07,1
dca0bf324471,4.2048617e-07,1
195d966eb6f3,4.3320156e-07,1
5a65bb95dafb,4.0461597e-07,1
2f864ea73cc0,3.2867118e-07,1
966ce84915ff,3.7116013e-07,1
9d85a9b9a668,3.637883e-07,1
5be00b02f905,1.3521013e-07,1
75baf16d63b8,1.5654003e-07,1
d697db1e46db,2.6218737e-07,1
cf70c46c59c9,2.7499973e-07,1
910f10533c95,3.0302795e-07,1
a501b729b7d6,3.6969385e-07,1
ab5159b9dd96,4.325363e-07,1
d8c6e1eadd4a,6.436894e-07,1
6bb9f074eadb,8.6920886e-07,1
a6841582a2ea,9.2014847e-07,1
5275ffdb4e2f,1.0488494e-06,1
455b1c971281,9.0547906e-07,1
f870adfa6548,7.2467145e-07,1
396c74c91e91,3.6288773e-07,1
d4caf2dbcae8,3.7634686e-07,1
f0a29f75cd4a,1.2756722e-07,1
341f251ccc61,1.7401705e-07,1
0044e5f1b7bc,1.6754237e-07,1
ac71d14156f7,2.0282752e-07,1
82c37abae352,7.0909795e-07,1
8c0739b3bb6e,6.964782e-07,1
26a92b2eb025,6.9851194e-07,1
4c55b3ccf003,7.3228557e-07,1
7b76e7189909,3.505589e-07,1
aac6691127ab,4.1099062e-07,1
0c7f5891fd92,2.5841382e-07,1
df6ea9a02e1c,4.7535843e-07,1
fe9e6b6a207e,5.0263236e-07,1
34fee85a69b8,6.2137656e-07,1
8ce7ab2a8921,4.7345296e-07,1
941d4a9480bf,6.550165e-07,1
2882a287757b,3.9592567e-07,1
840d05289a88,2.0094551e-07,1
85c41648cff6,2.2638271e-07,1
9746716508eb,1.9830415e-07,1
edc36c1542f0,2.1581828e-07,1
fc3180628aad,3.2412655e-07,1
1bfc3b89f570,2.9353887e-07,1
2c14f3657e50,1.0562728e-06,1
fd990c12092b,1.2084105e-06,1
deeb6adbc54c,1.3238848e-06,1
621f2056261a,1.2435561e-06,1
f232a695808a,1.1738857e-06,1
8900758fbadc,1.0493254e-06,1
a09e6e0e3c46,6.2757266e-07,1
e748e48a60df,6.411432e-07,1
6ba283d722ee,5.812084e-07,1
ae2989fb456f,4.9909903e-07,1
c5264b35a3ec,4.975688e-07,1
b3643e090b48,1.9271434e-07,1
c2d2d0c71fde,4.3811318e-07,1
32777c8286a9,9.353234e-07,1
454bb1182ac4,8.130841e-07,1
df852051a95e,9.747124e-07,1
d6c72daccd0b,8.386627e-07,1
bb8284b02a75,5.035326e-07,1
db394ad9c0c0,6.075528e-07,1
8f9004d57d52,3.3089697e-07,1
78a9baacd2ed,4.965866e-07,1
8567d9770995,4.976309e-07,1
477cec8fc436,3.199838e-07,1
2ea528739bff,3.9888278e-07,1
911c279c1818,5.4066675e-07,1
b5c2ab2f5f80,5.523697e-07,1
0fb73973c82b,4.1972285e-07,1
73914742b978,2.533218e-07,1
8a7ccaa2623b,2.3558052e-07,1
9b04ada2798e,3.094692e-07,1
e3ac2d4661cf,1.1721659e-07,1
fa7220953854,6.591321e-07,1
0d94a82974ff,7.1820574e-07,1
6ee7f506aa71,5.919259e-07,1
9f28df5d4c60,7.7463307e-07,1
302541972a79,4.564396e-07,1
14023efd8a92,6.701496e-07,1
6d034e7f43a1,6.5255966e-07,1
ca4fa7bb8de5,4.146167e-07,1
ad6d04c6a185,2.1611217e-07,1
83f04f9cdc03,1.4723501e-07,1
e0988f12119d,1.08206905e-07,1
5cd2166bcdf8,7.49388e-08,1
73b2debff158,2.2107758e-07,1
e15a54171035,2.3198398e-07,1
0272096fc3f1,4.825219e-07,1
bea7c9ec8de8,4.185856e-07,1
96efd3931996,8.0423445e-07,1
0109bcee0009,9.351958e-07,1
143644afb3da,7.542786e-07,1
0dd3ea6435a9,8.176611e-07,1
c5bce9d79046,8.4989074e-07,1
99a68791d966,7.504635e-07,1
c4602f4b676d,7.3915123e-07,1
b094aa2783f9,6.299939e-07,1
3b76b4c13ecd,5.6391525e-07,1
373032c1642f,7.2614444e-07,1
1383b8083592,6.853625e-07,1
c3ad3f720175,4.0254292e-07,1
2b0081ac4833,3.2907764e-07,1
cc0360cb9a65,3.5099004e-07,1
af97524a6747,4.6311231e-07,1
6d3931528551,5.114975e-07,1
d0c7e30ed092,7.4347776e-07,1
c56edfaaffce,8.5426655e-07,1
eade7b37bb2e,8.2314386e-07,1
e36b50c2b0fe,6.262284e-07,1
daa46ba8ed33,2.4710297e-07,1
4fd291caeb14,3.030058e-07,1
1a9379e8488a,4.0581676e-07,1
1dcb1e5be95e,4.995644e-07,1
677ab9de1562,2.9372276e-07,1
44a1017c6b19,4.0687436e-07,1
5413527c70af,4.937305e-07,1
7a480cf48406,6.6325964e-07,1
852cb487ac00,8.073897e-07,1
f835364d2b26,7.845541e-07,1
68e7781afd00,2.0716036e-06,1
e0af68abe87e,2.389667e-06,1
813a72fb925b,1.3627192e-06,1
fb93ef7379ea,1.224774e-06,1
09a83d1e4cdf,1.4469313e-06,1
c171f49954f1,1.0765439e-06,1
2f1c2ce78aa9,8.080307e-07,1
119525daf276,6.132129e-07,1
2890b7a05380,1.0642289e-06,1
9680e35d8c02,6.572145e-07,1
623469310916,1.084381e-06,1
2a16cedc8563,8.343942e-07,1
718de9dcf254,4.5856765e-07,1
83f2c3197b25,5.634027e-07,1
79c7da6585e6,3.5731466e-07,1
85e932a5571f,7.3864965e-07,1
dca568e51b87,8.344308e-07,1
7d483d4869a4,7.09869e-07,1
d39f3a5098c1,8.04331e-07,1
31778c71f1f0,7.225269e-07,1
ef0a5dd13ff7,6.1842076e-07,1
426ca77348fe,6.343009e-07,1
35181b1c6a43,4.951372e-07,1
7259728db541,5.0941685e-07,1
3fc4707442d4,8.7346723e-07,1
e0315016c9e2,1.014935e-06,1
403269ca6c46,1.5273295e-06,1
317affba8058,1.5402027e-06,1
9beb07596ee0,1.2798309e-06,1
9878521c6b3a,1.1807455e-06,1
3d7a1c8dbcbc,6.656834e-07,1
67c6c41d3207,4.4012097e-07,1
23ee595e324d,3.7016918e-07,1
dd469372ae28,2.6782766e-07,1
39a9b9e065b0,3.7895452e-07,1
d2df29f6535c,4.4062506e-07,1
1e9929f57057,3.6320702e-07,1
b34f3662d628,3.1062297e-07,1
26d90ee8ed1e,3.9749264e-07,1
28c4002892a8,4.0868943e-07,1
c7c694fa9c2e,4.1078238e-07,1
95a968543bd7,7.7287694e-07,1
fa716d3f9865,5.118636e-07,1
2501a18bb0ab,7.396664e-07,1
7f7fda8234a2,6.5974854e-07,1
516865976926,5.733759e-07,1
c4b59b66c83c,3.7485208e-07,1
5cb463a24013,8.376935e-07,1
17328f5f2fea,7.219304e-07,1
4d2d186f74d0,8.9840444e-07,1
65a5acb78eba,9.672377e-07,1
d14c0ef577b7,4.0545663e-07,1
9d6800b5f4c2,2.8802103e-07,1
458644f5187e,2.8439098e-07,1
2d622f9f4b34,6.431038e-07,1
89b9f669226c,6.988303e-07,1
16abc41d6d19,8.109996e-07,1
7619646e4fd2,5.8591394e-07,1
0742fe7a26ec,4.8351296e-07,1
ba691f21f8cf,4.3188555e-07,1
d8ece3e3e427,6.5258445e-07,1
34f68aba141a,4.491745e-07,1
0a0be51bd556,4.7141577e-07,1
7fe20f077b9e,5.467621e-07,1
bb997999febb,5.52289e-07,1
aa0aea42a19f,5.994452e-07,1
616dc95a8069,1.074444e-06,1
571afacac121,1.0004727e-06,1
ab5706e04f07,8.670839e-07,1
b82d826916c0,7.267481e-07,1
82fb4aa5c819,6.7535007e-07,1
c2d015b7f207,3.3224512e-07,1
a572478d3228,3.5119993e-07,1
deda2208e72c,2.7867176e-07,1
d914867841a2,3.4614428e-07,1
cf6f16d0c0df,2.9476163e-07,1
280253527fe8,2.8352324e-07,1
1262c41d518d,4.9648094e-07,1
afc24f511ec2,7.842589e-07,1
c8f829cc39a5,1.6117552e-06,1
83688742b516,1.689903e-06,1
a53d945a73a4,1.5299335e-06,1
aa2bea396a5d,1.0378357e-06,1
1bb34cc979c6,9.366386e-07,1
3ea308dc5605,9.14643e-07,1
2aff16f39e8f,8.825243e-07,1
c35ad218a9da,6.276924e-07,1
35a11157ff84,4.964109e-07,1
4cf7fe11c8b0,3.5600286e-07,1
f980398453ec,4.4974973e-07,1
b291d473ef82,3.6588986e-07,1
5184d28f5f58,7.0053375e-07,1
4b37beaa9fc9,6.208595e-07,1
c90299680486,5.6908874e-07,1
654ba18f2176,6.065074e-07,1
ae33ef9d32d8,5.370912e-07,1
ecaad65f5e13,5.1184264e-07,1
df3f642051bc,3.1339542e-07,1
b1fdb2989a0d,3.162254e-07,1
6af18ad8793d,3.6783405e-07,1
67420e5f8d13,5.585681e-07,1
177e6c9b4c57,5.2538576e-07,1
be9006ec2c3a,5.061746e-07,1
12d33bd90f26,9.805378e-07,1
bdc7af2770ad,3.688912e-07,1
6774954245e2,4.3080934e-07,1
ba70becf4e14,6.395891e-07,1
71f0757ede8f,4.1734393e-07,1
bc12c590987a,2.3131624e-07,1
6eff26bb4120,2.4826664e-07,1
ecb4eb8c36a7,2.788477e-07,1
072a3c7aea93,2.496391e-07,1
1f581eaeaae8,3.151876e-07,1
79fc9ee53bf4,4.8036566e-07,1
992fa5bf5cfb,4.513201e-07,1
9de222858934,4.851112e-07,1
46b098d210dc,5.794343e-07,1
5af9dfe511e7,5.5058183e-07,1
99311395b712,1.2744389e-06,1
5d162f572fb8,9.034187e-07,1
ffe14808e487,8.3396094e-07,1
2314ff06a83e,9.137988e-07,1
f5a5a07e538d,9.786409e-07,1
c0895ec28196,4.88413e-07,1
888f630f3448,4.6071588e-07,1
67b9be8c6450,2.8649276e-07,1
1b46ce4a3fb7,2.9130425e-07,1
3ad7971549ba,5.742628e-07,1
7335ee06747c,6.350083e-07,1
d5ad4cd73818,6.6793467e-07,1
de3059cd18bd,6.758445e-07,1
814ebcba00fb,6.345425e-07,1
f01cf635fade,5.796014e-07,1
b234358e3cff,3.4190114e-07,1
a8cf3bdc13c0,1.674135e-07,1
c0fbe41ee924,3.1914223e-07,1
04e169d11a2e,2.2856291e-07,1
7418adf40777,3.2567866e-07,1
4fc80e7e5ee0,6.580994e-07,1
18b1634f4c09,5.951109e-07,1
947ec4a8a388,8.139199e-07,1
71b1ed0f8f80,9.2512084e-07,1
ae322f259bb8,9.747062e-07,1
08e4dabc6fb4,9.572325e-07,1
3989ecf2a8e6,7.338442e-07,1
abd0dc3ee980,5.309465e-07,1
9033c1fe45ce,7.1453155e-07,1
315894a596f4,2.9186668e-07,1
a8eaef10c45f,3.6622572e-07,1
b3c37e2cb7e6,3.7630136e-07,1
b151c00c6abc,3.5995672e-07,1
d0d91ab614d8,6.7607675e-07,1
0563463a94eb,8.762071e-07,1
383c7b7158b9,9.1678714e-07,1
9dc0ed2cb1fa,8.097851e-07,1
2e848d544eb5,1.327122e-06,1
bf86181e2091,7.704704e-07,1
4adcfa04cd07,1.0707354e-06,1
b885db62c5de,1.1510524e-06,1
ae3f5a4f9320,1.032407e-06,1
a653536fe134,1.12222e-06,1
0b6af027f925,7.851261e-07,1
011cc645f142,5.3245833e-07,1
c397106f8eac,5.07038e-07,1
489b274f33b7,8.299036e-07,1
7eabcc90486b,8.5967696e-07,1
daba2d1b2229,8.4108433e-07,1
f6c855d435cc,8.974275e-07,1
e9c7a7da0443,5.2424963e-07,1
4fd940d4908a,4.3900505e-07,1
e1dbbd333881,3.266234e-07,1
d764a1586027,5.207294e-07,1
45d74f2d42d0,4.938074e-07,1
1e8e6705c24e,6.3041335e-07,1
36218c76f839,6.418126e-07,1
612ae8d56abf,5.5723353e-07,1
9a0fd1d4f2a0,2.8385315e-07,1
41c68541f3ee,2.553993e-07,1
dceeff703dc5,4.3593207e-07,1
fc8e62ef60a3,6.284463e-07,1
27e318bf0620,8.5725105e-07,1
dc74c1f81211,8.0240824e-07,1
e9710dbb017d,6.73668e-07,1
f7576f70df09,7.947536e-07,1
c7b444191537,7.368448e-07,1
6528042962fa,3.513995e-07,1
85fdae85c1d4,4.4984088e-07,1
c2eb25451bbe,3.1339542e-07,1
bc0f0cb45e56,6.802479e-07,1
38af7aa9f38b,4.382245e-07,1
81429bcb5f82,5.7973256e-07,1
51f0206322b4,5.5155806e-07,1
4406d7634026,4.7716264e-07,1
79966dc958b5,5.3285123e-07,1
e4c7aeef2935,3.928679e-07,1
89f486565c9e,5.3261545e-07,1
e7d5940eddd7,7.1913485e-07,1
74c3369f3520,2.7491714e-07,1
1139539aaf6f,3.9950385e-07,1
81b237fba89a,4.4094585e-07,1
92bf8ffc8f16,5.2921513e-07,1
f87688afd92f,1.2525963e-06,1
3e3d0606e5d4,1.0933054e-06,1
06edca046530,7.417648e-07,1
1e59e2b929f1,7.526936e-07,1
a22d354305aa,5.1676693e-07,1
1b541e0e9394,3.3725092e-07,1
e5a9741d19fb,5.8452423e-07,1
c7a607a6df4b,2.793869e-07,1
d9b36873a33e,2.2359599e-07,1
ba3040734349,3.1851505e-07,1
5cf4e22a6589,3.4330725e-07,1
7ec1578e5cbc,3.8778816e-07,1
ac456220733f,5.0935694e-07,1
e0f7f00479a6,6.2434856e-07,1
5c35fb6cffc8,5.805432e-07,1
11ab312e972f,5.695153e-07,1
0ff3f972859a,2.8434044e-07,1
45cd4b5539b9,7.898698e-07,1
5162ee14ff44,7.446445e-07,1
43c3952a8e9d,7.1597793e-07,1
af6dd82bc08c,8.262276e-07,1
b8729bb4b4c9,5.3023734e-07,1
361bd414ca1f,3.0334505e-07,1
0cfb08354123,4.7643152e-07,1
75a6559d3cff,3.3569492e-07,1
0f52d879c618,6.5209707e-07,1
c8ea4809310f,8.1693986e-07,1
1ee54ccc8767,5.921569e-07,1
922d2bb20dd5,4.2039696e-07,1
67d01893ffd6,4.514974e-07,1
a8c2b8956c07,3.2763663e-07,1
ccbc1b58ebdf,4.5012777e-07,1
52922b8672cc,7.048554e-07,1
af595a8813ac,5.2569885e-07,1
ad374def7ae3,7.5069335e-07,1
090bed8b2cef,6.27034e-07,1
876fce86c391,7.9657457e-07,1
68fd835c7e09,8.5530354e-07,1
294059892ebe,1.7669585e-06,1
0718f51f6247,1.3920514e-06,1
e68efd2d5671,1.3560291e-06,1
d5d03d76e069,1.2834704e-06,1
640c594e739a,1.3272005e-06,1
16e962797a1f,1.0904474e-06,1
b297e6609f49,9.3495964e-07,1
f8627a546e0b,6.08641e-07,1
146f5505489f,3.2092163e-07,1
87f035fd9b6b,3.354732e-07,1
54237c8e633c,3.0951603e-07,1
08ca0c7011fa,6.3999596e-07,1
9e631af9a14e,4.517065e-07,1
0f3ce42dc327,4.4253667e-07,1
b07e535f65ad,5.2820945e-07,1
8da45f546a92,6.273748e-07,1
56149f47577f,7.3618406e-07,1
6eee62c58320,7.023433e-07,1
f093e8126d1e,5.372768e-07,1
73dade5d4f83,7.1582514e-07,1
3f862e22a846,6.3433197e-07,1
62bacc0a53a1,6.005027e-07,1
1c871924adc3,2.7941635e-07,1
e1c2dd49da9d,4.373346e-07,1
bcac3e25f523,3.6585985e-07,1
a5647841f78c,2.8274758e-07,1
fad7c8dd2998,5.690032e-07,1
949a90a97fb7,7.6430257e-07,1
04bd1504b32a,6.1938823e-07,1
0bd0d66423c5,6.905447e-07,1
bedccfd93a7b,1.7721182e-07,1
c6a57289a652,3.851299e-07,1
927b58adc523,4.6674225e-07,1
30bbd585499b,3.6051821e-07,1
9964ad32e9f3,4.942339e-07,1
f8778fede824,6.25851e-07,1
f8a08a53aaf8,5.989837e-07,1
bf627b582c1f,6.9460515e-07,1
dac1146fa4c1,5.740561e-07,1
cccfee94f89c,5.1184037e-07,1
f9617ba74c76,4.824555e-07,1
d2e58ef26e70,2.8381163e-07,1
aa44e5ef0f64,4.6154284e-07,1
4156c170e289,3.457388e-07,1
49a4efe41095,5.2189927e-07,1
f230a2416ca4,4.459283e-07,1
62e83979e299,4.6127687e-07,1
cefa3ad5b351,5.955064e-07,1
46948900bcd8,7.9915907e-07,1
8005db443f61,7.831134e-07,1
12c51a80c76c,1.1119192e-06,1
5b22d5a46d81,1.1687193e-06,1
81612369057f,1.4100077e-06,1
d20661d423d6,8.4135036e-07,1
1c3f718793ed,7.491094e-07,1
ad6817512221,1.1580967e-06,1
95260b487c35,6.098175e-07,1
2cc2b9580ab4,8.356963e-07,1
0e1fef7b5131,2.4797126e-07,1
13c3a2b6d718,4.911664e-07,1
41a012b12878,5.058461e-07,1
207e9d7d341d,6.1134307e-07,1
cd1124772a04,6.995358e-07,1
ec31b68f4a98,7.4988964e-07,1
e49a1cfb275f,6.0055936e-07,1
889f4de180fd,6.5106786e-07,1
1e6a7863478f,2.1906102e-07,1
0aa2287f0a0e,3.7331995e-07,1
702a143e8621,1.5842403e-07,1
0b6a5a224624,5.469637e-07,1
1e79f1ca28c7,8.85373e-07,1
19b0343bce13,1.1418597e-06,1
21ef6c427e67,1.1542148e-06,1
36ff19b2798c,9.179351e-07,1
fbca213984a0,4.4186336e-07,1
185da63325f9,3.5162498e-07,1
b13c93f4d5d2,1.6832917e-07,1
326fad962120,4.443731e-07,1
6794d3ff9f27,4.8417166e-07,1
6bbc78addbba,1.5439965e-06,1
9677b4501dce,2.021654e-06,1
cdedc96bdc91,1.8441347e-06,1
a1c9ba3b3679,1.4599308e-06,1
2e2bb4ce2a48,1.4062473e-06,1
9c058d8e7591,9.912168e-07,1
4c4d5ab3bda7,6.868086e-07,1
85753eb65d56,4.832882e-07,1
4ecbfd31fad6,6.522552e-07,1
7b2a1efd154b,6.869469e-07,1
436651f5586b,7.459822e-07,1
0b36dec25e29,7.879007e-07,1
99832a7a940d,6.9191736e-07,1
45c72f98cb13,6.145763e-07,1
656ef517b028,5.63484e-07,1
3b66de3c6605,7.97753e-07,1
6c61ba0f9355,9.845488e-07,1
bfc8373f54f0,9.895239e-07,1
efbe56b90d6f,9.606896e-07,1
5f0ea582a82d,9.654217e-07,1
41a29125dc0c,9.441284e-07,1
bd9a9c930266,8.003952e-07,1
bc04ef812451,5.6581433e-07,1
9652d574b792,6.1409264e-07,1
e07d9ae2672e,2.4233168e-07,1
9a88fa9648a1,4.226384e-07,1
a611c750d6b3,3.769726e-07,1
ea8c33b69cb8,4.462254e-07,1
afcc514918be,3.7764786e-07,1
efeddbed8866,7.082697e-07,1
e9aea5b4a05e,5.57397e-07,1
9c322a29d72e,1.0323635e-06,1
4c95d6c24c0e,8.383451e-07,1
0cfe24b673dd,9.631015e-07,1
df1ae1c1a36d,3.0267503e-07,1
f5ac7671ab13,3.7326393e-07,1
e7a3ce15af86,3.924064e-07,1
294506ddb97c,1.5446344e-07,1
ab9ae81702c8,3.5433084e-07,1
1fe8093e569e,4.5859562e-07,1
eda6cd1f7a51,5.0754454e-07,1
edbb7a1d2968,4.019716e-07,1
d3cb261a1a94,3.4326555e-07,1
0efba75d2937,4.3998665e-07,1
89e54f24df92,4.23417e-07,1
1b8ac32ed24d,4.7684597e-07,1
b573ecab833f,6.6304267e-07,1
d56c651c81f4,7.41892e-07,1
f6d69cfaeba6,8.883e-07,1
35c43b101fe7,1.1724716e-06,1
ffe35c191bc6,1.1513216e-06,1
123627b990f1,7.5127286e-07,1
26cfe145e5d9,7.280718e-07,1
454661094418,5.0311377e-07,1
eba34cc7aba9,6.8464436e-07,1
9806f267d92a,4.0100713e-07,1
da66cb53efbd,2.4963757e-07,1
1acc10ae960c,3.1160528e-07,1
9d8c0714c8b3,3.2012792e-07,1
daa561b5110f,4.3352793e-07,1
2148a06d1780,4.0698168e-07,1
8531486c6b7a,3.116482e-07,1
6e63e7669059,3.3503156e-07,1
0df97d140bdf,3.341605e-07,1
5814df9fc282,2.1515166e-07,1
e8001c42e555,3.9430444e-07,1
4ebfa5c6d4fc,8.4645745e-07,1
8e9ce134cff5,1.5026885e-06,1
ddd3fc731948,1.5025001e-06,1
77f88b8bf4d4,1.4623699e-06,1
cb2983e9ba13,9.751851e-07,1
7cf833f7e593,1.0023117e-06,1
60971e0e1b81,8.588733e-07,1
f7ea99e754b1,7.1926854e-07,1
684ace4a55dc,4.8785677e-07,1
fb0c1ab164ad,3.4724766e-07,1
8a40d104dd1a,2.412341e-07,1
68a8bd77d6fa,3.4530024e-07,1
9d24e227798f,3.7877103e-07,1
bf2b39ff539b,6.0207236e-07,1
8edbc1c79913,7.270961e-07,1
d67b7ef7974b,7.4958126e-07,1
a588ac376915,6.583436e-07,1
97fcd1f15fbe,6.002024e-07,1
4723b7d6d8c9,3.8691942e-07,1
ef51f80f841e,4.191288e-07,1
204cd23cca32,4.2265046e-07,1
2dae2753de15,4.3475916e-07,1
11dd8e44d271,3.7838834e-07,1
474b2164555d,5.3698693e-07,1
fab0ae2baefd,5.3688433e-07,1
2288b2132f9e,4.9966036e-07,1
03f418b1d423,7.129118e-07,1
e6d20af0898f,1.055103e-06,1
e1dc8b5f0195,9.1615084e-07,1
87ad27bb5ff6,1.05209e-06,1
f89e368dca1f,1.5633408e-06,1
f42f627c769c,9.191115e-07,1
076fe9bbf1ca,1.1422314e-06,1
9cc17a298433,6.313489e-07,1
1ebe90f5f846,3.3623192e-07,1
e46cb5a2496c,6.5080746e-07,1
f27799180d74,4.7362016e-07,1
cace24dcb891,5.323504e-07,1
f8e845dd082f,4.667165e-07,1
d6b367ea1865,5.049525e-07,1
8df56bc4f990,4.552977e-07,1
c86f6705d475,4.1974855e-07,1
50a6264381ca,5.1552854e-07,1
c43a721ea0bd,6.2310653e-07,1
c5d0eedae23d,6.405258e-07,1
cf13eb62a550,6.7606464e-07,1
ccff91a3d318,8.416438e-07,1
1cc087fd0052,7.0381844e-07,1
25cfcff13220,7.253349e-07,1
b73ad361dfcb,8.291295e-07,1
8aac5dac3841,6.9558473e-07,1
d9470285eec7,7.5952033e-07,1
063bc7844624,6.9880156e-07,1
90c50785be88,6.0845525e-07,1
27e38d9e9851,4.4107196e-07,1
daf0d397bcbf,6.7640855e-07,1
793159eb3caf,6.2158045e-07,1
59a39a78dfd8,6.5022937e-07,1
9c62b2c00b1a,5.293276e-07,1
a56f6b7570f0,4.2557568e-07,1
03cf6bee4e1d,2.217563e-07,1
54ed91de4b8e,4.027289e-07,1
24f87aedbd8e,4.2241132e-07,1
2a618ea91adc,5.0715477e-07,1
68323bad0b25,6.548773e-07,1
8e4dccb9d6e4,7.746314e-07,1
217fd03ca98a,1.0330599e-06,1
5f4490180b59,1.0931849e-06,1
bee2039e69da,7.694677e-07,1
8cb91e6c17c9,7.070185e-07,1
4ee1b5c2bbb0,6.9757846e-07,1
ff4598979eaf,5.804232e-07,1
74ed33212a05,3.9557548e-07,1
28e1058e25c6,3.8090369e-07,1
210332407754,4.933492e-07,1
b8b53dd6fa80,5.5222995e-07,1
629d77c7e683,5.8955453e-07,1
9260295485b5,4.6464643e-07,1
350f2c656e41,4.4974036e-07,1
7e2d66892db6,2.703853e-07,1
0b60b8340a09,2.7037078e-07,1
85b01093ee13,7.912018e-08,1
db34648e6679,2.440381e-07,1
2c91b9bc07b8,2.2521992e-07,1
b8efef1dc04e,8.545723e-07,1
27a96b4761f1,1.1388012e-06,1
896b46206abe,1.0381461e-06,1
44b3dc23bbe1,1.2383686e-06,1
b9fb7b7310a4,1.5316189e-06,1
f3e5179b867c,5.3733095e-07,1
3008b5427b44,3.2949913e-07,1
314e2b9a36c0,1.3800343e-06,1
2e36f93836fd,1.6028551e-06,1
fec6c3b8c9fb,1.407611e-06,1
f2704a01d52b,8.96135e-07,1
9eafc9e80988,6.285763e-07,1
2a5b38aa9d6f,3.199405e-07,1
31a3009380ed,4.743472e-07,1
ebd8bd4ff7dc,4.992384e-07,1
3a8b501d2b88,4.0251393e-07,1
78a408e3b710,2.7577755e-07,1
67f1c3ef9e4a,3.0980863e-07,1
1e7c47ee80b9,3.8108027e-07,1
f0f2319a24c9,6.773792e-07,1
b92cdad620c5,6.7636427e-07,1
deacd7f7e8ce,5.307972e-07,1
02babc63b499,5.3000423e-07,1
fb389ef82d7c,3.877542e-07,1
db0b7cf6f991,6.1307264e-07,1
3027f1db621c,4.548212e-07,1
1c746c0982ee,4.6964098e-07,1
7e9b060deff0,3.3627236e-07,1
bdfe40994580,2.536314e-07,1
459ba684dc71,2.0124375e-07,1
ae8a731e1e19,2.3582902e-07,1
acc15aecce2a,4.0120327e-07,1
3d8f354f5360,2.8553734e-07,1
813ba3c4002b,3.4456218e-07,1
28cdfab2866c,2.789206e-07,1
af281fb00544,3.5393953e-07,1
fe659a28ca7f,5.870947e-07,1
7a17ba4b96d3,6.350303e-07,1
ce897efcf04f,7.136856e-07,1
696962a7aa61,7.567328e-07,1
1a91aacc450d,6.747288e-07,1
46cc10bf73c2,7.344833e-07,1
e0689eb1fba3,6.430469e-07,1
4fdb3cb11f18,4.9559844e-07,1
d379fd57c4cf,2.3371925e-07,1
27dca1331ae6,1.6574224e-07,1
f00abfab8b28,2.7422124e-07,1
3d1b4a6f0f33,3.9449364e-07,1
dabd479ce195,3.284652e-07,1
e1b7447870fd,2.9777456e-07,1
c9864496b89a,2.7806004e-07,1
8d2b1fcae1f9,2.1646373e-07,1
7dfc93e706e1,2.9462672e-07,1
38f1c5dd654a,2.7150185e-07,1
3d9d165c9885,2.8141312e-07,1
4ed70c22fa0d,4.0392266e-07,1
87f759ac2876,3.386214e-07,1
c1fd64de0560,2.5614733e-07,1
fcc2ea3e03fe,2.1498934e-07,1
bb0380002d12,2.512052e-07,1
3eda9865d425,1.0349638e-07,1
083094613fc0,4.9078227e-07,1
bb75ff8a4feb,6.266926e-07,1
5ada1220c3a1,6.9892803e-07,1
3a96d4fc79ce,6.311398e-07,1
698f2107fb8d,5.9733935e-07,1
4284bcc382ad,1.5176605e-07,1
b38d2374cdc6,2.5830812e-07,1
654f3d5fca74,3.7381236e-07,1
132643bc1a8a,4.015432e-07,1
ea7f69911fa1,4.1959558e-07,1
c3f3517521b5,4.744267e-07,1
eb40823e2b4d,5.332242e-07,1
c858b38d2a5f,7.2355175e-07,1
9d8d980ef035,8.415984e-07,1
dc4b215c6a73,9.5153075e-07,1
021cbeb3f2f1,6.121619e-07,1
d93e07a385ac,6.411692e-07,1
a6ed72c57b9e,6.465935e-07,1
721b3c55a93a,9.682545e-07,1
0bad17f55084,8.9874146e-07,1
df0b9d69e08a,7.658992e-07,1
e68ba903f91d,6.67658e-07,1
bc30a06ceff3,6.2184756e-07,1
694706c5df64,5.1478634e-07,1
75c8d6916b6f,5.9411184e-07,1
2946de7534bc,4.9782545e-07,1
de709db2465f,7.5590685e-07,1
5dc22fdb2538,7.762044e-07,1
8e04a8cac0ba,6.902104e-07,1
280aab8c14a8,6.853886e-07,1
06292bde69e3,4.3842223e-07,1
598808e01e8f,7.2497096e-07,1
d1d6e9894d4c,8.127965e-07,1
62d49d6ca932,4.7521465e-07,1
549d4e910659,5.4556426e-07,1
05d79b97a795,5.9821815e-07,1
ac65c455ed7d,1.1658107e-06,1
70477c571596,1.6310712e-06,1
8b4ac2101f92,1.4319907e-06,1
efd4e28c3789,1.2742079e-06,1
90bbd3aaa42c,1.0597919e-06,1
2f8eb377613b,9.770871e-07,1
79ff56aad939,6.1770646e-07,1
5faf8a7db12e,4.395495e-07,1
55f42c00c28e,4.5031612e-07,1
c2a2bb972ce9,3.3897885e-07,1
6541dc764c70,4.5032954e-07,1
532b059c6d72,2.9475015e-07,1
7b8e026bafb7,7.190623e-07,1
2fbf792bc80b,5.444303e-07,1
459b32ba46d9,4.9712946e-07,1
8232cc7b2a25,5.284813e-07,1
c06b44a9cdb8,4.5844914e-07,1
d65737896972,4.1947771e-07,1
4ffc0a6b0984,4.8813644e-07,1
cde09459c955,6.748079e-07,1
c8e7652c6572,4.9860876e-07,1
04356a0fcdea,6.914719e-07,1
42943dc90ffc,4.6494046e-07,1
6eb66b14406f,4.2655324e-07,1
61b1517d2a19,3.2874885e-07,1
fd1702213911,3.2051665e-07,1
997c4adc6d41,5.675648e-07,1
f5857865793c,7.012907e-07,1
adc4ded55873,7.164699e-07,1
15c7f66e365f,7.5808816e-07,1
f66fa9bfae58,7.264933e-07,1
8b5021f135c1,3.6606272e-07,1
1333fdcd3b61,6.299874e-07,1
ad718a7a42f6,6.955378e-07,1
ea96e7501b8c,4.332576e-07,1
3f2e64153516,6.6446484e-07,1
f7ac3cecfb05,5.787013e-07,1
f37f95274058,7.130278e-07,1
5ce86c89c693,6.680531e-07,1
be62ff20cb63,6.2253514e-07,1
599e1a1b61a2,4.5737306e-07,1
cb217f2cead1,6.786011e-07,1
0a82851b358f,5.9169065e-07,1
bd1cde8111da,4.9457145e-07,1
a18b3989e6bd,6.1432314e-07,1
97a7a90f81d2,5.0943663e-07,1
92eb448e3a26,2.719255e-07,1
19dbd4e2ac02,6.780005e-07,1
a34f44d4499f,6.155519e-07,1
93feb0807a51,5.270439e-07,1
54c8a1b50b20,6.9859925e-07,1
16f780266557,1.1260626e-06,1
9ae36c0ace79,6.9873283e-07,1
5aae17c8abd3,7.000252e-07,1
c73dc3bf2650,6.9158983e-07,1
9381a52db9c6,7.1135673e-07,1
1428480c9c56,6.6620254e-07,1
959fc5ac2e93,4.4617076e-07,1
8361aee2e6c2,4.617458e-07,1
a0624ef41d8c,5.0318465e-07,1
54dfc2985f7e,5.916338e-07,1
ac8bd8bd2535,6.993004e-07,1
297bca94ec24,6.086259e-07,1
be3360c54a62,4.3858952e-07,1
57c0535d4514,4.7630078e-07,1
d260b3aed324,3.3357622e-07,1
38d104da9611,2.0080938e-07,1
e7e4d662574d,5.416568e-07,1
6834cf8ff2a1,7.120376e-07,1
01032139772c,6.020189e-07,1
055cef73a2d7,6.1290166e-07,1
40172c49e4d0,5.2398065e-07,1
acbaf98f344c,7.6575606e-07,1
f6dabfbded3c,5.2512854e-07,1
fc91af453fb3,5.1158963e-07,1
140d1c68f195,8.10526e-07,1
4ca5fc9ffc00,6.3775633e-07,1
1730c940e4dd,5.386065e-07,1
bbfcb24f42e4,1.5614942e-06,1
9eddb70aeb2f,1.5295316e-06,1
0d3b53a4f973,1.6683359e-06,1
b570dd4cd7dd,1.485655e-06,1
695a7dff12c0,9.65395e-07,1
1390275ce6e9,7.483655e-07,1
ad2ffb0f891d,9.0783976e-07,1
931e5000e749,8.3383327e-07,1
371d493736e9,8.5092677e-07,1
282730dbc19a,6.8391944e-07,1
1ddc9814b7a0,6.696326e-07,1
3df8115872f1,4.82776e-07,1
e72a2883a288,4.149622e-07,1
b747986dd6d3,6.267142e-07,1
cfb80fb59a18,6.134086e-07,1
ed192c6d67bf,7.610241e-07,1
51f8fc4c06a6,5.711226e-07,1
37ac45c4784f,7.205483e-07,1
c62eda0acc11,9.083967e-07,1
377e29977f83,1.0512072e-06,1
46bea0f31096,9.5282746e-07,1
1999aefca67c,8.651871e-07,1
127e90c6c0a4,7.842246e-07,1
aeeffbb42dc6,6.8387106e-07,1
150ed5d3118a,4.839345e-07,1
36b344ba2c8e,4.453529e-07,1
e5d9ef77e3f8,8.0280483e-07,1
54278e66008c,4.2968597e-07,1
046a65a7a491,5.203225e-07,1
886577a202ad,8.2612485e-07,1
9c6479940dce,6.083019e-07,1
d1f718814b44,9.1756925e-07,1
1e1d5e8947bb,9.747092e-07,1
ca5333e99f03,9.711332e-07,1
32aba5bb1b73,7.9357886e-07,1
cc0b61fad83f,6.6110334e-07,1
75ca22b0c76a,3.157027e-07,1
b2beebf1515e,4.937947e-07,1
a05f15946876,4.1102513e-07,1
3772a459503a,3.6561516e-07,1
053bf7f52819,2.8796842e-07,1
e7d0be02c406,3.0759963e-07,1
3db1b72d5aaf,2.783582e-07,1
ffd319d12499,4.9936483e-07,1
01736dab0068,4.7323027e-07,1
99669d2d22c8,6.206414e-07,1
084e6c0b223a,8.535169e-07,1
d2bf9d1de569,6.4187265e-07,1
aec1d2ab66a2,4.7593983e-07,1
a62c1161d333,8.1700256e-07,1
45d8fdcf28f4,8.226282e-07,1
30c9e775685c,6.783567e-07,1
ff4b321b71e7,8.6770723e-07,1
66832b36345a,7.154294e-07,1
a1084681a31b,7.722563e-07,1
69ed59e2a16b,5.530735e-07,1
6f4250286010,4.7816417e-07,1
f1213f0a1e15,5.8787174e-07,1
ea9173c77af0,8.0251044e-07,1
8ea4dff1874e,9.174934e-07,1
f7dc391ddcb4,7.125617e-07,1
10cd264f1156,8.3374255e-07,1
a2396cdd4f55,7.5171215e-07,1
81d0fb533441,6.2337267e-07,1
fd6aba9e03f3,4.490235e-07,1
b88a3e8469e5,5.163091e-07,1
0c450c2b10db,5.138445e-07,1
11fb80d71723,3.7374508e-07,1
539006ecfd6b,2.991934e-07,1
a4b4fb2dad47,5.7120417e-07,1
3be2d9e471fe,3.989086e-07,1
b3854e354ddd,4.259925e-07,1
d1152419faf1,6.55806e-07,1
3991bb7e7043,7.4754075e-07,1
cb7661e19d89,7.164139e-07,1
faf059a2196a,7.570057e-07,1
8bf91912496b,4.0329346e-07,1
275ecd3ef18d,5.805336e-07,1
03e6033d6ac9,4.315611e-07,1
c4b591f53740,5.2698465e-07,1
71f02e50cea0,4.231392e-07,1
0fcbd5600f93,1.6811309e-07,1
f7861d22e589,9.809465e-08,1
236fb22ae08d,1.3300898e-07,1
e6d9cafd38f3,1.8868981e-07,1
6b22e1c7dae9,3.984522e-07,1
e47522a84470,3.9476652e-07,1
8e7e2e29c07b,4.573769e-07,1
3e6b30494b05,5.005832e-07,1
1e3f897f6907,4.293229e-07,1
433f208190ba,4.413892e-07,1
8043d61be7b5,4.7774347e-07,1
c8509f6a3908,7.4037786e-07,1
2d0f70a64f99,5.992109e-07,1
d1c66e53aca4,5.2531465e-07,1
093a01cb3d5d,9.915209e-07,1
728b6285cf0c,1.2895052e-06,1
bc036d42f5f3,1.2850137e-06,1
505f22c618e6,1.1543555e-06,1
c779465280e7,1.124892e-06,1
b863e1517e73,1.0178369e-06,1
1dc218166f4f,8.018604e-07,1
f075e0e3f086,6.6334263e-07,1
e84f8a8932b1,8.744724e-07,1
ed0023c61999,8.973662e-07,1
f30bef603a4b,8.3780475e-07,1
0aa07f477d52,3.654729e-07,1
53fec3b334ae,2.2959145e-07,1
51033c1dd106,5.42093e-07,1
7fdbd2fcee07,3.6036042e-07,1
dc9201d79ad5,3.6040365e-07,1
a2a7ba48205c,4.1196841e-07,1
81b7ee73b828,4.908775e-07,1
93ad2e54ca62,7.1911074e-07,1
7321f7e7392c,5.976592e-07,1
a2dbb18f13f7,4.062907e-07,1
f09dd79d95e3,4.1479012e-07,1
a0e582597764,6.925718e-07,1
90c2ccd881a4,1.0019744e-06,1
20093bfa431a,6.604798e-07,1
f0eea8db38c1,7.087253e-07,1
5587447421a5,7.168984e-07,1
9f54e92c75cc,3.5672375e-07,1
5e1994e44082,4.0788242e-07,1
d7571a4c2f66,7.2989076e-07,1
37ee6d75b7e2,5.8792193e-07,1
3c71cda23336,6.017209e-07,1
c9b1dbfae346,4.368551e-07,1
d9f90af5e18c,2.7965015e-07,1
bf2c448fe7c9,3.65026e-07,1
be492e238eec,7.103159e-07,1
2ef48f848f4d,5.31241e-07,1
c990818586e0,6.033887e-07,1
76ac77bc3bad,4.185978e-07,1
cde5f92b33b4,5.999037e-07,1
813450fad28a,2.7027693e-07,1
092546b1c4e3,1.8696707e-07,1
f6f3bcbdba7f,4.1271903e-07,1
6672c155c027,3.997605e-07,1
a0e5fa852acd,6.20342e-07,1
3731cf1413fc,4.7102688e-07,1
a75c66a3e2a2,4.6491346e-07,1
3b2bde407ba8,7.901231e-07,1
1b0738b35c86,3.1722917e-07,1
e8fa426531d5,4.5685178e-07,1
114ae5758a14,5.605834e-07,1
1a4607cf4b3c,3.0430238e-07,1
565bfd1a76a1,3.2191798e-07,1
c240aee2aacd,4.6695203e-07,1
848174b40e21,5.25039e-07,1
1f17519599ec,4.4244914e-07,1
2f0267334b81,7.2183707e-07,1
3226cf0e2cc4,9.32991e-07,1
e4696d590925,8.378961e-07,1
b876d0375637,7.0389837e-07,1
25f1445a943d,6.8008876e-07,1
a3cd65ae6411,6.898462e-07,1
547bcdc0c840,5.591712e-07,1
3ea464dcbcf8,7.361644e-07,1
18111303913b,9.5347576e-07,1
5cd2dfbba6fb,9.771987e-07,1
5ca26ad2b026,8.8014497e-07,1
930afd6e7606,8.315016e-07,1
0f0ae78e910f,7.375115e-07,1
04eeb6c4d7d1,7.466153e-07,1
58012f39966c,4.4471568e-07,1
040c2b1409a0,7.249855e-07,1
c3e378f0e2d1,1.1047158e-06,1
9b9846a88b96,8.490339e-07,1
f9eb042a7a04,7.460149e-07,1
42218a0b833f,8.5633394e-07,1
a9c190c80415,2.7647775e-07,1
62a2b4ef449c,5.259251e-07,1
027fa46e8bcb,5.5264564e-07,1
7c5f54be2408,7.344942e-07,1
29842240be38,6.533669e-07,1
4313d6cacc47,5.89129e-07,1
8f3f450ede09,4.2688308e-07,1
4019ece8f689,4.8922396e-07,1
f351d9d28ccd,3.455899e-07,1
881cbbbd24f6,5.145912e-07,1
e9fb8761e7e4,3.973585e-07,1
5f14e20c4d63,7.3706343e-07,1
93397ad59262,4.3081866e-07,1
335ad0f7655a,4.98475e-07,1
d6d2f4556ee4,4.816189e-07,1
225d3815b406,5.9536507e-07,1
fa7e4a92479c,3.1383942e-07,1
5e0f2becd460,4.4117604e-07,1
29258c460f9f,3.8142912e-07,1
4c87299031ea,4.440559e-07,1
85e51bc4258c,1.176566e-06,1
807d78beb700,1.2720883e-06,1
b595c3521dde,1.121939e-06,1
8915eb270c6f,7.184646e-07,1
741a3f30801f,5.017139e-07,1
8055f9c3c82e,4.389317e-07,1
84a354994d83,4.5208031e-07,1
39dde91bae05,3.8236698e-07,1
f96122127999,5.337863e-07,1
cc756d9d9f66,8.68604e-07,1
16ad75ec8e81,9.473571e-07,1
1bed26647a6c,9.1768624e-07,1
f22c6fc020a1,6.833937e-07,1
db2bbf8601bf,5.6551016e-07,1
805dc19c7a80,6.1437925e-07,1
b723f3637bf9,6.768938e-07,1
32295d32000c,6.987979e-07,1
b16f4702b9fb,7.9032935e-07,1
9405a7333e32,6.861e-07,1
fdb3c3c9ce9f,5.7598226e-07,1
e88226855220,9.62235e-07,1
9dbcd9c6b096,7.142868e-07,1
1254a20a6b8b,8.4532036e-07,1
7bf63fcc6cb9,7.1997687e-07,1
21258e7611d0,5.839087e-07,1
a9f3b2300da7,3.7563348e-07,1
e972906d7abb,5.504165e-07,1
06a8343d939d,8.198613e-07,1
ece14dea20f6,7.495415e-07,1
33e6ec12df68,7.4446916e-07,1
8d920fe2276c,7.722024e-07,1
67b181c0ec29,7.0682614e-07,1
72f6ac785b15,7.5733135e-07,1
a4d875f81036,7.401624e-07,1
543564d8366f,7.984988e-07,1
49826a2f86f8,5.673212e-07,1
92d080d99a1a,6.5214e-07,1
416e6c155473,8.192965e-07,1
d581b55813d6,3.082752e-07,1
4ed0de5b51bb,4.7384674e-07,1
c05f3dd8ba08,7.029837e-07,1
f388ac27cd13,8.820443e-07,1
727114807b95,8.168908e-07,1
9c5fd04288e0,7.100169e-07,1
ef37276a0f4d,6.2323824e-07,1
ce59a39eb171,9.393604e-07,1
e3c73cc64b0d,9.712843e-07,1
732aeccd20f1,9.843635e-07,1
bf3bc92b2404,1.2168249e-06,1
b248b2e80da8,1.1419725e-06,1
e49cd626609e,1.0045504e-06,1
9df8543646ca,7.6605846e-07,1
24878162666f,6.2121046e-07,1
8ff00c35d1ba,1.1901371e-06,1
ff93822df7b7,1.074834e-06,1
bc664a084b68,9.3038466e-07,1
d159bf80841a,1.1347161e-06,1
39e075a34940,6.6629536e-07,1
6c83e806c0a4,5.050966e-07,1
137e3062ff28,4.7754247e-07,1
b32b9a5a4a92,5.269937e-07,1
18f94a677921,2.0997474e-07,1
9a83b32ec051,4.740397e-07,1
d47199a15002,4.236002e-07,1
3ea75a34a423,3.7106847e-07,1
6d6d7ef7de5a,3.963511e-07,1
552de455a143,3.5191283e-07,1
a210a236b3c1,4.6351082e-07,1
ed9dde7a6e80,6.22585e-07,1
ed8a9272bc8f,6.817568e-07,1
c0cae881a5b4,9.4818955e-07,1
ca306d19a935,4.6138086e-07,1
fade518d53a4,1.251155e-06,1
c165fcb473e1,1.3373528e-06,1
0391f8c408c1,1.1412403e-06,1
a9b1f05c8483,9.4335553e-07,1
4c88e5f5dbe2,8.608435e-07,1
440840ac37ae,6.2128754e-07,1
d0f8465af117,4.7022417e-07,1
d37d65d1c87b,6.648134e-07,1
70d09c804eac,5.136701e-07,1
76e5a0ffb614,6.2344793e-07,1
1302fe0832db,8.1848873e-07,1
dac527cb1a80,5.861246e-07,1
7abece172243,8.9555294e-07,1
1997b05d38fc,7.7017444e-07,1
056745baea31,4.796801e-07,1
788ecb9decc9,2.4746507e-07,1
6e5f9c0e6612,4.6492028e-07,1
b2978481ca88,5.9569993e-07,1
bb96fa27d648,2.8630672e-07,1
d3a1c501077f,2.758061e-07,1
8b27890afcfa,3.64088e-07,1
a89cd1c47b6b,5.425624e-07,1
b2af032cd505,9.597253e-07,1
dd1f2339c29d,8.2286806e-07,1
069864cd4416,6.7634323e-07,1
ff530f4b2201,7.6406826e-07,1
cfd6dfcf3b6d,6.2385527e-07,1
3952652267bb,5.9313265e-07,1
bb5a9f4034bd,5.648539e-07,1
e10f2dc781f1,3.312655e-07,1
3a93d14bb0dc,3.601924e-07,1
9a851330d8ed,2.3998544e-07,1
ec1a1820f6bd,5.895401e-07,1
2ea25c5e460f,5.2883973e-07,1
647976fed756,6.733846e-07,1
182d815e5380,9.129455e-07,1
209f7ea4ca9c,8.5747723e-07,1
de754534af4f,9.138019e-07,1
60483d915aaf,6.825716e-07,1
222dd19858ff,5.411682e-07,1
56d395a1cc44,5.18156e-07,1
3f338abbd9cf,2.3778361e-07,1
f6289ba08c0c,3.6111624e-07,1
73e649dcf861,6.39114e-07,1
fa8eba7c3a22,6.9164474e-07,1
c4ce2e9d9b14,7.378467e-07,1
c0a0375b2b29,6.414817e-07,1
05719d201400,4.986854e-07,1
c63b553b1cfb,4.6038969e-07,1
26efcca74286,4.3538446e-07,1
531ebcc9a020,4.6944314e-07,1
0852d157080f,3.7318006e-07,1
54029cc4fbf2,4.4321965e-07,1
e79fa5b2c174,3.404873e-07,1
21157cd90789,4.1255245e-07,1
837442c461de,4.8750985e-07,1
dfc2a343e4d0,5.975133e-07,1
588a1de185f6,4.570563e-07,1
e4e457824a35,4.8647877e-07,1
dc8557215947,4.861345e-07,1
4163423eedf1,6.05919e-07,1
c686cc603b84,5.336239e-07,1
7d14b528e272,5.1791903e-07,1
ce34226352ee,3.9627665e-07,1
09e5cd204481,2.5921594e-07,1
756a753f5fbd,4.498158e-07,1
d84ccb9edb7d,4.001187e-07,1
0ea6643e711c,6.107218e-07,1
e955ff12294e,6.897353e-07,1
8b79f6f04e15,7.0147973e-07,1
80829913871f,5.107348e-07,1
5f3cc9951735,4.4587728e-07,1
83e5a93292c9,4.488133e-07,1
3ff756db2472,5.648549e-07,1
5e0400b5f528,1.0089138e-06,1
6e595756a6ca,1.1328873e-06,1
6f9d5558ed16,1.4509233e-06,1
213f54268ded,1.0765044e-06,1
a5c703b1e295,7.497247e-07,1
27ee1d2c27c0,8.390638e-07,1
6642d2069020,4.9112725e-07,1
2e38c53fe305,1.0235691e-06,1
9f2b4889b725,4.4931224e-07,1
11327e4c651f,6.4360063e-07,1
aae69286a7c0,5.708241e-07,1
f718e7988425,1.9428461e-07,1
03de164fb71a,3.088426e-07,1
6463aa119ec0,5.627604e-07,1
d94dd08fd2f2,6.300702e-07,1
0977f61af7f7,7.0139066e-07,1
794047e628fb,6.06576e-07,1
21bce6e51a6a,4.1791864e-07,1
8ee5b7bd8462,2.1001037e-07,1
2348bfc701af,3.669924e-07,1
be3b112f661d,5.029718e-07,1
5c6c4dd6b00e,7.2856426e-07,1
fc9ddaa621e8,6.2007376e-07,1
86c27393475b,6.517216e-07,1
8a1c1f1ccf1e,5.820047e-07,1
237dc3ce8a9b,1.4635959e-06,1
2cd3110cc891,1.4286042e-06,1
5954335feba3,1.2707659e-06,1
5942ff262fae,1.0731388e-06,1
7362c3f65af7,9.844493e-07,1
d3854f57b8ce,6.8750785e-07,1
386f77d6013d,6.94106e-07,1
09a05265de60,4.182238e-07,1
1110de905b95,4.898317e-07,1
fdb97f020395,5.0778823e-07,1
221bffd584ed,4.607288e-07,1
d19e66990749,4.472009e-07,1
b8a44b5bc4ac,3.2110245e-07,1
97813e4750a6,8.248771e-07,1
840e219677a2,6.3754425e-07,1
d24986dbc6a7,7.661433e-07,1
73037f9a3ee8,8.6613477e-07,1
0871ebd95359,8.155231e-07,1
c6863f5af945,7.329896e-07,1
32c4de24b0d7,8.8297026e-07,1
ee4f68a0e2e8,9.60639e-07,1
28839f860f80,5.9473257e-07,1
c351adfef6a0,8.0478213e-07,1
d24c5857ebfc,7.7025237e-07,1
a3ac2e0a6f59,1.065886e-06,1
25fc20daedec,8.080087e-07,1
e15bec70b0cf,6.4555854e-07,1
84ad8e592f56,3.566553e-07,1
566eaf5335d3,5.4255923e-07,1
3adfa6e900e5,4.770912e-07,1
32deb642e8c8,4.6600576e-07,1
6ee72b3e277d,2.58964e-07,1
c7054315fe8b,5.2442437e-07,1
68044918cc52,3.7023088e-07,1
59452417f2ce,4.5376635e-07,1
54ad48cb2670,8.7050887e-07,1
53dc597eb242,5.1571914e-07,1
20c7801ca2b0,5.768287e-07,1
9a6e3096064d,4.9410136e-07,1
e3c0cf4ac2f5,3.9068001e-07,1
bdd3911d229c,4.308889e-07,1
d334a62fdff3,4.093742e-07,1
7485b53cf6a1,4.0536156e-07,1
1cfdddb2c565,6.5700226e-07,1
ce89316b6d9f,8.0771235e-07,1
0a9fe491e3d0,5.616088e-07,1
3230f15811de,3.8224786e-07,1
4796b456dd4e,6.1969007e-07,1
ee27572933e2,2.9987652e-07,1
c1159d930a78,5.3101144e-07,1
0a28175843e0,4.1879576e-07,1
701c47979430,1.6150545e-07,1
a4d31bb28335,3.9541888e-07,1
081bce2303ea,1.9153126e-07,1
b81750bb1992,2.1680336e-07,1
4ecbf17b73ef,3.5353716e-07,1
77ab9fc553a0,4.9165516e-07,1
1d5d85aced82,4.486958e-07,1
4528e45483fc,4.897236e-07,1
09b844bc8fb3,3.2827626e-07,1
0726e23e8bc1,3.115452e-07,1
339f7a009438,2.6012842e-07,1
bd374a45892e,4.985364e-07,1
348dae260077,6.119626e-07,1
d96b97a28773,5.975147e-07,1
4370a7413629,7.0093887e-07,1
3a799f1be60d,6.673873e-07,1
4007a6bb901a,6.077094e-07,1
6560477fca27,8.4316065e-07,1
787b76da74a4,8.658129e-07,1
f64c729b30f6,7.7598594e-07,1
d6a5bbd90d6f,8.307709e-07,1
4c238da202e5,4.2198081e-07,1
c5f63495bef6,3.281303e-07,1
2a1856c38937,6.372282e-07,1
a81587a9d46c,4.4014456e-07,1
bf63a1391ff8,9.4664915e-07,1
f1b51bd92458,9.4378987e-07,1
474d2716b496,9.377735e-07,1
78e213b35ea5,6.3279236e-07,1
c4cde40981a0,5.3476055e-07,1
76206da5f843,4.3244845e-07,1
bda400a322ab,2.6745917e-07,1
959d18e03c2f,7.7836467e-07,1
0365c3d7b112,5.815295e-07,1
fcdd41efb3b9,5.9191666e-07,1
1ca24c23b177,6.306858e-07,1
e3f706755127,7.7751e-07,1
7dd336634f30,4.963371e-07,1
628ec2066fdd,5.126901e-07,1
1272d9b7d583,5.225098e-07,1
678046b93033,1.770237e-06,1
4bc5bb24651b,2.3109621e-06,1
2caa429e45c8,2.0592213e-06,1
622844b8fcbf,1.5383256e-06,1
b2b9c30c4631,1.3876885e-06,1
af619d1ef1a2,1.0006082e-06,1
2ab680178514,7.567992e-07,1
b35d8bfec316,6.625474e-07,1
c9198f0a14df,5.785131e-07,1
20f11ca132b8,6.5366225e-07,1
229f5b5c687e,5.764759e-07,1
7feb0dc3b4e9,7.3261845e-07,1
a000b5b23aad,9.913705e-07,1
4d86917f2430,8.0775396e-07,1
20e4046ee6fe,7.4660574e-07,1
9ba99c5006f3,9.887505e-07,1
1d3a78dc580e,7.9916447e-07,1
9336a454ad6b,6.0873697e-07,1
953c510154f1,4.865312e-07,1
07db604dd5d2,4.5295883e-07,1
2868d7888903,4.3765033e-07,1
97a0b9e72fc8,3.0109078e-07,1
a1af77f37b32,2.8790416e-07,1
b046bd31ace6,2.6723532e-07,1
36bbbd3db533,4.6061982e-07,1
cdc7164b8e64,3.9142367e-07,1
c4a004ce881f,3.7947063e-07,1
6344467c1899,6.856259e-07,1
ce6069e48459,7.1370624e-07,1
b72faf2d9b8a,4.9972124e-07,1
ab23b7d1bf5b,5.045586e-07,1
d66331082a86,3.0086832e-07,1
fdf0733fe4f1,3.5677124e-07,1
d79dec954e67,3.4858664e-07,1
c262f5570aec,3.85209e-07,1
46ab0b210608,4.921066e-07,1
d050bcbc2fda,4.3286363e-07,1
5ac6619bbd41,4.4015803e-07,1
12b1ba88403b,5.7903355e-07,1
f32a5802b790,4.8959186e-07,1
35da30fd9880,4.441323e-07,1
5cec64ef7e0e,4.0525435e-07,1
9ec2ac742821,6.1089463e-07,1
4ffac61056bb,5.4792775e-07,1
e2ffad90bc52,5.590629e-07,1
a6ef4de739dd,5.513129e-07,1
b1b113dfe0f0,4.1214332e-07,1
566258cb0cd1,5.8137783e-07,1
750dc1b9f845,5.23469e-07,1
fc9c5878e459,6.822881e-07,1
f7d979acf59c,4.6999986e-07,1
92b336660336,4.2383542e-07,1
c08c2a3f070c,5.674045e-07,1
c4f5180cfd08,5.9149517e-07,1
cc1e7c90a9aa,6.135119e-07,1
28eaeda47ab0,4.6960182e-07,1
0ca587627cf3,3.719918e-07,1
e3f424379bff,4.826401e-07,1
7d9375177c05,5.0691307e-07,1
07a124f6c90c,5.6587726e-07,1
f34d7567060b,7.6050736e-07,1
e5858a9da644,6.1083927e-07,1
7aaae06b7e3a,6.4078773e-07,1
e7ed3da363dc,6.485922e-07,1
9c5a96a5e2c6,4.542807e-07,1
54edb877e00e,6.235899e-07,1
921a40bf8b24,5.4864984e-07,1
2b98d6db56df,3.9346003e-07,1
dc1330c8516e,6.720705e-07,1
2632890f594b,8.402784e-07,1
7d1c633f7987,9.708394e-07,1
70bee0f5951f,8.336772e-07,1
5a4d0fa0776e,8.245873e-07,1
21ec978a8c02,8.872542e-07,1
ef2ab5bd4b36,9.2053784e-07,1
50dd9e50b6e4,5.173516e-07,1
01f10441ee7b,9.635276e-07,1
df438e4856eb,4.4770303e-07,1
6de534ec1661,7.860193e-07,1
50bd9e03a7e5,6.534057e-07,1
d327cd6fd207,9.1370526e-07,1
b3a999f20b39,1.0445036e-06,1
66e2ff649d28,9.882805e-07,1
76181c9c1761,6.473961e-07,1
34006932c170,6.762107e-07,1
779b75eb7fa3,7.109942e-07,1
c992e68faac2,5.703446e-07,1
8fd2188d10f6,6.9561526e-07,1
c6e50fdcbdc4,6.466952e-07,1
e638d9c5e402,6.1174717e-07,1
5380a03ed7a5,7.393924e-07,1
aa426dc4e133,7.7919333e-07,1
e5f504a86115,4.3680294e-07,1
541f9bfd5f8c,1.265422e-07,1
6d8957dfd399,3.2515058e-07,1
ec8c4467c080,3.416533e-07,1
f7d57b151fe5,3.467985e-07,1
10f5b9302354,4.430376e-07,1
6f94e00e0ab2,6.0521444e-07,1
681179c9799e,7.887531e-07,1
8072596cbdbc,7.847516e-07,1
06bffd393af0,1.0482001e-06,1
98d9b399420a,7.3500763e-07,1
a9744984c8c2,5.5936164e-07,1
a8b862d40fcf,5.4599326e-07,1
1ba58314d6fc,2.8765754e-07,1
58f93ccdff86,5.228772e-07,1
4a84d2ae951d,2.3194302e-07,1
0fcadb254a9d,3.4566324e-07,1
c0b38a67949c,2.6089205e-07,1
a31ec95ad143,2.3796491e-07,1
b4c55a6a3f94,2.8575698e-07,1
00ab44690451,2.6286494e-07,1
bde889709204,4.710684e-07,1
3af6b6897870,4.9970197e-07,1
3edb988308b0,6.251655e-07,1
5ecdaa9dee1d,6.4321233e-07,1
0a9d44e3d009,7.681829e-07,1
31d7c0d90741,7.019013e-07,1
459d92f06ab3,6.868263e-07,1
bcaf420b7ce0,4.7525728e-07,1
4cae47c98839,4.950234e-07,1
3dc069534e8a,5.57618e-07,1
16e1381657a0,6.971889e-07,1
029eb1470c4a,9.067155e-07,1
d60ee9e5ebb7,1.0543126e-06,1
5d55b08b18d8,1.2956841e-06,1
07baaa1f8ca3,1.2863645e-06,1
0b8e7c9856fa,1.0573441e-06,1
b19901437a46,8.280873e-07,1
cb609b21af1e,6.0157356e-07,1
5fab7c11ab6c,7.473981e-07,1
f9503151c902,8.03782e-07,1
509867de4096,8.0571715e-07,1
5a57b2d798b7,6.178522e-07,1
752f399c38f1,2.333533e-07,1
777464724748,2.1861858e-07,1
058ca1d8e396,2.1612155e-07,1
2f5639aa2afa,1.597405e-07,1
6fbe8b8c1abb,3.5431208e-07,1
1dc08fe3127f,2.5926838e-07,1
b079a3a9194a,2.808661e-07,1
a15ca9219bf1,5.569742e-07,1
e64df36f8081,3.013933e-07,1
e5a0252b7be9,5.09004e-07,1
54adb7746d3a,5.258586e-07,1
a2c6ce6ab3d4,5.4906513e-07,1
21a339a7efad,5.49836e-07,1
b6700e8a1c30,6.2964693e-07,1
242bdfc51beb,5.451291e-07,1
b355239ab5e0,5.35225e-07,1
9520be9c90d6,7.40723e-07,1
34136cc04eba,6.4414166e-07,1
6721230e7df0,7.1671735e-07,1
f4bafec8e3ac,7.114568e-07,1
f29d5b511086,6.5779324e-07,1
0fbe637a695b,7.75096e-07,1
e55117c8d053,8.32135e-07,1
22d11347d7c1,7.6384043e-07,1
fef352e4b416,7.329046e-07,1
a872406a8e7e,6.8876625e-07,1
df1c15dca0bb,4.6769173e-07,1
dac2526c0ce3,6.303219e-07,1
f14ac6e92787,6.5190335e-07,1
75bd1be7e4a6,7.9267716e-07,1
7404efaf9d87,7.23036e-07,1
ec3513e8cffb,7.8466627e-07,1
10bfa62f73b6,6.554307e-07,1
da369ae618dc,6.2315263e-07,1
0817070d215f,6.198174e-07,1
49793d3f4dde,4.987884e-07,1
391f438f2093,1.0466905e-06,1
e45597dc28de,1.2460966e-06,1
f52720112774,9.728565e-07,1
0e3a9299a3c5,1.0785219e-06,1
6cb59b338271,4.1227588e-07,1
057069995601,2.0904132e-07,1
fdb7dfe53735,3.243177e-07,1
51f95e15dce3,2.6935325e-07,1
4c0b257c3e97,7.807334e-07,1
d4dc56732af8,1.762463e-06,1
9a3102fa5408,1.7638412e-06,1
39c56774dc4e,1.1693437e-06,1
7a4e705ccb50,1.2555275e-06,1
8c9d1567a509,9.2574913e-07,1
7c32757f2acb,6.670737e-07,1
aac08eda9478,7.9041234e-07,1
fd634d87f003,4.2945234e-07,1
d9027ff53eed,4.662618e-07,1
8974248505c2,5.531662e-07,1
2d73317539f7,8.8060705e-07,1
b7b06939fd3b,1.0645413e-06,1
42a9176c3ad4,1.0711442e-06,1
c732c8a7cf89,1.0140047e-06,1
2682db75edb0,7.289591e-07,1
5f5cbdf3844b,8.3285545e-07,1
4f2478f76a98,5.204232e-07,1
74d55136d625,4.555031e-07,1
1bffbf8511c9,4.913972e-07,1
85fe026b2b68,3.259058e-07,1
36ed434e0f74,3.6892882e-07,1
32647d6c4584,7.178188e-07,1
cbb4c3112cf2,6.9623877e-07,1
20d7b4f39ac0,8.360589e-07,1
b8a002ebcbd7,5.98206e-07,1
6d17781278a7,8.537723e-07,1
29830a56ca59,8.968435e-07,1
655fc6c9d634,8.668513e-07,1
77f02ffd681d,8.9059984e-07,1
3466f319cd4f,7.0487215e-07,1
b8fb92f22e34,5.123961e-07,1
a28781cee886,5.11283e-07,1
f62e5508dae5,4.4787578e-07,1
93468a95640f,3.0108103e-07,1
856f1ef46c29,4.3217665e-07,1
1859514688a8,4.4593577e-07,1
023fac2db4d5,3.8440098e-07,1
716ca5051e70,4.795575e-07,1
691e837b8fae,3.4795443e-07,1
d43049a1b092,3.190911e-07,1
f8ef3b01f310,3.6010528e-07,1
bfe378031b95,4.962921e-07,1
4867de30ea44,4.34255e-07,1
72e939d914ff,4.5281627e-07,1
fc3162ebf704,4.2301346e-07,1
7a836e49c8a5,3.3336005e-07,1
f9c3181d53ac,5.6584116e-07,1
3dfb2ab07eed,7.255388e-07,1
bfae3a4ed97b,7.633117e-07,1
de28f01df13e,7.6299585e-07,1
fe6fe02ad17b,6.846699e-07,1
73e1554a596a,3.6541604e-07,1
dae941b4ad46,3.8809026e-07,1
dd296f3ed1f2,4.310166e-07,1
4c3250f266c0,5.3739e-07,1
188d63419037,4.6996183e-07,1
810298c00539,7.9605053e-07,1
7c7b92052fc4,7.363849e-07,1
824fad7859f1,1.0256948e-06,1
f1c2ffab1390,9.779047e-07,1
7e3d37b468f1,1.0304491e-06,1
43a102aab58b,4.7100175e-07,1
fafbe08eb574,1.0057018e-06,1
e0d3221b429e,9.4061625e-07,1
d51585ab2388,9.3366117e-07,1
3a4783576fe4,8.146482e-07,1
c544f1ffbb57,5.791135e-07,1
2d745e58c904,6.189007e-07,1
89de3e2ce163,4.299148e-07,1
6db240b73c3d,7.146008e-07,1
85fc4f169543,7.5416096e-07,1
bafe25851464,9.537572e-07,1
768d79ef4c5b,8.326854e-07,1
52d44cba0cae,1.1816418e-06,1
b5deddebb88c,3.770248e-07,1
29e4a3094122,6.0274397e-07,1
9cc595f7e896,8.0392687e-07,1
dfcefd157334,6.426391e-07,1
9129a997a3cd,1.0150861e-06,1
37354479c4ca,8.4162957e-07,1
057f87caa676,8.581271e-07,1
0758121e81d3,9.870745e-07,1
c634e8c4f378,4.891576e-07,1
88f8ed090336,5.35836e-07,1
5169690e58fd,4.5795284e-07,1
0d9f4de5dc70,5.024035e-07,1
b985ce705dfd,5.436668e-07,1
872e9bbfacf6,8.290737e-07,1
5d6956aa3bfc,8.1534273e-07,1
02dd39004f4b,7.754986e-07,1
9884347534ca,7.1857374e-07,1
8c1adbe174f6,5.5116567e-07,1
8fee76cff0b2,4.2095513e-07,1
89f995c31c42,4.9022583e-07,1
ce158899fa80,4.3304433e-07,1
563cfab2ef30,4.335753e-07,1
f71065c4e4ac,6.300621e-07,1
69a8aaafbeb3,4.1908982e-07,1
13652b3b349c,7.7349955e-07,1
a594f045856e,8.3955797e-07,1
2037be1ec383,1.9933868e-06,1
10e87884ef92,2.391369e-06,1
cb1c448eae23,2.1296405e-06,1
0a74a9c83ebd,1.2850176e-06,1
19bf0fd4cf64,1.1942409e-06,1
632b9d8f5b6e,7.875188e-07,1
e1f9c312ddc5,6.3395305e-07,1
c77d03236cb5,6.528104e-07,1
880123419ad4,6.478278e-07,1
087db26d5a41,1.1048298e-06,1
5b09e5d3d930,1.07937e-06,1
d5bf1615a6ea,1.1180914e-06,1
fb782fe3ea4a,8.5416076e-07,1
cfe5804bbd33,3.8656077e-07,1
328f8240e3d7,4.976835e-07,1
553aad060035,4.967309e-07,1
34e0d940cbd8,5.5483406e-07,1
b71651fcefb2,1.1840284e-05,1
7412b7af5276,1.7351265e-05,1
28968e5e0d2b,1.823815e-05,1
d0797297d23e,1.9409716e-05,1
fea81604b7b3,3.6279173e-06,1
a6301b209f9b,3.6130823e-06,1
de6ac5846366,1.100875e-05,1
3fb4b5a7083e,1.01845335e-05,1
80dfe961452c,8.121237e-06,1
1933d8333ae5,3.1398472e-06,1
d6ec91aa7059,8.0084976e-07,1
ed0ce45e5f18,8.3799847e-07,1
5e7719b5cfe6,7.3059834e-07,1
dc141549577b,8.3934134e-07,1
c13240e8158b,6.219193e-07,1
7a83f2d3ef1e,4.788224e-07,1
3d692db27174,4.4421554e-07,1
cc8b81dae6ee,3.2448713e-07,1
f5b97af6282e,5.1286895e-07,1
d3a9889f85aa,4.0682895e-07,1
dcd72f168e42,5.1678336e-07,1
44eb8a67e6a5,8.6444146e-07,1
a895947679f6,6.524549e-07,1
7379be6f18af,7.03887e-07,1
91055f9cb5c3,9.893062e-07,1
91b75fb359b3,9.752407e-07,1
23f4cab37823,8.672638e-07,1
033cdc3211c4,9.201609e-07,1
f570fc0ae82b,8.2972304e-07,1
619e0e4ddfbe,3.901508e-07,1
c16f82e442b2,1.7343575e-07,1
e52b576bade3,2.614638e-07,1
3eb5842485ac,3.3192845e-07,1
7cc2ef4c0ce0,2.609242e-07,1
83b3f91b68a4,1.6514707e-07,1
374963321b2e,2.077193e-07,1
0c710cac9b03,2.9759417e-07,1
941dc071bb0b,5.1796684e-07,1
2043ac569917,4.7450646e-07,1
deb235d3664c,6.1370747e-07,1
5af7b9d96fb8,5.934982e-07,1
422d49e64949,6.3191425e-07,1
1eddf84618f0,6.9899966e-07,1
84ad278581e7,6.6990475e-07,1
5024c2cb70d0,7.447598e-07,1
9e0154e0ef65,7.735906e-07,1
4609f3d71bde,6.099883e-07,1
77b2e81dfc38,4.8790037e-07,1
47e3fa7200fc,5.069005e-07,1
02247f953113,4.3373825e-07,1
b50b48467e8e,3.4303926e-07,1
36dacc2c8935,5.7678983e-07,1
2f20bc27b968,5.219495e-07,1
3666d5fa55b4,4.979289e-07,1
80318177e24e,8.2570017e-07,1
a5e54f5a6001,8.715335e-07,1
7a03bd3cf9b3,8.5410466e-07,1
8bb827041499,7.000273e-07,1
e4fb7cf1eeeb,7.6744357e-07,1
b5568468ee21,7.361917e-07,1
6349655ec7c8,6.6188045e-07,1
24d1ead1366a,7.005076e-07,1
6f39e3bfc72c,9.97783e-07,1
bb46532d8811,1.1798003e-06,1
6e17065ce4d4,1.0501242e-06,1
706a21d31292,9.203971e-07,1
a19dd6ac4bad,4.396901e-07,1
0974fc49806c,6.533518e-07,1
368601bc7150,1.0043539e-06,1
ad60167d4b3f,7.697955e-07,1
40179b4928f7,1.0431245e-06,1
656b541c136b,9.3594184e-07,1
a70a02235390,7.2651585e-07,1
4a16abdbe022,8.109588e-07,1
8539c8d6ace7,1.0658266e-06,1
915f0047c056,5.3497894e-07,1
3767f4aba011,6.830943e-07,1
863fc724b1d0,4.013889e-07,1
fcf6b367286a,1.9904039e-07,1
bdd209d9c35c,3.183955e-07,1
98144b62582b,2.700494e-07,1
70967182b95c,7.1480474e-07,1
ffd39dd4d172,8.0783957e-07,1
515c3ace73d7,8.3719414e-07,1
565f448c5ecf,5.5543984e-07,1
50b8a03f71ed,5.1170133e-07,1
a7aae274b99d,9.032403e-07,1
3b89d15f5535,1.1908966e-06,1
0a1691ae4309,1.1563677e-06,1
d3679c7376fa,1.3021418e-06,1
ced133928367,1.2824738e-06,1
79fbd77d7185,9.938582e-07,1
e3baff573d5b,5.730956e-07,1
e9af964d8067,5.0407704e-07,1
3ab09d13db03,4.438994e-07,1
1eae225b1566,5.404465e-07,1
a5ba88d1fb7f,4.2786914e-07,1
d178937e1f1f,3.6564458e-07,1
cb8e7dfe1f4b,5.286767e-07,1
db35993b2026,6.04916e-07,1
95c4a91146c9,7.626172e-07,1
70eb14f69f72,7.555347e-07,1
cba9413df7d1,8.694885e-07,1
4b8ea0f1dbdd,1.227456e-06,1
a6ac18f94aa5,8.368374e-07,1
7ae0717f34d9,1.1779846e-06,1
266ee637abe8,1.1171921e-06,1
d9c3622515e1,5.44824e-07,1
ddc7cd1eb78f,4.4054386e-07,1
985473f2a60d,3.764685e-07,1
1ecd83e9bc2e,7.840671e-07,1
ec59137a2ed5,1.1534241e-06,1
f4a09daf6633,1.1721098e-06,1
15f9568a6d93,1.4942543e-06,1
2e81dfadab58,7.3024773e-07,1
a9b1f0f40dd4,7.0702816e-07,1
36afd001bcd4,0.0013645631,1
d3476c48998e,0.0013768749,1
6ea21d40aa42,0.0013751572,1
2218366d66b8,0.0013717943,1
2863a3087777,0.0013724249,1
b790b3755950,1.2535529e-05,1
f09962b87257,5.6761246e-07,1
66f81b0a1831,7.0723576e-07,1
7f6566958c06,6.4481276e-07,1
5c367144e35d,3.1287945e-07,1
c9b5023d6136,1.852332e-07,1
afe41994fd4b,3.8068592e-07,1
27dbb6c329ba,5.0927946e-07,1
7d52b8a9dc35,5.212017e-07,1
0ead4d4fa9a5,3.0301618e-07,1
d55ce11f2dca,4.1717183e-07,1
2a3ce0147d79,3.2082224e-07,1
7da7185d587d,5.038848e-07,1
840a06f125d0,3.3503892e-07,1
093f662c6df8,3.334975e-07,1
62e4699c7867,3.7035227e-07,1
3d496e70de9c,6.369529e-07,1
c9295bcb67ed,7.196791e-07,1
e23758a5a301,5.9121317e-07,1
2da3641f69ee,3.8350382e-07,1
871f3e1d1750,5.592677e-07,1
f91ac47c5338,3.957685e-07,1
0bb27a5341af,4.2197786e-07,1
73b38ddb4800,4.622639e-07,1
163c81c88676,3.8466385e-07,1
a6c20965eb55,4.740455e-07,1
88af7225e800,5.0198133e-07,1
2696071816cd,4.910766e-07,1
b24fddbc43f0,4.682308e-07,1
f59dda87b5a9,3.760502e-07,1
489e4874bd00,2.4874393e-07,1
6ac4ce036ce9,2.4157103e-07,1
4366f082c299,2.6573028e-07,1
defc724f9a5b,3.820984e-07,1
768d916e5cb7,4.1550027e-07,1
310bc8de880a,3.7451588e-07,1
fb2ae6b6b26b,4.972761e-07,1
f4402b34ffc4,5.708983e-07,1
b679fa219a64,6.416827e-07,1
d43b9c65138a,5.287416e-07,1
427e4e7f72fd,5.136859e-07,1
2c764c4c39e3,5.124091e-07,1
c7cd2c8f2817,5.1398723e-07,1
f250d6c8b460,3.7060747e-07,1
576ca614540f,5.763331e-07,1
3bb394e74de3,4.0990062e-07,1
1b39b34a4039,4.7272175e-07,1
dde686c33f72,4.680762e-07,1
49c2be2cf713,6.6403487e-07,1
68c03c2a2fac,5.9491674e-07,1
413080a81a4e,5.688547e-07,1
30815f314e2c,7.142089e-07,1
85da9e4f150e,5.396613e-07,1
42e823e36867,3.9195933e-07,1
1f3b8088f746,4.8776144e-07,1
b3a869b0e050,1.316097e-06,1
e323be34bf86,1.6486979e-06,1
1e15b2d48bdb,1.416221e-06,1
e16d0c4cc776,1.1555295e-06,1
15c1e541b7b3,8.938928e-07,1
bd0d0284b27b,7.6721597e-07,1
d8661b3d3acd,5.0876207e-07,1
a8b507c809b6,3.813669e-07,1
087fc5a61ea5,2.9302237e-07,1
f43a6176b4be,5.9832433e-07,1
8a8e721ee4d8,5.5098e-07,1
8bd9edf7e009,7.339969e-07,1
5a23c08bd81e,7.598977e-07,1
dea0c6120dac,6.658828e-07,1
11f2f3eb6b8b,7.030498e-07,1
0b94340bfb0b,5.393008e-07,1
6e32582b83fb,2.4046e-07,1
fb6810d362fd,4.2601448e-07,1
430519e3ffaa,4.1929738e-07,1
798a0bd8fde6,6.369399e-07,1
7c5e320812fa,5.506784e-07,1
c2c96beb3309,9.2218414e-07,1
d707e2daac46,9.2297455e-07,1
cbfc0a52dc05,7.1170876e-07,1
e89132f22705,5.9878977e-07,1
d2726d765d37,6.590089e-07,1
f1bfb056222a,5.7180586e-07,1
c3090cedb2b6,4.8213025e-07,1
cf1194d5519f,4.1098127e-07,1
c2a79919684d,7.4042214e-07,1
d4e73dfb166b,7.320434e-07,1
61130d507e47,7.2228477e-07,1
eb52af12ac28,6.2061173e-07,1
885df94dfe27,7.3285435e-07,1
b91e542275fc,7.721679e-07,1
1e637453d254,7.713336e-07,1
311e63059fa4,6.308445e-07,1
6f207b941821,7.043341e-07,1
e5a706769de3,9.409869e-07,1
45d08a4648cf,1.0346046e-06,1
1cde8c1b5a2e,7.301065e-07,1
7a5261bce3fc,5.601712e-07,1
3ab73c495340,3.5382647e-07,1
4a20e225e72a,5.3154963e-07,1
a6ac3a6e6b42,5.5913375e-07,1
406badb68c4f,4.233267e-07,1
8ab8f0064bbf,5.1249435e-07,1
0777efe1e804,6.105953e-07,1
5edb2a7d43af,6.46045e-07,1
51675e8d6444,7.445287e-07,1
c394a56c7bfc,6.712973e-07,1
47c1c839e720,4.744008e-07,1
98c5b44e8754,4.277907e-07,1
e0b1b8bc7c38,5.63153e-07,1
5dbd96dc3903,2.8916492e-07,1
597757f57d6f,2.1720744e-07,1
4803089606a5,2.1086747e-07,1
b9ec0364abcd,5.0408715e-07,1
5cb3c64f8fb0,4.5056373e-07,1
e3f53a1636d2,7.925141e-07,1
3b990735058a,8.2095863e-07,1
d738f3cd6d4a,7.1439615e-07,1
2edf22aa8f80,7.924118e-07,1
9b72c3613c0c,5.9955005e-07,1
ebcabd289089,7.198728e-07,1
8b56442a7db1,8.072076e-07,1
470c186e4059,6.052381e-07,1
4c47f1a77ac2,3.6189715e-07,1
8a0f48a91791,3.9956362e-07,1
5563aba07b00,7.6277234e-07,1
f1d4f08e2390,5.236962e-07,1
3581639ca347,5.714445e-07,1
d6f8e7532237,6.4419805e-07,1
fb69dc890ab0,7.600668e-07,1
8b6c62f4dabe,5.8207365e-07,1
033285ea57be,8.3271107e-07,1
fbacfac6b71d,8.1348634e-07,1
827d02fe33f7,4.892859e-07,1
7284ac6051ef,7.505061e-07,1
293421b117d3,1.0066334e-06,1
abfc62b819c8,1.087666e-06,1
db5ce3fb7176,6.7974815e-07,1
4a82be9e0e27,6.11123e-07,1
2ecf29a952ac,6.295509e-07,1
b18c53ac40b7,4.719613e-07,1
ae52f7d00379,4.734497e-07,1
f5cf57fdc3ec,2.0445248e-06,1
f77c13c29c0b,2.0708237e-06,1
8ca4cdb2707e,1.8674972e-06,1
ce163fd18205,1.4682977e-06,1
b234ceba0411,1.3120904e-06,1
edd104a8d1eb,8.937626e-07,1
2c0b7aae0213,3.6923697e-07,1
993eedb8156d,7.501242e-07,1
eb91371553c3,9.860975e-07,1
91155b20a5e0,9.529919e-07,1
aeeaae118aac,9.747238e-07,1
c671829c0271,9.14051e-07,1
b3d032f4ab53,9.0211535e-07,1
f212310af88b,5.390147e-07,1
1d9186293a6c,9.2235524e-07,1
08af1e524875,5.507242e-07,1
ecfa0c89a6f5,5.5441143e-07,1
87f578bb1bbe,4.7131255e-07,1
c14dcc5f0911,6.023854e-07,1
0c44ecbaad18,5.608279e-07,1
6166ba954dc8,5.9078513e-07,1
935e31fed171,6.7424e-07,1
c8c184aef1a4,8.429348e-07,1
35257f676382,6.5220473e-07,1
46119aebec82,7.4354807e-07,1
3a2c281cf4f0,3.7394142e-07,1
114bd83977ac,4.5525636e-07,1
6e3968b64ba2,6.9776604e-07,1
2e0e130a6251,7.7864644e-07,1
1bb9fe81bcb4,6.5275907e-07,1
c53909855839,4.5119842e-07,1
a12b34f0cff7,5.9574865e-07,1
9bd35e16ef92,2.6567878e-07,1
a10e282dd5ed,7.572511e-07,1
159a53c14f63,5.011199e-07,1
3f931c4d8e79,4.0928998e-07,1
735425772ed1,2.8774303e-07,1
d963735c764c,1.0531793e-07,1
6bc178311f92,1.6192975e-07,1
55d99ed15eae,1.6243719e-07,1
5f43f56dad89,3.116116e-07,1
4407db4ae3a5,4.757179e-07,1
8583e36f2aa8,4.6850633e-07,1
9610af593a99,3.3576984e-07,1
c423a1417902,6.9852666e-07,1
31aa21edf68d,3.4131185e-07,1
a9e0c064567f,3.493622e-07,1
88424c7f5454,7.1990263e-07,1
867b5c944f3d,6.5137857e-07,1
2cdda14346e7,7.336815e-07,1
58cc9a3768e0,8.7130223e-07,1
79990818cdde,4.5282152e-07,1
4eb1e7b189d5,4.2218042e-07,1
ddf44423df62,3.6016633e-07,1
17c31ceff019,3.7598048e-07,1
d833235aa840,3.786469e-07,1
dd15b08d2c5d,3.8852525e-07,1
7b0732ab6117,4.895909e-07,1
abf5727e7ccf,4.5817453e-07,1
f0400e6e0ddf,5.861479e-07,1
21939446172b,6.1178105e-07,1
ddd7ac18894b,7.291199e-07,1
6df2170c0bb4,5.4512725e-07,1
4c360dcd9aad,8.8897724e-07,1
ff7ad85ee92c,5.5660666e-07,1
19870bde4bae,5.758769e-07,1
01f8b22f0d9a,3.6474364e-07,1
8cfe7c2e6da7,3.9866745e-07,1
8e879d4760ec,5.9666127e-07,1
bb5cf65439a8,8.962514e-07,1
0e222ddb50e4,1.1718504e-06,1
c737a58e8d05,1.1753942e-06,1
0f11587d9cc1,8.95807e-07,1
00e8b56e6689,1.0479625e-06,1
0217c54a9e6c,5.551911e-07,1
125966f66068,4.028831e-07,1
e6eabd62a636,6.829504e-07,1
03ba698f1649,1.5372899e-06,1
21d53521f631,1.45205e-06,1
e99257583ddc,1.1730522e-06,1
965b6382d864,1.2200884e-06,1
5204ea94d7e8,1.1076361e-06,1
b12d3f62786b,9.257427e-07,1
d034654cd8ee,6.686271e-07,1
f63749b0111b,5.639987e-07,1
4022d77fe40f,3.2814913e-07,1
0413e1b4bd9f,1.9038106e-07,1
8f12d4a7a82b,4.3342692e-07,1
1394768f11a3,7.3977714e-07,1
bb4f47254c5b,6.029482e-07,1
1a6d4a3ca774,7.240158e-07,1
f096b6abba15,4.508505e-07,1
e80ef1a33933,4.5827298e-07,1
9bf445e5a9b4,4.5489304e-07,1
5b0f7ba40ba5,3.247102e-07,1
78216e35739f,3.15096e-07,1
8d2d03260e7c,1.5665688e-07,1
a984c0ae581f,2.080462e-07,1
0b62c50b2a8f,1.4342216e-07,1
d064b2851460,1.3855228e-07,1
c8b895aeab75,3.2984863e-07,1
aeddbadc557c,1.7845952e-07,1
943fd81db48f,2.5474833e-07,1
233518c9d482,1.8095936e-07,1
54239b5c92ce,2.6531157e-07,1
d117df5e2ba7,2.7582487e-07,1
2e3395f57f28,5.204133e-07,1
bccc4aea04b9,4.6654463e-07,1
88317116dbfa,3.0629644e-07,1
841f05188627,3.5255331e-07,1
d8d88a8a6f45,3.815912e-07,1
9ac99a69f7db,5.8142876e-07,1
0dcca02b2537,5.3723375e-07,1
11b82004fadf,9.0466034e-07,1
00e9539ee5d5,9.92952e-07,1
9c14cb0d679a,9.827479e-07,1
8145d1bcfa1d,8.157582e-07,1
b4946917e0ea,6.8187654e-07,1
00a3e39e1d1d,7.7963114e-07,1
dca0f6f8c0d4,7.499172e-07,1
9036e2a90c72,7.493345e-07,1
fdc64f29dd02,8.1302477e-07,1
79f705942b76,4.973892e-07,1
63cf77f81a75,4.817651e-07,1
1d12a8832a11,4.383578e-07,1
aca6e0ab9255,9.675853e-07,1
5ad5599f4876,6.898175e-07,1
82bd312c52ea,7.6121904e-07,1
754b96e1ffeb,8.2427744e-07,1
e0939635449e,9.4218217e-07,1
cb9ad4e1f91b,5.6983805e-07,1
9ef7e246dc4b,1.0240125e-06,1
adffe1e4a869,5.739111e-07,1
4d5dde7ac783,6.8063395e-07,1
60a375539ca6,6.162885e-07,1
e7dd2d5fa84e,6.0606993e-07,1
d88ddeff5453,4.405813e-07,1
7f9f54b51baf,3.8708322e-07,1
8f06114a7f36,4.0570953e-07,1
9fcd99628b0a,4.1539923e-07,1
f35494c99a53,3.414015e-07,1
1ee945001cc0,5.2493783e-07,1
81573b1f50c3,5.223353e-07,1
31eb5065ff8a,6.096581e-07,1
dc3bf7358e83,6.2849864e-07,1
2b47a66cc4b2,5.5962414e-07,1
ed92eac2872d,5.100487e-07,1
9b37b8fce65f,3.4295664e-07,1
48687e8f755b,1.6989834e-07,1
9d916fc09bfc,6.8817394e-07,1
a810f2dfeb96,6.0969944e-07,1
fd06c0abe53c,5.5758227e-07,1
7b6014d73c18,6.0722147e-07,1
3b980dc58c45,4.4272676e-07,1
24de20522c17,5.210045e-07,1
13e0aa5cdde1,5.176074e-07,1
1f0c6a5d44d1,1.4019994e-06,1
63c15fc1e036,1.56807e-06,1
45fb086b046e,1.5288961e-06,1
16e9483ec456,1.3329818e-06,1
7bf00455a48a,1.436058e-06,1
a041ccab92df,1.2383824e-06,1
5432bad79f16,1.1180053e-06,1
3258088cff1d,8.446139e-07,1
155d6d64c692,7.4089024e-07,1
564c4b1ef5c6,6.378641e-07,1
289842d210f9,9.734232e-07,1
11737f561e1b,9.786406e-07,1
be4b54e38978,9.697558e-07,1
59c4aa50c169,5.827688e-06,1
b1d27c2f4f59,5.4248703e-06,1
dc493b6dc4b0,5.6496533e-06,1
80d266a9852e,5.17878e-06,1
aabfdfe9a4af,5.260082e-06,1
b475eb4d0cd2,6.723792e-07,1
b9901b3ecadb,8.3790746e-07,1
f9fd112c37b1,9.1042403e-07,1
e94839562fac,9.707521e-07,1
bd2623392871,6.5764357e-07,1
8081c08447a2,5.6660804e-07,1
3cb0f512207b,4.782911e-07,1
c81a025f5a69,3.3172364e-07,1
4c5945f0ceff,3.185088e-07,1
224fbea3b1b7,4.3182092e-07,1
978e14732787,5.758102e-07,1
01ecb5020be1,5.203134e-07,1
d03980117b01,3.8487178e-07,1
f03488f80193,5.0947995e-07,1
4c14baaf5964,6.253079e-07,1
05ec2fd0bc27,4.1793595e-07,1
30cee901173e,4.4087656e-07,1
3b55a175d1a4,3.7559457e-07,1
1ed0c8ceed89,8.2049223e-07,1
65f8ec3cb4e2,5.3809663e-07,1
72beda45d5a3,6.2254605e-07,1
cfb40e2e59d8,5.967958e-07,1
ed5326fae3f7,4.2758057e-07,1
6fce0f1132cf,3.5018135e-07,1
8f1a004bdf1b,5.096351e-07,1
b07da92a2c6e,4.1876504e-07,1
f6efe098040e,3.5904966e-07,1
7bb54eecdcef,8.04439e-07,1
a8d25a68cd53,4.9840173e-07,1
1aec6035b68a,1.089506e-06,1
13a8f5e18a03,1.177121e-06,1
f339b2b67152,1.0339226e-06,1
f029bdff7fe1,8.901438e-07,1
c4c31a747293,1.0076255e-06,1
e4023e9b1892,8.827735e-07,1
3fec8f9e23df,8.844304e-07,1
1f88d28eae2e,1.2073734e-06,1
c680c986f14f,6.798753e-07,1
b0000c2957b8,3.8768243e-07,1
38a4a9a7ef00,4.2960957e-07,1
5ec37482e4dc,6.115449e-07,1
201fb0b6516e,5.8715847e-07,1
b73a620f5376,6.887937e-07,1
b2f51e2f6105,4.98997e-07,1
7b5b928a3ae4,9.951376e-07,1
178c0180a2f0,7.784826e-07,1
66a2c29b8be0,7.0788235e-07,1
6cbf25573b39,4.5387407e-07,1
df77dff6fb25,3.923957e-07,1
b70e8d56c8a4,3.710371e-07,1
9a4747827bac,4.6358946e-07,1
e2cd2ccaf9f4,3.4576604e-07,1
8b13308541b3,2.9637582e-07,1
f97d9860d7ea,2.944507e-07,1
6215da2a3d8a,3.6274062e-07,1
909cc4780f9a,5.870771e-07,1
ba111f5c9435,5.683221e-07,1
d919c699ec17,6.0533307e-07,1
a4c6fc232e79,7.73288e-07,1
7457ebf86739,8.617292e-07,1
20db6915251e,6.1970104e-07,1
99187a8f5117,1.2789098e-06,1
38e8da2a3e4a,1.1294289e-06,1
b2e6e477e498,1.3573829e-06,1
ca55bf0fbeac,1.2857246e-06,1
de74adc5793a,1.5278248e-06,1
63c6b34a683c,1.3267787e-06,1
aacb31a2b2e2,8.3386914e-07,1
9f929b8ce709,6.2789326e-07,1
07aa55cd090c,4.6717034e-07,1
98e63df86918,5.145316e-07,1
3bec79e204d2,5.4261045e-07,1
b47b5de6fd30,8.4294703e-07,1
3a273f79d522,5.4916904e-07,1
9d5bfef53982,7.2780404e-07,1
01a3254dafe2,6.565833e-07,1
f3e0e4bc8981,3.8221305e-07,1
0598da8736d4,5.116843e-07,1
f98f3cd4e82a,5.7587334e-07,1
4ab8de252d53,3.686086e-07,1
8d59be06d363,5.946405e-07,1
c3f1945a216a,6.139649e-07,1
4b59b2023ce3,7.930353e-07,1
1fee29ad4f7a,9.2931106e-07,1
969eb81c3938,8.585072e-07,1
22bfcdd9ed4b,9.07556e-07,1
f05a059fc674,2.854939e-07,1
ce493b970067,2.5113275e-07,1
1d5a32187026,3.958073e-07,1
704dc6d2abd2,4.387056e-07,1
590b8d07950d,5.44237e-07,1
c9dc68fbc342,6.458912e-07,1
5e7158e2b245,4.5030342e-07,1
4383f12de92b,3.7016665e-07,1
ad90cbe9ae91,4.257295e-07,1
797019077909,2.4761485e-07,1
76e362b2e06d,2.8090375e-07,1
59a73cd21c54,6.263129e-07,1
801da428e3df,2.0031044e-07,1
34a77c50e3e3,4.290376e-07,1
53e0c49d31da,3.3778932e-07,1
d10469e31744,2.137094e-07,1
85defad337de,3.9961466e-07,1
8df813f75e79,3.7150758e-07,1
6e6b2dc8121b,3.9947454e-07,1
658e2a269b06,4.0655704e-07,1
bad778feff6a,3.887152e-07,1
aa74010a6891,5.673219e-07,1
9603bfa531c5,8.187225e-07,1
78141cab8f04,6.653632e-07,1
c5394c9f2888,4.789399e-07,1
822fe10a7cc9,4.057345e-07,1
27467849866e,5.7200776e-07,1
6a9e36f89b73,5.4483417e-07,1
ce84eca89490,5.4691014e-07,1
868f030cdb9d,5.3986673e-07,1
71da146c1dad,6.4703687e-07,1
e49ecae7fecb,4.836001e-07,1
a626300fb6e4,7.808182e-07,1
2c7dea1a1f00,3.5129497e-07,1
162726948982,5.8359706e-07,1
8d5d12b3de40,4.87466e-07,1
ed1988fd1010,4.4093514e-07,1
d7ea4b2699fb,5.9210413e-07,1
bc372745b785,5.8067394e-07,1
58a16f7db6cf,7.752959e-07,1
baf7add0f74b,5.2094487e-07,1
8d0d0ba4f224,5.0981765e-07,1
b5c00f758709,4.251519e-07,1
2cad4ffa21a8,8.1533676e-07,1
39e03d386b6e,8.565476e-07,1
6a775a16ace0,6.496091e-07,1
874b880cf287,6.836338e-07,1
4ccbf8ef5f7d,4.258047e-07,1
b03f00268b47,3.6375454e-07,1
3fa5dd2a98c1,2.8110702e-07,1
22dd0959a52f,3.100759e-07,1
d170081922d0,2.9137314e-07,1
3017b75b0669,3.8928982e-07,1
6be4f11111e8,3.6260778e-07,1
ac80a6a5f6af,3.382295e-07,1
020a30d22223,2.5136043e-07,1
ca8c50a2afd6,4.937482e-07,1
a40d0f2d4f48,6.714266e-07,1
977517cf2942,7.2842244e-07,1
3afb6d8bf100,6.697328e-07,1
6b4c1b42b7e8,6.3114834e-07,1
ea147cecbfab,4.4464215e-07,1
fcdd21204a70,5.2187437e-07,1
791c36cc43ca,6.0464924e-07,1
2bb4d714d568,5.21573e-07,1
25ecc62f70d4,4.2538332e-07,1
c3bce8320374,9.885064e-07,1
7d31f9e939b8,1.1569336e-06,1
1186b42c5d98,1.1077532e-06,1
0bc6e161648b,8.372461e-07,1
88242176db90,9.1764446e-07,1
fc75240d0d82,6.8695607e-07,1
b33287acd005,5.20681e-07,1
905d80015d63,4.093099e-07,1
d3c742f89fc9,4.6835967e-07,1
c2cd7dc2b733,6.362764e-07,1
e99833da4b40,7.822947e-07,1
aa5f61ad6dd9,6.1243816e-07,1
392b6d902efb,5.3672636e-07,1
c0b3173c592e,6.359566e-07,1
35125b4c0141,4.4168718e-07,1
9f9d744fe8b2,6.376269e-07,1
3f2c36e9ec57,7.4282366e-07,1
353361758da1,1.1356967e-06,1
10be41b4ceab,1.0541801e-06,1
4f16fb4213cf,9.0855815e-07,1
e8e88c27c929,9.006849e-07,1
f4d5b833f86a,6.3320437e-07,1
4cdeba25a61d,4.048828e-07,1
2aed3c079364,3.6525103e-07,1
40a5cade5ed8,1.0211992e-06,1
73f43c2c4795,7.8715016e-07,1
7bf0ff67aefa,1.0783518e-06,1
0fd79faac101,9.097494e-07,1
35f3bbe439ca,8.682082e-07,1
8e175ae77dae,7.393267e-07,1
c4d5f37c60a7,4.571154e-07,1
fe943836091b,5.5416564e-07,1
19eb53cce392,7.905529e-07,1
22ac77e3a94b,5.003427e-07,1
954114dfd743,3.9685773e-07,1
ccc86efa25ea,8.8662574e-07,1
e068edf01665,9.1978785e-07,1
d45f6128e0ba,6.5153966e-07,1
d62d15a08d2d,7.356239e-07,1
6f650231c66a,5.869006e-07,1
44235d5e2750,4.9363877e-07,1
295528023708,3.886509e-07,1
3d1ef515eb0a,8.72985e-07,1
c2e4fcf0f7da,5.3520546e-07,1
36c4d7d3233f,5.939221e-07,1
ac2311fae593,3.615724e-07,1
05d1104829ab,2.104652e-07,1
7cb355618ac1,3.8323762e-07,1
0fa785fabe34,2.8083872e-07,1
54376565f6e3,3.927672e-07,1
541dba87c12e,5.8522767e-07,1
2080d0526ed7,6.702562e-07,1
1f7582a2ea97,5.494914e-07,1
2d49078c2944,5.502838e-07,1
9d32f705b24e,5.554453e-07,1
802b168ce48a,5.818524e-07,1
495b31f66225,6.793563e-07,1
acf72d6e0ebb,5.6801287e-07,1
98485ad6125e,4.4252715e-07,1
c829586a612b,8.029824e-07,1
af6117d2ad2a,6.958627e-07,1
df9aa3347c80,9.149447e-07,1
17970981f747,9.588499e-07,1
231e27294534,4.66059e-07,1
0e22eb9de410,6.08455e-07,1
2e7a88baf396,4.1419844e-07,1
c62c3fc69784,5.3118833e-07,1
78694e080170,5.954189e-07,1
8e05751f72dd,3.4540287e-07,1
8e5076ee6f7c,6.047901e-07,1
1c781b550acf,3.2134045e-07,1
87327680ebfb,4.3951653e-07,1
f8ed3a7fc0ea,5.0417583e-07,1
76c9990f24e7,8.540315e-07,1
5696f8322558,8.3523133e-07,1
ae1a1bc6c4cf,9.1756397e-07,1
7faa54dd0dad,7.4094993e-07,1
e9089f8bc7da,3.738323e-07,1
eacdc6526b59,5.5059104e-07,1
f350230fd3d5,4.8742817e-07,1
79d7d44c263a,6.778507e-07,1
8a0e8327b3d6,6.424205e-07,1
b1d2724165e5,4.178704e-07,1
7df5783fc063,3.8388907e-07,1
91004165decf,4.1744568e-07,1
1f5001ae86c9,6.91135e-07,1
fd1dbef26c44,1.2197659e-06,1
841728c0ceff,1.1469234e-06,1
14b89e93dc91,1.0658729e-06,1
95eab1b235dd,8.7528656e-07,1
a01f994d28ff,7.4313886e-07,1
69cb893f0683,4.786951e-07,1
3e3ae089b3e1,4.7153597e-07,1
ff0fb4da667a,6.048792e-07,1
8d0b73e21d66,5.767091e-07,1
7d5deadfc466,1.5766958e-06,1
648a08964984,1.8756909e-06,1
93f6a9ac26d0,1.5212046e-06,1
c774bce1af9b,1.6522271e-06,1
4244306f36b3,1.3929813e-06,1
524cbbba312d,9.811367e-07,1
7f3ef2d0b79d,9.793979e-07,1
1ad1fe41d684,6.8464834e-07,1
66008459481a,3.5522942e-07,1
5b8e77a34a77,3.874104e-07,1
8c5600b8ed15,3.947551e-07,1
87c1037d80f6,3.9920033e-07,1
879f0211c102,4.8452097e-07,1
aa3da358be32,5.2629457e-07,1
ea205585b7a3,7.151287e-07,1
345a329712d0,8.409868e-07,1
f6f938f3b2a0,9.5037745e-07,1
aebe6030c8d1,8.1149375e-07,1
9521c8fc5feb,6.878774e-07,1
8e4a399d9e93,8.953938e-07,1
40b41f1c6fb1,5.5865337e-07,1
e3de71dd4036,7.531128e-07,1
9734e85893cb,5.7718626e-07,1
292f5dc9d400,1.5215267e-07,1
eeab81086d6c,3.882132e-07,1
dc1fd6cb905d,6.610707e-07,1
ab72796144c2,6.393529e-07,1
a868b567024e,6.1504727e-07,1
d0c2aa94a34b,4.6223843e-07,1
936f119952ac,5.413485e-07,1
b22bb5f18538,7.047634e-07,1
6877a79cb062,5.4906815e-07,1
7a68f975bf5e,9.429221e-07,1
e7ce5e13733e,9.552476e-07,1
2ad27ff9cfd1,7.439513e-07,1
8119f5029f48,6.2503716e-07,1
600a60c10316,3.7181783e-07,1
70919ff927f1,2.2314313e-07,1
46ffc95aa215,2.1914312e-07,1
f6d23661cfc8,4.1768425e-07,1
d8b0b43c75fe,6.1704117e-07,1
43f2e1e9750b,5.643763e-07,1
0fb983b10bf7,9.886195e-07,1
d08fbc8d5694,5.2668406e-07,1
b0bf91c211c6,5.0797337e-07,1
ce6db8884cb1,6.0109085e-07,1
c80bdc974486,4.8346527e-07,1
f93e0fb7bc33,4.5993585e-07,1
318f0cf3c993,4.840458e-07,1
461cf5897131,6.617948e-07,1
866ab86b645e,5.780403e-07,1
da88d467f2eb,4.494895e-07,1
1ccb1c588489,4.954418e-07,1
e826ff65d222,4.2883212e-07,1
d0abb82b11df,3.484533e-07,1
3e28d681e07e,5.238117e-07,1
b50ecbc36d00,3.7154047e-07,1
01db24b3ba12,3.0249527e-07,1
54b9d3da2ad4,1.4252506e-05,1
a70dfdc0c23e,0.001281084,1
fdf1fdb28d2f,0.0012796342,1
2424f7383c66,0.0012784258,1
28c23d66a6b2,0.0012763407,1
c65f173e1560,0.0012656718,1
4adbb005ccb5,4.255701e-07,1
257437dbd463,3.014489e-07,1
c195fddfff87,5.068152e-07,1
7978f3644632,5.51397e-07,1
26a2e3ec46d0,5.7480264e-07,1
fd25a66ba089,5.541781e-07,1
ef000f32f79a,3.366302e-07,1
f4a5554fb4aa,5.796395e-07,1
cc8aca6f5759,5.5595535e-07,1
4ef0a7cd67ec,7.683335e-07,1
67cebb8db868,7.8498675e-07,1
613544580204,1.0228802e-06,1
b8b55eff1dfb,7.6194345e-07,1
7edca7f47b57,6.8322083e-07,1
57ee2ea694c7,5.3474156e-07,1
ab6ca177f463,3.023981e-07,1
045f403c3950,3.4979536e-07,1
8c23f4accd8b,2.1804196e-07,1
121ac1a78205,1.7094878e-07,1
a4efe4aa1e3d,4.850701e-07,1
454e0c5c691c,4.0663267e-07,1
8ec234250a4b,5.0657377e-07,1
34cc86959025,5.765454e-07,1
789a5ba34908,4.1908677e-07,1
f8d116e835b5,3.5381336e-07,1
09058f542c71,6.450813e-07,1
00c41bbfffcd,6.4484027e-07,1
30426bb56219,1.1114538e-06,1
7e29beed72e7,8.154711e-07,1
830645ae377e,1.3496855e-06,1
5f6288b9c87f,1.1765678e-06,1
c6ef824f0fb6,1.1959785e-06,1
2e48a7e48163,8.8579037e-07,1
11ba0451b807,6.8081897e-07,1
4409ff30ea6d,8.90313e-07,1
91727fae96d5,9.086119e-07,1
df7d7cc5ef10,8.0168616e-07,1
dab8086bdf6d,1.0949543e-06,1
d4681cdf2ba7,1.3899241e-06,1
b03ee4d01a02,1.3761338e-06,1
e9257a3a4259,1.1210914e-06,1
e46608e571d6,1.138177e-06,1
eb4ae6acdc46,7.363401e-07,1
0264c8eba003,5.919368e-07,1
1073ee4b0779,6.3607524e-07,1
b7d7471065fe,4.8362347e-07,1
09763dd7742f,5.117186e-07,1
63c28f6bf920,2.9209176e-07,1
5892839d3ad0,5.553498e-07,1
d5ecf5b3cb12,5.886405e-07,1
be06ca18e0da,6.811281e-07,1
4237daaf1799,1.1370586e-06,1
2ab067e20c67,9.553801e-07,1
af082980b16b,1.0726595e-06,1
4a05ae67c9be,8.7255563e-07,1
279cd1dbb50f,5.675282e-07,1
8a7a19f85f29,5.6008645e-07,1
efa5935154e6,3.7161294e-07,1
28424d8162f4,3.6251035e-07,1
02cc02cf13f1,4.7145488e-07,1
1f9de5323c64,4.087973e-07,1
e75f4fdeec96,5.5591147e-07,1
f89a4e480d70,4.952198e-07,1
3e5695d7d83f,6.4483197e-07,1
93ef95344551,5.52224e-07,1
20bbb942e318,8.4600015e-07,1
c7c3a07730a6,9.947296e-07,1
7c2a2f8198d0,6.027595e-07,1
deb0d5da0dda,6.374559e-07,1
c9715ef2e5f9,2.9071967e-07,1
05dbd41ef4b2,1.9802505e-07,1
b4f8b1557058,1.7135464e-07,1
e00799700c5d,1.9397676e-07,1
a69a68a20e59,2.3290656e-07,1
3c7883a5579e,2.785564e-07,1
8b93e642e50f,3.09887e-07,1
d185a584f3ae,4.6335907e-07,1
97fb408dce44,5.5005603e-07,1
06877eee5791,5.362351e-07,1
d976056574d8,5.4843747e-07,1
0b4e033cc901,4.4972072e-07,1
bf94233bf3ea,4.429595e-07,1
cbeecd4cb65e,6.62948e-07,1
5f85e72bdd7c,1.1427464e-06,1
d182d2349cb9,1.1355455e-06,1
5cea461276c9,7.6445497e-07,1
47e9239d4505,8.611937e-07,1
0eb59267d63b,8.0510625e-07,1
1238dd0c43b8,6.817513e-07,1
e673106b3416,6.2129146e-07,1
4ffc5e8c2c4e,5.019191e-07,1
844ad3cfc01a,2.835349e-07,1
90c4a9039a1c,3.8218224e-07,1
1525949e62de,6.8617845e-07,1
95e5aee4145f,3.5815182e-07,1
6b4a8967dd94,4.4465526e-07,1
fa3308cabbeb,5.085597e-07,1
876566f16ea0,4.5329202e-07,1
786186169f22,1.7547367e-07,1
fce0af87c507,6.3121e-07,1
e714f5f25a6e,7.317776e-07,1
4fdc61e66e26,7.1345147e-07,1
297c31409b98,5.7059594e-07,1
ebc3486639fd,5.8949064e-07,1
8855e923755d,3.7297198e-07,1
0c194cf2b213,6.617814e-07,1
8d7c2c7d80d7,3.7453137e-06,1
ca2391a2b56f,7.308295e-07,1
d525cd3e0401,7.0791435e-07,1
6618bafcdeca,2.451768e-07,1
4923ca16ac80,4.9250016e-08,1
de1bc212d884,1.039133e-07,1
592d668a838e,1.8173506e-07,1
6979277e2743,3.9659074e-07,1
00f815b9a99d,7.5297237e-07,1
4c2d43dc6587,2.5397642e-06,1
b07b19ad219b,5.5078776e-06,1
f9aaf55c7ab4,4.4125136e-06,1
462e7b34dffb,2.029199e-06,1
c2089d2d6c7d,8.846771e-07,1
ad72a88da062,1.0860222e-06,1
7a6d9a9bfe00,8.1265483e-07,1
890b08ff4792,8.7764056e-07,1
4f7e31f63a1a,9.493683e-07,1
27c3b58f1a3b,3.2468852e-06,1
b11af8d0bb0b,3.4487043e-06,1
666e0d563603,2.9863163e-06,1
4782ccb78a29,2.0366026e-06,1
f83947459644,1.487097e-07,1
17f98ea0e2a6,6.584743e-07,1
2ecdd57fe37d,3.1832798e-07,1
08c429b27ad7,3.7853923e-07,1
5fb6d891aaea,3.4285128e-07,1
fbe1ce2a1b14,3.3672194e-07,1
b1c4090a7deb,1.7722734e-07,1
824f804a6b5e,1.5515656e-07,1
de1c259e61b8,4.3442273e-07,1
896c47d2a756,4.4040786e-07,1
b4511f3d418d,4.6836794e-07,1
020e2f1bb9c6,1.1158312e-06,1
6a4551ca8883,1.5333884e-06,1
22c3cf73074f,2.9812502e-06,1
bff993b03123,3.1753023e-06,1
9f4d770099c0,3.202638e-06,1
76891e107010,4.328713e-06,1
26375c680eaa,4.1556837e-06,1
58cc694835f8,3.453568e-07,1
39cb90833f0b,3.8647204e-07,1
6b81407a0c20,3.376657e-07,1
570b40620c76,2.7760532e-07,1
b678261215b9,2.2639918e-07,1
75d8b8301127,6.7156685e-07,1
859e06a6cbb6,6.3457713e-07,1
6d630fb6a08b,6.4489e-07,1
76ccb2fbf85f,7.1519725e-07,1
265e89dfd4d3,6.9708534e-07,1
0d944f8555bd,4.0559317e-07,1
65ba0a8217d8,4.1519178e-07,1
e56291a3be4f,6.836049e-07,1
9e2aefada313,7.7234995e-07,1
d0fc0c0791ed,1.0449236e-06,1
fae6bc8bd582,1.4924901e-06,1
43af364b75a3,1.7534625e-06,1
355d52414473,1.5315701e-06,1
53ce8748497d,1.1557795e-07,1
a57ee46227aa,1.4500904e-07,1
1088e52f5f00,1.4913698e-07,1
d40c1aab769e,2.3563467e-07,1
601f4c5cf950,4.5585332e-07,1
5e1266126c96,4.015569e-07,1
ecb342d7f365,4.295317e-07,1
726be9e20fb6,1.0340548e-07,1
b333728ad6de,2.0804893e-07,1
6ae1da3e478e,2.2271249e-07,1
dcc071694a1d,2.666461e-07,1
8561fc3e2a58,4.973184e-07,1
7ca82c88a5c1,3.5723795e-07,1
e2281526b1f7,3.8827093e-07,1
e37910b626e7,5.8492634e-07,1
769bdd28b624,6.3537897e-07,1
80f2eb1a4efc,7.32814e-07,1
90e715299ab4,8.8667866e-07,1
d59896bb314b,1.092979e-06,1
091aee81f16a,6.152094e-07,1
fd23c1601ce4,2.9623024e-07,1
596bc51f88cb,1.9146684e-07,1
4b56513436df,2.0979958e-07,1
d87453689ecd,6.2846354e-08,1
46223e5cc6d4,9.342822e-08,1
df468ee0f092,1.6590771e-07,1
ed02865e8a48,3.57732e-07,1
254fffbee9c8,2.7201665e-07,1
d43e97bbfc7b,3.0478077e-07,1
ef56ccde1c72,5.0896307e-07,1
88a4d4e1fbfc,2.8140477e-07,1
58f6f710c70c,3.0679385e-07,1
1eeca661074c,3.0175732e-07,1
13e4cda1d374,8.418986e-07,1
d2ce80fdc619,9.888738e-07,1
8066e6cc1305,8.0480464e-07,1
f3a3de694f59,7.635619e-07,1
32b5541cdae5,1.0296579e-06,1
21916b9e6caa,6.3912836e-07,1
93231f77b18e,3.2855547e-07,1
e885af1ec02d,1.4593792e-07,1
3d4ddb2d5fee,1.3661544e-07,1
b5a4d500ed18,2.6908236e-07,1
e97eeb29cfac,3.508283e-07,1
32a2f0e5356d,5.896911e-07,1
7518dccce9fb,9.270613e-07,1
008591570d8a,1.2573726e-06,1
cc65349b3c2a,8.7475337e-07,1
96599c68dadd,1.0688419e-06,1
7ac339247652,7.2601784e-07,1
2b0cd4f3e943,6.069664e-07,1
18b8fff95c8c,5.4318735e-07,1
53e530dce713,1.3001981e-07,1
a85c4e9d6b7a,2.166133e-07,1
d1387199e020,3.9861743e-07,1
b7c613b450c3,4.5869712e-07,1
60473f91a832,4.4081787e-07,1
4a4760a25422,4.809275e-07,1
eeba9a9fc3d9,3.2461733e-07,1
b5787082ca5f,2.1107962e-07,1
86c558263623,4.6973446e-07,1
43fb5b050671,8.7183525e-07,1
c5a7f398c207,9.1624366e-07,1
aeff65982fe1,1.3346887e-06,1
d62c04844437,1.2006394e-06,1
94aca5f21135,6.806294e-08,1
f1cc8807f6a3,1.351652e-07,1
45d799f7fc28,3.1885193e-07,1
134d17a8c8b4,1.2981486e-07,1
f8e469048f7c,2.4880384e-07,1
2ee4bb311b91,2.1986104e-07,1
b6b2e828fe74,1.6000894e-07,1
fe15da016f2c,2.7514778e-07,1
24753011e8ab,5.2581225e-07,1
367471bd9473,4.618652e-07,1
b1a2fe34dca7,5.409269e-07,1
23dc7767af4e,6.668117e-07,1
79c14320d260,4.5298782e-07,1
b4f9cbaf416f,6.8035905e-07,1
2585b7849cc7,9.171025e-07,1
1a23b3b223be,1.3796912e-06,1
1c650d03bbb7,9.3850264e-07,1
3d48feb9b3e2,6.901166e-07,1
6a82bbb32561,9.601727e-07,1
474e85ef37da,7.075372e-07,1
8c49b63b502a,2.698246e-07,1
20162f36a6d1,2.1998535e-07,1
f681b875727d,1.2670655e-07,1
e07735e38e79,3.5622296e-07,1
914220709721,6.248103e-07,1
8e5cd54b5991,5.779157e-07,1
774d99c6409c,9.001184e-07,1
532564e9b20d,3.4070737e-07,1
d9c84f9d5634,5.1860553e-07,1
a073f2377756,5.407584e-07,1
33c4150a0800,6.8063486e-07,1
4bd67085a25f,4.6110307e-07,1
f8df451f3058,4.1847753e-07,1
27c7575b5761,3.1303156e-07,1
0973f92b4c7b,5.4987123e-07,1
2e496e1cd8b4,3.1265708e-07,1
ece79ae1e288,4.6369095e-07,1
83fd7d5f7b48,2.5588622e-07,1
6249a6d15e1f,3.0029614e-07,1
73929a516503,3.9486477e-07,1
12d1cfa91427,8.03783e-07,1
e70493916386,5.958446e-07,1
6db53f8e64e9,6.6386724e-07,1
63b0596a406e,7.5192503e-07,1
3a2705f2aa24,8.124587e-07,1
7c351f945039,1.8375746e-07,1
262ebe30f3df,3.155687e-07,1
9e9e0a55f445,1.4655436e-07,1
7746e6bd1ed5,2.2190699e-07,1
417a4f57d488,1.8790485e-07,1
3cd3dc4992cc,3.1902056e-07,1
d2b1fe411f5e,2.6460552e-07,1
36c3942a98ca,3.3013825e-07,1
67cfa289a5d7,3.6086934e-07,1
3f1c0dbd69de,1.5231497e-07,1
999b60028232,2.5000074e-07,1
ced10dd28a4a,3.4361483e-07,1
00888439fef0,6.958366e-07,1
868d323513c0,7.5798084e-07,1
f3920aed80c2,4.983822e-07,1
2bcdd06f8f01,1.033373e-06,1
31aa059981a6,1.1174257e-06,1
0288c096c6c2,8.9355024e-07,1
5d93dc0a2052,8.335459e-07,1
647197046494,3.5278268e-07,1
c9c4f8b650f1,4.882987e-07,1
a4c01336935e,1.2043293e-07,1
43139d5139c8,6.103929e-07,1
82f672f35c39,8.121802e-07,1
837a9b9c5f77,7.6349744e-07,1
30efd070473a,7.159535e-07,1
f298b4eee897,3.8299945e-07,1
65055fc575af,1.3656808e-07,1
e4abb920a86a,1.18205136e-07,1
c811fb87a3af,4.5570354e-07,1
3ae67d8e4718,6.065421e-07,1
0422d810d6de,6.775046e-07,1
0d6adeefdf3a,7.3110954e-07,1
4001bbe4890c,2.8712847e-07,1
d78b86184205,3.4120856e-07,1
4bdde02de77a,2.405465e-07,1
e210ec3d3484,3.4490532e-07,1
7b40ea7f4a51,2.997645e-07,1
bd8908458da4,3.24963e-07,1
c9a9f7e41173,1.3669677e-07,1
a02f2c5a04c5,4.7547513e-07,1
846222ddf52d,4.191461e-07,1
9dda0a227221,2.8205756e-07,1
f81be27a8aef,2.2727646e-07,1
5d8254dbb595,1.0654547e-07,1
dae32718a91b,3.249369e-07,1
b514866d84c6,3.5547205e-07,1
5bfddb1d1c3d,5.858221e-07,1
ec96c0045a61,7.306843e-07,1
8d6aad81b7a3,5.4034746e-07,1
3362d3906524,4.0563214e-07,1
43cecfbea1a5,4.3010348e-07,1
c0f39ee9f491,3.7938977e-07,1
bab0f7d451f9,3.7667232e-07,1
396ab4333a5b,5.628789e-07,1
3a11db00c60e,6.31101e-07,1
bbc6eb43701d,5.4720743e-07,1
e8bd95f73fdc,3.4866864e-07,1
28feba1dd872,4.1537467e-07,1
954bea206b1e,8.4235734e-07,1
0fd158b5ec03,8.49126e-07,1
b2a49b0fa082,1.1296422e-06,1
54e74d7fe309,6.077487e-07,1
6c22a6de1d14,1.9147174e-07,1
0382574fae57,2.94664e-07,1
a769a642c90c,4.93546e-07,1
d6231c7041a5,4.733679e-07,1
0231eeec3822,5.1691626e-07,1
b714f13f0494,5.704275e-07,1
4756e3128035,6.149762e-07,1
dde100239b11,7.645181e-07,1
965be0f370ea,1.2149217e-06,1
43d4129eb85b,1.6044986e-06,1
5163b593be75,1.5275343e-06,1
d6d566caf031,1.5920375e-06,1
825bb4b9ea29,1.9303513e-06,1
698d0d6429fb,2.0096816e-06,1
0e4a2d07a381,2.4510015e-07,1
89efce1a4fd1,9.38949e-08,1
cc48700d8328,2.709067e-07,1
79e75faae00f,2.258129e-07,1
bdfe2e5f9d06,3.4182625e-07,1
f1bce3e83daa,5.2873908e-08,1
0dbbf401aaff,1.3718649e-07,1
d836b42250c3,1.10095776e-07,1
8962baf792e7,2.0560665e-07,1
c45a477f6872,2.605684e-07,1
512ebab4cf65,3.4176298e-07,1
01b93419b0aa,4.718289e-07,1
42f7157ceeda,3.2134585e-07,1
7aa0afa9907d,2.4948397e-07,1
6eab1f6a7b99,2.087656e-07,1
494edbca4aa2,4.4657048e-07,1
7dd420af7c69,3.0253295e-07,1
88bd22d0bb23,5.662652e-07,1
c13a53dae803,3.762869e-07,1
5c43074fe0cf,4.5130452e-07,1
3ace526387dc,4.2579305e-07,1
a04cdd450697,3.3884714e-07,1
812df26121a7,6.562243e-07,1
23343a71819f,4.613049e-07,1
52d58ab7e826,4.511983e-07,1
121254d1b32c,6.77572e-07,1
5ba57c140b07,6.085401e-07,1
d709fafacab6,6.823573e-07,1
c218357d7e82,7.698645e-07,1
135a8df56c57,6.320862e-07,1
72b337d532ac,6.5331045e-07,1
5579d16679f2,3.1235695e-07,1
86112a8f0891,3.092263e-07,1
1c9e514ecd0e,2.0188622e-07,1
94b25e27ddbe,2.6119318e-08,1
04e505801456,1.2056906e-07,1
905facaf32a2,9.0645685e-08,1
3c6b57665d5f,1.8075494e-07,1
e9d74471bc55,2.8145232e-07,1
ec01825aa859,3.975885e-07,1
01487a69ac2b,3.5008892e-07,1
e89b841ab89e,2.5611303e-07,1
6b6659337553,4.4500845e-07,1
a30585efc6f0,1.4867388e-07,1
2a32ff11a8ec,2.2137993e-07,1
fef977ce18a7,3.3887227e-07,1
3e738b066a5c,3.3742265e-07,1
e9e9180a0bfe,4.158661e-07,1
0191c0b2bafb,5.7621736e-07,1
51d5ba3bac5d,4.138607e-07,1
87678c65fc06,5.100895e-07,1
829ece4d9eb2,5.958405e-07,1
42eeb0ba106d,8.8176387e-07,1
a1ceb8ba32e3,4.597259e-07,1
e08b0d2895fe,5.177819e-07,1
ad4656941afd,3.5918998e-07,1
b3084e942f33,4.0688508e-07,1
3987e0e22a92,1.9939942e-07,1
bdfefc54b15a,2.3645774e-07,1
ab566dff1c8d,6.645019e-07,1
9aeaecf19365,5.535095e-07,1
4b67c79ee5d6,9.753215e-07,1
ad4edde15ea6,5.8008095e-07,1
810447ef4504,4.0156345e-07,1
064345c849c1,4.4825944e-07,1
58a2aa752f1e,4.245338e-07,1
f58dcd36ead4,2.844383e-07,1
08e6c3fb2662,4.939405e-07,1
d0fc4f5bdfac,2.3839559e-07,1
7545d968bff2,7.454162e-07,1
ba8b0c9e816e,4.867973e-07,1
de87d655f419,2.8635947e-07,1
cdd56c6b048a,4.828834e-07,1
1236a1cc6bcd,6.2065453e-07,1
c6f92e358a63,8.68573e-07,1
d6ea577d950d,1.238706e-06,1
017be7494b52,1.3702249e-06,1
30e454bc012c,3.9476947e-07,1
84415839bc94,3.5291043e-07,1
377879a00264,3.8919717e-07,1
70196ae09cbe,1.04892116e-07,1
ca4d22d7629e,3.875637e-07,1
24bc1884cd85,9.0159114e-07,1
d50d95f1c829,6.835666e-07,1
119cbc37a7c7,8.252904e-07,1
35f271a0d745,4.288844e-07,1
4ebe69479839,3.514018e-07,1
67e02d541868,4.6294667e-07,1
bf984c2cee76,5.3609705e-07,1
083096e9ea86,5.13789e-07,1
9766754e682f,3.1212207e-07,1
0c7ff4bd6397,9.8496024e-08,1
481dd33af2c2,8.138395e-08,1
adf7adaf3e06,1.838429e-07,1
589e2926c208,1.9922045e-07,1
11591a295b94,5.1046914e-07,1
eb766c57a105,6.171681e-07,1
8043d302b164,4.6745257e-07,1
92b7c64d61d4,5.139677e-07,1
05258088e2fc,1.6340728e-07,1
c06b9ab7720c,7.643924e-08,1
b19b3bcf2ab5,1.0400815e-07,1
9e27150ec2b1,1.2556856e-07,1
3fb55e01952f,1.7164925e-07,1
1f7e4211079e,1.4700188e-07,1
6c81321a0645,2.200465e-07,1
6f77aaf34d07,3.1083766e-07,1
3a47b9461966,2.7033028e-07,1
46216540f90d,3.5236863e-07,1
dba4bf0b7901,3.377244e-07,1
199e9ebd7f2c,1.8635937e-07,1
3f49ddbcfe98,2.1979727e-07,1
4bcf880f617d,1.2179122e-07,1
d5e1b96de646,3.1221973e-07,1
a2b8cb37db41,1.8880283e-07,1
f6e1b19a28f1,6.6176983e-07,1
8095c24b604d,8.8492084e-07,1
7cc6024c21e0,6.6588336e-07,1
22c16da16854,7.9096435e-07,1
78ef20b6aa7c,7.3627126e-07,1
8ed5bcb03918,7.863522e-07,1
b900271788ca,9.0457814e-07,1
8de957a255d7,1.056296e-06,1
3e4a9b50f2e5,1.0541468e-06,1
295fcffd1521,5.095897e-07,1
cfc8067d0e1b,4.862678e-07,1
2df47405fc08,5.103633e-07,1
d419eeb51741,7.06983e-08,1
30e7ef4fabe0,4.127958e-08,1
fd27189b3d67,9.041227e-08,1
8a8c93402a49,1.0103341e-07,1
209d279a7ff4,1.7862969e-07,1
3f65f12c6399,2.6689438e-07,1
e6d09aff1563,3.442021e-07,1
838962ec89c7,1.0653134e-07,1
1c28e2e957fe,7.522247e-08,1
1642d2b9fc0e,1.3430264e-07,1
ff08fea88981,1.9532764e-07,1
e243ab9fc3b9,2.6290576e-07,1
6f1e22c7714f,2.444904e-07,1
7c378d5eff45,2.1862581e-07,1
6b7800bf88d0,1.8863886e-07,1
ab88ab4eca3e,1.5957076e-07,1
6329197640dd,2.4610335e-07,1
ac8adf88c7ea,3.1315275e-07,1
8fe820191a72,4.39341e-07,1
4099804c4a4e,6.326758e-07,1
f9ef76ff29ad,3.8794335e-07,1
5e38ed2d7866,1.985164e-07,1
1ceb6f7e29f4,3.1884105e-07,1
e4d5067e496e,2.094246e-07,1
101c11da0bb0,3.9197948e-07,1
0d47cc758715,4.2305533e-07,1
d31335f546f9,4.852755e-07,1
eb9158141689,4.7218532e-07,1
88efad7aa8d1,3.4289408e-07,1
b78b0c9e5de8,2.0316071e-07,1
0ba19ba46f9a,5.7189993e-07,1
8b8c5fc22f06,4.522674e-07,1
25ad05d91d4f,3.1418622e-07,1
faf90dcc259f,4.2079353e-07,1
a29c76e337df,6.054646e-07,1
808611cb5b4d,4.900141e-07,1
652653bc02f9,5.5676566e-07,1
00277550a90b,5.7081263e-07,1
c40dc62feb17,4.767747e-07,1
6e0437ba8ceb,1.336025e-07,1
9a2abdcef25a,1.1495965e-07,1
bf039017c763,3.1693298e-07,1
92f8cc885505,1.0890413e-07,1
68ab8df10f85,4.78477e-07,1
c2a5243216a0,5.6031274e-07,1
ab97643034dc,4.1902754e-07,1
636305db810b,6.4554985e-07,1
e0abeeecb6f6,6.069121e-07,1
b04785fb0a85,1.0837206e-06,1
339ee503ae8e,8.315111e-07,1
cc67ed6b0425,1.1367699e-06,1
7e46ccfd057f,1.1560204e-06,1
53e653e5a973,4.995259e-07,1
c4cd82ab424b,4.919843e-07,1
544f00a5d38c,2.7597846e-07,1
a1b4f7121e4a,1.5974581e-07,1
3cb93749f7de,2.5301182e-07,1
c866283ad369,6.3503717e-07,1
8b729c9908e1,7.598162e-07,1
afd87c0b254c,8.1141945e-07,1
44aad1644dd9,6.008795e-07,1
38e5b4b1b4b2,7.3408216e-07,1
e616bbdea094,6.6610085e-07,1
f86a9c361117,5.5763076e-07,1
6e5b61a8580a,9.082812e-07,1
b9b3ae27d29e,1.2613027e-06,1
785bc67f934b,1.0159412e-06,1
b0173dc675e8,6.052488e-07,1
9a623de736da,2.7357578e-07,1
26dd7f164955,4.733598e-08,1
db35d88e38a9,1.1337122e-07,1
000e913babf2,2.0100245e-07,1
8f276319e851,3.588454e-07,1
0b3b5344b4cf,2.8995032e-07,1
e6f05e9fa00f,2.153602e-07,1
11476c71481e,4.8262115e-07,1
740ad2ef5543,3.635226e-07,1
35032b02f91b,3.4139896e-07,1
72a63cbca164,3.2712813e-07,1
d2ab0c24f2ed,4.3382664e-07,1
d89ba563f9d1,5.33486e-07,1
687fef9980f5,4.7933133e-07,1
26e914fe00b5,5.832613e-07,1
6b84fcfb6c93,6.816853e-07,1
f6bea17d67f0,1.2145008e-05,1
b2d7cbcd1169,1.6458693e-05,1
f9a78c247652,1.7951266e-05,1
cec6edd9ca69,1.7140748e-05,1
794efb9ec84e,4.0046534e-06,1
f53a12e20cab,4.0047926e-06,1
9239d6dafc98,3.943237e-06,1
78513f3595e2,3.804773e-06,1
df7eb78ad2f4,3.7987882e-06,1
65f9460edc2f,1.1648597e-05,1
6d7de134d69e,1.4246987e-05,1
8dafa3055fd1,1.6119142e-05,1
795e568bd77b,1.8863182e-05,1
b93427f42a41,1.9698984e-05,1
8de598a2eab9,7.766584e-06,1
70c45418d6e0,3.21235e-06,1
4c2b2bc6f030,5.8082367e-07,1
efbeb67be500,7.718652e-07,1
1bf7b1a160e9,6.4794716e-07,1
298472cbcb97,6.08737e-07,1
642c5c88644e,4.7898305e-07,1
362a28bdca38,3.914457e-07,1
450f4aae3c6d,2.2891861e-07,1
6cafa4c98a7e,2.0747906e-07,1
ae575d2d3b6c,1.974807e-07,1
0dd725702efc,2.2474194e-07,1
14b97687285e,2.47092e-07,1
294907fb9808,2.0023644e-07,1
e2bade814dfb,2.184379e-07,1
5abcedc4b913,4.165378e-07,1
5cf00934b706,4.0272278e-07,1
090192086576,1.7553565e-07,1
4a5c54358636,5.421373e-07,1
cc0181509ab9,3.0399397e-07,1
4023d1614a8e,5.0108315e-07,1
3fbd19881752,2.3824612e-07,1
31ad476d04e1,7.541958e-08,1
91d92979ae2c,0.0013639313,1
d2956a94fd63,0.0013668032,1
2e0419a447b2,0.0013653116,1
ecb59e7c6831,0.0013622124,1
659396078502,0.0013522651,1
666e2002a3f1,4.9267095e-07,1
a9d6470283b4,8.382371e-07,1
6c1ffffead73,6.3393827e-07,1
5595a94d7453,5.0209354e-07,1
d02f56e7f1ea,3.7789707e-07,1
6cf740ee84a1,3.144313e-07,1
c0ea39ca4625,4.0830724e-07,1
44718820b4ea,5.237808e-07,1
ddb7f323736e,5.9163585e-07,1
b57765cba663,5.7242295e-07,1
ff1b1b6981b9,5.2327135e-07,1
540f0fe4b5b8,1.8955201e-07,1
fa728a948f38,3.0480908e-07,1
26c1f2b99976,4.861867e-07,1
0f33621acdef,0.0013287697,1
059519bea042,0.0013314973,1
ebabec48a2ea,0.0013315158,1
1c2e58c87eb2,0.0013310277,1
5b7021fbfed5,0.0013303128,1
9ef2add4bf59,4.019798e-07,1
3e75446905d0,1.135122e-06,1
01dd70a26eba,5.785618e-07,1
65f67d4f5781,4.772669e-07,1
9c8fc24df073,4.913343e-07,1
03f072d0f355,7.873777e-07,1
c738190416a9,7.9022425e-07,1
7ba9c5ea97f2,8.4529177e-07,1
4d148a1989cd,9.087119e-07,1
72fc8abd57d4,5.8557686e-07,1
114afc8c9b68,2.2401865e-07,1
29b4db2dc5a8,1.6601442e-07,1
9e434764c71b,4.199687e-07,1
f78c906cf5aa,2.4131117e-07,1
e0e8e57d7c90,2.7736988e-07,1
8cb0fe6666da,2.059213e-07,1
f73227113e7f,4.982543e-07,1
24eae20065ec,3.4189136e-07,1
209fe38a9689,3.9635177e-07,1
85d3b5d6f462,5.706158e-07,1
6145252583cd,6.912976e-07,1
b8a8f1a5d998,8.9526384e-07,1
e2c9a8413259,7.706755e-07,1
b54c061e55f6,9.33932e-07,1
e03be113a38f,1.1036085e-06,1
4a43fbbbb534,1.1659299e-06,1
a49c48f53932,6.331883e-07,1
24b8414d003e,5.3533245e-07,1
6cf517c2adac,2.3320888e-07,1
2d826acbe449,4.8539755e-07,1
80577647eb84,2.0108989e-07,1
0db5dd09b16a,2.871052e-07,1
72f79ca00f01,1.8980619e-07,1
3472db60fbf3,1.8265078e-07,1
f531e99ba35b,9.121192e-08,1
83dedf17fe1b,1.3828739e-07,1
79395505449f,3.094324e-07,1
b3e831d2fda8,2.5055635e-07,1
8422dd7926fc,2.1966552e-07,1
5939a9d5b5d6,2.993758e-08,1
4bbdf6a7f1de,1.6675938e-07,1
b041ba454576,4.2178533e-07,1
560ce8e2998b,4.7448134e-07,1
28e1ed89a077,4.1305952e-07,1
e6e946f8d3b3,3.7445355e-07,1
ace5903b85af,2.6888404e-07,1
648476a42e3b,1.3550479e-07,1
37b88059c07c,1.811275e-07,1
93991a8c33ea,2.1442166e-07,1
14c02cccedc6,2.4215402e-07,1
169cd93c3588,4.697311e-07,1
e3f1c3ea690d,5.3161244e-07,1
00e67a7c6cb6,5.657664e-07,1
0069675c844d,8.774228e-05,1
b85cc55fc30f,8.47663e-05,1
9151aa4eeb73,8.39878e-05,1
c662b8a60b45,8.314794e-05,1
3e547fadf4e0,8.164959e-05,1
ba986f1c3692,4.3617004e-07,1
2630a8827f04,3.6561e-07,1
78cba254ac6c,1.5290418e-05,1
9a650e3dbd10,1.5658994e-05,1
cf001eacc277,1.4825469e-05,1
ae486fcb53dd,1.40866605e-05,1
d92811baff68,1.4133511e-05,1
3ab1e94d81f4,7.332448e-07,1
88394ed93270,3.8540645e-07,1
b0a7fa84884e,1.6151382e-07,1
6842f7e9099d,2.5138607e-07,1
b602df252c94,4.7011272e-07,1
4cda9c56e204,3.8178294e-07,1
18f688619140,4.7363045e-07,1
cfe5008db80c,4.7806276e-07,1
ceecf4b9d104,2.590478e-07,1
6bd43ee5146b,3.7116334e-07,1
f8774001f6c8,4.718922e-07,1
3a32077af833,5.133683e-07,1
2fa3917e106f,7.547169e-07,1
0a4fd7bff2aa,6.138207e-07,1
5a37f88e6352,6.105784e-07,1
a153abbe56b6,5.141031e-07,1
745bbfd1ce0d,4.4620245e-07,1
3d2028eec877,6.90305e-08,1
9e8cbdb7bf34,9.396653e-09,1
a2f7ae342cbf,2.7965967e-07,1
82e481b6c560,3.3557427e-07,1
b3f59b63a532,3.3109876e-07,1
7b10bf77085a,5.3798146e-07,1
26b93eb8a361,7.7449675e-07,1
d1de11b37f34,6.345405e-07,1
0f9ebb235190,6.570666e-07,1
592a48c43d37,3.1111725e-07,1
a584d028f558,1.0038319e-07,1
2a945f97be45,3.9458158e-07,1
35093893759a,3.9165195e-07,1
87a31d7042e0,4.3480185e-07,1
7a304c7a18d9,6.639961e-07,1
5f5908b50803,2.7822927e-07,1
43051ac6014b,3.143659e-07,1
21a52cca698c,5.232606e-07,1
4e04169d24d4,1.2636551e-06,1
8e44b3cc156b,1.153736e-06,1
4cbbd157016c,1.4767519e-06,1
ad930362512d,1.5375368e-06,1
89bf3ba0197f,1.6085415e-06,1
d554d8c754a1,4.1192027e-07,1
3dd9b535ecc4,3.5669146e-07,1
c29e4f6f29f0,3.2380112e-07,1
8ce702f0f910,1.7235789e-07,1
903cc09a9dc1,1.7181743e-07,1
e07c275c4eb8,7.910627e-08,1
14adb0db33c6,1.9297991e-07,1
bf59ddffeebc,1.2485906e-07,1
1de5f710ce52,2.720436e-07,1
64962b897597,3.2157857e-07,1
7cc8e967b609,2.1198822e-07,1
bfed309cef3a,4.2852454e-07,1
034b1c9611cb,4.058191e-07,1
e8fea7e44782,4.2121755e-07,1
c77c5f789591,4.7686757e-07,1
709284f23038,3.7714815e-07,1
b384106fa7be,2.0779244e-05,1
ca545e170bd0,2.1604152e-05,1
146ab1f9e7c7,2.0640591e-05,1
83ccf179ae2e,1.989685e-05,1
315a163e8320,1.97001e-05,1
bd1df69ff374,1.07773715e-07,1
5b741d9d0d9a,6.534537e-08,1
43ce8d1fad21,2.3627402e-07,1
fbc841b5f219,1.9235115e-07,1
4ee2605a4d93,2.1000498e-07,1
c992d681426e,1.5003272e-07,1
0a8a68e1b0e8,2.0531539e-07,1
b725e8126cea,4.1849546e-08,1
05410d9713e0,1.9561261e-07,1
72709bf26fb6,6.113395e-07,1
27b1ecede8d9,1.3774491e-05,1
4be78ce9c1af,1.0680518e-05,1
de7fe5bf3dbc,9.594287e-06,1
ddd83d0cd4f1,1.0015651e-05,1
83559f842db2,3.3608296e-06,1
aaf19a9824e9,6.828921e-07,1
f8ee7df35364,6.3558724e-07,1
35458a4dcfa4,3.4560122e-07,1
530279dfadad,2.8573103e-07,1
29394f0d3592,3.8735257e-06,1
d8b4f570ea8f,3.770175e-06,1
fc142e287a39,3.678622e-06,1
89124e37a1b8,0.0014294783,1
814d9e588cbd,0.001399951,1
3832bae2f388,0.0013654697,1
6a49287ce42b,0.0013535608,1
07b3aa90f113,0.0013472763,1
3d0185517470,2.3465498e-05,1
2de40f2f42f0,8.824638e-06,1
85c930c720fd,7.098524e-06,1
771d2010b63a,2.7626515e-06,1
5ceba9ff8674,3.637996e-07,1
1d2b8b505da9,5.1358984e-07,1
0f42f2da2edc,4.4950195e-07,1
105d797a78f9,7.5305815e-07,1
6ad3b002f96e,4.3509743e-07,1
a78ee157ccef,3.788794e-07,1
7f87d109f2ed,2.6881892e-07,1
161a853f597c,1.0771862e-05,1
a5d86786a6a4,1.0198752e-05,1
4284d076fcd9,9.565352e-06,1
3dd7e4a1d10e,9.204298e-06,1
b84450c7162b,8.427539e-06,1
2983d79e8e12,3.5717113e-07,1
626cf2598c69,2.7918202e-07,1
5d32b39a0fe4,3.8267956e-07,1
b39892c6623d,3.5414652e-07,1
44eb2e2ad63a,3.1152226e-07,1
28f3efad6ec6,5.0728806e-07,1
9c6748fefce7,3.5851488e-07,1
ece720f43187,3.4125975e-07,1
ff67cb54dd6c,4.3833455e-07,1
e578067238bc,6.103098e-07,1
76d3e084e456,8.8069487e-07,1
977a8e926157,1.0145068e-06,1
c61588f9d0c0,5.733741e-07,1
e708061530a1,3.0767123e-07,1
c8b989e5b93c,2.2687438e-07,1
ef2247ba04ad,1.9229493e-07,1
24e721490831,1.5690851e-07,1
a6310c205076,1.2269797e-07,1
f73855e168e6,1.6457035e-07,1
5bdc05c342cd,2.9316197e-07,1
a6b229f0f3aa,7.711121e-07,1
55737b161014,1.2402498e-06,1
6c7ebb04456c,5.7265015e-07,1
92c251d39903,1.2801812e-06,1
bce62fd05d51,2.2451849e-07,1
a45493386f73,7.822234e-07,1
f979fa8d25e7,5.582981e-07,1
28df50029658,5.2373036e-07,1
8fcc534d88de,6.475339e-07,1
b03b80ccafd7,4.534488e-07,1
d4105c9026a4,3.7383626e-07,1
02948517b238,3.206119e-07,1
fa3a3c372d97,2.0947196e-07,1
ca45d448c86b,3.2117325e-07,1
1a5a72d53452,5.276741e-07,1
fa8672d27b76,2.1337827e-07,1
5b4c97bb73da,8.953425e-08,1
fc967a64d3ae,2.27376e-07,1
2860e0e2fcaa,4.8588447e-07,1
f7d8e26766d6,5.114311e-07,1
1988587182b5,9.735159e-07,1
7e3903b7d495,9.726165e-07,1
cbd892b4c826,1.2255267e-05,1
f3bdf5c5b535,9.261405e-06,1
ee70b5af0da8,3.5552252e-06,1
40e4a7600a90,6.383738e-07,1
99972b051122,4.8403257e-07,1
02d37683320b,4.39388e-07,1
8f1aa7d9e366,3.1634585e-07,1
37a7c001865e,3.0104144e-07,1
61d4051f5424,3.0535796e-07,1
a7c097ff19c3,3.0763528e-07,1
ef6c53258457,2.8178468e-07,1
5f0bcc131ce3,2.445927e-07,1
7798dfdbb272,2.1913144e-07,1
d603437c098b,2.5015683e-07,1
32a8fe8b5001,1.0956426e-07,1
24883d7e938b,1.5954488e-07,1
a96fc1c44711,4.1085258e-07,1
700c616e477a,8.729883e-07,1
8a60bc88da63,1.3418535e-06,1
46cc6b2ed5fa,1.6144703e-06,1
0d4b49784eb6,9.356533e-07,1
1967185bacca,1.1916283e-06,1
7b9cc440cdc1,1.1803182e-06,1
2b4f3ccd9a1c,1.0257231e-06,1
93f8ca9ac2f4,6.140103e-07,1
10e1708b25fc,7.46584e-07,1
d07bc7111fc8,4.824894e-07,1
95e61d585e98,5.118505e-07,1
64eb985fb492,4.1881907e-07,1
45e4fcad3e1e,2.4455747e-07,1
9c423c311d8e,2.258446e-07,1
1af6fa73fe77,1.3911423e-07,1
c72d9548e499,2.2803968e-07,1
0b4b40ebe6fc,3.1171157e-07,1
10493304caaf,3.762855e-07,1
bf62129eb150,7.152104e-07,1
301bd02e0f71,4.0193626e-07,1
12091be64570,4.7258445e-07,1
97c891769d92,4.836275e-07,1
aa54fa6a2bff,3.3636175e-07,1
41904e42b68d,3.4640433e-07,1
33c6c97f780c,4.0927654e-07,1
dad4a95299bc,2.9359794e-07,1
0e8b228807c2,5.288905e-07,1
a154bd0bf7d9,5.04086e-07,1
2ba587541e9f,5.0944874e-07,1
6296b706e31c,5.2664933e-07,1
76c3a406b8bc,4.654234e-07,1
aefa2d5d239c,3.65901e-07,1
2b78f4161ea6,7.1196564e-07,1
847afa1e58c4,8.3004636e-07,1
54ca1863bf18,1.3962566e-06,1
4d7385be40d4,7.715655e-07,1
aeed25881492,5.825e-07,1
2106e8705750,4.6857573e-07,1
2d4da7828e59,9.384145e-07,1
047dd7261a64,6.711108e-07,1
1424b2a5bb25,3.0806768e-07,1
0721f1e760ac,3.5908243e-07,1
3e335fb436bd,5.828398e-07,1
81878ffbf084,5.513909e-07,1
44cac9ba73de,9.206905e-07,1
db3a245813d2,9.263059e-07,1
354852cc6a18,7.0153055e-07,1
07845c0b3df2,5.2047716e-07,1
4cb9c25e88f9,4.3251222e-07,1
75a66319e54a,2.724641e-07,1
7b7e77380324,4.409404e-07,1
3dbc4175bf9b,3.0329193e-07,1
258951cc7d4d,3.5614684e-07,1
12be51c1fadb,3.1290847e-07,1
d9e631a31a7d,3.1267217e-07,1
7a2aa9cbe429,3.7445017e-07,1
cae6d445c4e5,6.275568e-07,1
2d0eb1927d88,3.7072817e-07,1
f952a5466b08,7.405109e-07,1
c3a6f778d700,9.728363e-07,1
907c64952814,8.0178825e-07,1
b324b0c7e927,8.1074813e-07,1
9790c6b1b255,7.12693e-07,1
7a0fa78e398a,6.9922004e-07,1
6012390611cc,5.184059e-07,1
2529695443f8,4.1356358e-07,1
9eb6e6d6bc3a,2.0284821e-07,1
11b22dc8b255,5.1874287e-07,1
1abc6136170d,2.1080412e-07,1
2b7d809141dc,8.268531e-07,1
29877a5857cf,6.347708e-07,1
a8c739cfb018,4.8116766e-07,1
e5c6dfd92f99,9.585702e-07,1
a4e02f862b64,5.140189e-07,1
77f3e767ee3d,5.0154426e-07,1
d6f87987b4c8,5.58243e-07,1
6b9d976367a6,3.7652148e-07,1
756b3480186c,1.9399037e-07,1
d3ce83c84589,2.3441164e-07,1
8f657e2c0350,3.033454e-07,1
2943ca5561fd,2.896946e-07,1
85ccf50d9af6,2.3998126e-07,1
df9250f6c6a6,3.2612735e-07,1
e7f3816b6699,3.8701376e-07,1
6be40f590e3b,1.5941472e-07,1
45fa6583f2f3,4.7047442e-07,1
6821e1597dd3,4.5008508e-07,1
a1c9427af1a4,1.0556906e-06,1
66e1e094c3cd,9.925141e-07,1
457560712f7c,9.435559e-07,1
0e4e8bd27075,9.809996e-07,1
2b017ed13ef2,6.256825e-07,1
763b2ac68ad8,5.752079e-07,1
daa7728b85d4,6.335882e-07,1
fb112f5344df,1.0423831e-07,1
8ee571a59d66,4.139087e-07,1
995d5a99d338,4.387648e-07,1
fd0db440c3cc,4.004219e-07,1
fae24bbb2c22,6.092737e-07,1
2ce88757e17b,4.3960293e-07,1
59a8d172422f,5.1089694e-07,1
23398b3ae4b7,6.5592013e-07,1
4e1b8bcd443c,6.52655e-07,1
c7def10c59a0,7.974678e-07,1
8db194d4ce5b,8.3041454e-07,1
14e640fdf587,4.698411e-07,1
8e0825276b95,3.4658538e-07,1
0c324047d7b2,2.6016073e-07,1
1ac81252e08c,1.6102457e-07,1
d1e22bc2bea9,2.3896877e-07,1
dd6908fe7046,5.1107594e-07,1
60e37304dfdd,4.4960933e-07,1
f45f1121337d,5.938616e-07,1
eb271ff4f8a9,5.6727976e-07,1
47fd8c8562f1,7.05075e-07,1
7716e8bd3503,4.6381e-07,1
0d2543cc30ec,7.738892e-07,1
8f19f926ee3b,6.5557975e-07,1
8b58d1d675b2,4.934723e-07,1
c25630fa3345,4.8886176e-07,1
7d1671b2b4ff,4.777903e-07,1
ac5c28c116f1,3.7501e-07,1
15e224cb277c,3.9451402e-07,1
0778d16e74e6,1.276545e-07,1
d2ebb05ecaae,9.573596e-08,1
e69faaa1e2a6,1.0482357e-07,1
46902da3f3b4,2.8065423e-07,1
6d2a52f70c23,5.714153e-07,1
cf106cb1f2ee,5.552074e-07,1
0500cae2c09a,6.564412e-07,1
6db52d1f9c00,4.190315e-07,1
16a284a704a1,3.7420747e-07,1
e1bbfb2d1d35,5.5731874e-07,1
d2286fabdbb5,5.850773e-07,1
79be5f61d2e8,5.4965875e-07,1
e63bf1c61613,4.1883564e-07,1
1f58df4d9f6e,4.174313e-07,1
d04e33438216,5.542701e-07,1
f64b4886d2c3,6.826167e-07,1
5adfcd0b9d49,1.1535969e-06,1
723c39ce5423,5.4712643e-07,1
974432561337,8.372046e-07,1
95e0170ed273,4.5363282e-07,1
bda2114add6f,3.1435061e-07,1
e76a5dc7cb8f,3.4208074e-07,1
e02fceb18a3d,2.6087096e-07,1
9ebf23068e6d,6.027096e-07,1
d7572d2557fb,3.7635525e-07,1
906cc3e158d5,1.1349717e-06,1
a79c771ef212,7.930478e-07,1
c8923689c2d3,5.3234453e-07,1
6ca1800f6e49,9.4218564e-07,1
b3ac6710b79f,7.977103e-07,1
90418a794ea3,6.067312e-07,1
87929780f490,6.194779e-07,1
9a0936bb075d,5.7738436e-07,1
f7e4bde03dfd,4.51682e-07,1
34fcf74ea20a,2.8508444e-07,1
22bc67c4d88d,4.2834773e-07,1
f700e1bc4692,2.5719578e-07,1
e6e7fe24f204,2.6715895e-07,1
97a8350e9c2c,5.365091e-07,1
e636ad5e099b,7.8340605e-07,1
f1dcd7ed6f2d,6.9160296e-07,1
743015050077,1.0988975e-06,1
46b446d64482,4.027597e-07,1
2a5fb28cdf3a,6.043928e-07,1
eaeb6d8ced22,4.6315003e-07,1
25ba962aa5ee,6.144413e-07,1
ee112189a284,6.895032e-07,1
9c1549d4d8d5,6.2864086e-07,1
5b42993871c5,6.920861e-07,1
68cfd49e9529,6.868174e-07,1
980240da5b26,7.0045826e-07,1
139e7e3247e9,7.5824556e-07,1
591c93fc739b,5.626738e-07,1
aa2c70923b23,6.8615896e-07,1
5c7073e9b645,5.1517543e-07,1
3188bf5ce1dd,1.5508498e-07,1
fe8d6b93478f,4.5633837e-07,1
3816e8ffbfd8,2.9310831e-07,1
e36da3678d90,5.7837474e-07,1
0f18b4364623,3.3446415e-07,1
6d7b0ad309be,3.2790157e-07,1
ce6cbe58dafe,3.1359895e-07,1
f1237d742318,5.249114e-07,1
da760638c38d,5.975218e-07,1
ab458302bb1c,7.907147e-07,1
94146f8cddee,6.536525e-07,1
40186fb6f9c8,6.538841e-07,1
45f633af3a8b,5.0095525e-07,1
432d480247f0,6.332475e-07,1
664c03202460,2.5694263e-07,1
59712cb3497f,9.0388954e-07,1
d52fbbf029c2,9.721601e-07,1
7a46e86658d5,8.2966494e-07,1
90e9d40ebe1b,8.104904e-07,1
9000cf06e90c,7.0674423e-07,1
f8875d8bfc19,6.4268795e-07,1
1390ad4c2f47,6.041967e-07,1
a69f9d04766c,7.2493293e-07,1
d2eb1c05e372,7.453747e-07,1
509c3f0b223d,3.2739567e-07,1
6b35d1b87b40,6.0134556e-07,1
207197e3f2e1,5.819076e-07,1
063f731d378b,3.3058683e-07,1
9e3b2be31e98,3.3440728e-07,1
12aebdf3d421,4.1261154e-07,1
2288aa61435a,3.3123413e-07,1
0fd9db995e40,7.630213e-07,1
e27b00b1ef66,7.4193883e-07,1
41b948e13285,6.637787e-07,1
baedac5efc4d,4.9062766e-07,1
f7d08719216f,3.4481252e-07,1
b8a7ae761380,4.085616e-07,1
ce4294f8b9c8,6.385983e-07,1
011b1564bd80,8.68828e-07,1
c2f9845dc497,7.557427e-07,1
4a3b526aef1d,6.354908e-07,1
45abd3cb2858,8.7142797e-07,1
366b3aea26d4,7.811266e-07,1
1d846fdeb591,5.856665e-07,1
5b9412142c7f,5.9016037e-07,1
60dfff4d6609,6.4106575e-07,1
0082ee592b3e,3.9690596e-07,1
8c0144623276,4.154853e-07,1
7df339778548,6.631632e-07,1
ef43520d1e8a,3.705822e-07,1
8126752f0d74,5.0825736e-07,1
f019d821809c,4.6930862e-07,1
766515f3ea99,6.600425e-07,1
9f61087c6445,5.5685695e-07,1
18fb6ff64123,4.757798e-07,1
086945d59daa,4.7916876e-07,1
c53f44d24006,5.6253583e-07,1
bc91576d1b0d,2.9634936e-07,1
a2968a491e01,9.3768887e-07,1
b24f8f9a12a7,7.138067e-07,1
5e57307b2999,6.610009e-07,1
00d23ea3881b,7.0631756e-07,1
966a87ac660b,5.734347e-07,1
5d5311428c26,3.0562154e-07,1
d7d7c278f7bb,6.7468966e-07,1
776a421a05ea,5.190266e-07,1
0ff6818ef915,5.5479745e-07,1
6a83c7e71e69,5.985683e-07,1
555a0efe815c,2.2911891e-07,1
646501096ede,5.9855915e-07,1
fb36c4847e2d,5.3033614e-07,1
5378912e035c,4.1605827e-07,1
0955f8f2cda5,5.42489e-07,1
bc6234db717f,8.484439e-07,1
27d4b233a324,6.3469236e-07,1
be76e2cdefb9,8.470647e-07,1
a8912789043b,7.4195736e-07,1
915fd171b4fa,6.6123965e-07,1
f4da0c110bc5,5.915295e-07,1
dd5400db80c7,4.2253262e-07,1
20e6d2be9d8c,3.9637655e-07,1
65c40002f947,2.9029698e-07,1
4923a8283684,5.7868226e-07,1
6cda3bd07728,6.1873e-07,1
8c3c8e5d7944,7.7095837e-07,1
09fe9173c429,7.4395865e-07,1
02c81e61bead,5.656613e-07,1
cde7628dcf52,6.498634e-07,1
f8241c7f31c1,3.6149513e-07,1
ad2b789681a3,3.0221264e-07,1
51755cde7e40,3.638703e-07,1
c1f8807546b8,5.690044e-07,1
91c64f594827,6.948706e-07,1
a6969ff70c93,8.416681e-07,1
1c1db3a62728,6.358505e-07,1
2f086e390970,5.569109e-07,1
4aa6bc812045,5.867847e-07,1
93d56306a8a7,3.7822025e-07,1
1ddc50880898,4.0256785e-07,1
2f8da1f047a8,5.1582015e-07,1
c333c63a0ad6,2.3009308e-07,1
bd6b492fdf23,2.913262e-07,1
cd210fcb0a06,1.6018065e-07,1
e283fb6798aa,3.367816e-07,1
63986e1787b4,4.4479017e-07,1
545a4134ae5d,5.59793e-07,1
bdc2d02a1272,6.454487e-07,1
57a6fccc2185,6.759539e-07,1
824a3e2bed2d,5.0904276e-07,1
9b57fe90aafe,3.1424577e-07,1
a0c1a8d590b8,3.0791222e-07,1
8a9d9f367e80,2.990896e-07,1
7920675d6c2e,6.175181e-07,1
2232bdaea1bc,4.9641784e-07,1
05f6a403b7b9,7.3682065e-07,1
8342c62fb378,7.4238426e-07,1
05cb33108c10,4.0366942e-07,1
dafc628a4c40,4.56524e-07,1
bd77d25cac0a,4.3497755e-07,1
1cc19e83abd6,3.9633062e-07,1
1072bfd35924,6.871548e-07,1
f911a1e11231,4.7289726e-07,1
b188e10f30c4,4.2593751e-07,1
afc26cad5531,2.363522e-07,1
82be3fa538f4,2.0053535e-07,1
72a7f3aec5ba,2.0566594e-07,1
b7a1faede2f5,3.5802026e-07,1
964b5c7b97e4,6.1704515e-07,1
97badbfe27b8,4.891938e-07,1
05d240b68ac0,8.5143074e-07,1
ed502223c5fa,6.131706e-07,1
0aeb912c7c48,4.8167624e-07,1
95822edd1ec8,5.048425e-07,1
ede4ca431940,4.558411e-07,1
347c5ccea77e,2.9666444e-07,1
552855ab35e2,4.6551352e-07,1
e02a6ecf1516,3.5008293e-07,1
38a628309e60,5.91747e-07,1
9622b3b7c2ae,6.2169323e-07,1
88f12f61ea64,5.977215e-07,1
be87849a43e1,3.2281795e-07,1
7b4074e84fb6,6.56147e-07,1
43e4e39c60fd,5.3987816e-07,1
9835f87b2724,5.098839e-07,1
66fe79e6e503,5.4066993e-07,1
0d538a836f32,4.286509e-07,1
07c6af134364,1.7488652e-07,1
c14c7de4df33,1.3295113e-07,1
d8dc178b44bb,2.0207584e-07,1
0e6050cb9489,2.3307507e-07,1
766f8dab12f8,3.8522066e-07,1
62e40c973a96,7.248616e-07,1
5dca4523798c,4.530595e-07,1
d9376ff02693,7.2511364e-07,1
3033cc00b000,6.88174e-07,1
9d21bd9aa0b8,5.557463e-07,1
983beed60299,6.101569e-07,1
a8bc8487037a,5.717652e-07,1
096bfcedc992,3.5435758e-07,1
446c797071d9,2.5177516e-07,1
69e0ebf77d0a,3.671443e-07,1
b605a48b898d,1.8828676e-07,1
9a0641bfecba,4.283548e-07,1
d1151a2ccb17,5.2877493e-07,1
60210d078254,3.7354476e-07,1
ce15f672aed0,4.2315605e-07,1
88d4778bd8df,2.2137412e-07,1
1661d6ba550f,1.9747382e-07,1
5ab7b96a8d27,2.5229173e-07,1
816c443ab0d4,2.392973e-07,1
b4a55caab9c8,2.2173982e-07,1
02215fee8a8c,3.74186e-07,1
cb7a7e26e7a4,2.1414765e-07,1
6d3d664805f0,4.830947e-07,1
cb117ba0365f,3.0916163e-07,1
ad8517c70c28,2.4161739e-07,1
b09894885c47,5.084595e-07,1
e1e1dad503d9,4.5195827e-07,1
912736dd66eb,6.174905e-07,1
76d903a60c17,6.6356057e-07,1
4c6fad475fbc,6.3735723e-07,1
b3c22bbb0d81,6.039896e-07,1
526d5e535915,6.7486513e-07,1
590658110c83,7.8378395e-07,1
30505857a707,6.700914e-07,1
7e1ce80aca36,5.62909e-07,1
bef53a154fa9,4.9048066e-07,1
d15a65bcbc64,2.628339e-07,1
3a7e8522a48d,3.8144316e-07,1
ee9af7727201,4.871941e-07,1
29af944c77fb,5.528856e-07,1
69fa49da1fae,6.4770904e-07,1
556a07f186ce,5.239883e-07,1
1aee93b8ab7d,6.1867826e-07,1
11ebf24f3c7f,3.2088047e-07,1
41539af26dd7,5.6455485e-07,1
dfa7a781173a,6.9128794e-07,1
2e7769f8a970,7.864311e-07,1
b8c9980ea2c4,7.369499e-07,1
350bb824d327,7.082603e-07,1
dfffab27dbc9,5.335622e-07,1
f2f16c4c4012,3.7554338e-07,1
e1f0e32d2d22,1.6157362e-07,1
58be4e1bbf6e,4.9878554e-07,1
bcbcec68780b,2.5425558e-07,1
31702414052e,3.7884644e-07,1
2cd9b28e16d8,4.7009243e-07,1
a3edb93ce1d1,3.9062513e-07,1
fd254c96c2d2,1.011346e-06,1
f490e308889c,8.9806775e-07,1
44ebccbd61e0,6.514589e-07,1
2247c48278b0,5.7367464e-07,1
b3161b9ee1b6,3.9710574e-07,1
0a37d8924d3b,4.7168135e-07,1
c6ca088e2933,3.1535632e-07,1
ff6277aae69c,6.081793e-07,1
0147ef0125bb,2.4851656e-07,1
1ee7114332b2,4.763002e-07,1
c7c4c93e1edc,5.290568e-07,1
7d692000bdcd,7.063533e-07,1
a032315483ae,5.2082487e-07,1
6e2e521f4fbe,4.990316e-07,1
30d7422f0618,4.8265645e-07,1
816de2b75c49,8.882102e-07,1
6b6dbc4972a9,7.6353683e-07,1
b16c5cc2a832,4.9135883e-07,1
2281a24b204e,8.1872463e-07,1
052e9a7996c3,4.537176e-07,1
acbbefe29d36,3.7168203e-07,1
4c989f13ba08,3.730169e-07,1
8667c0f4f88f,3.2928614e-07,1
f0e0565049b5,3.6456726e-07,1
776fde57956f,3.4121376e-07,1
5e8cf3acbe9d,2.5654742e-07,1
39af8c517012,2.4191272e-07,1
a93f9df181cf,2.8375513e-07,1
6c6edea0d912,4.8766026e-07,1
3e199ee09d63,4.5230084e-07,1
33acdb1612db,4.351122e-07,1
5f4c098c797e,4.6006238e-07,1
225bb24457f1,5.103359e-07,1
72b7aca0de30,5.1073147e-07,1
937dc93fbf05,7.2472756e-07,1
e35fe712f6c2,6.0409866e-07,1
5f50de7ef3a1,4.367569e-07,1
83ce30cd7b83,4.6696323e-07,1
842ebeb89a73,5.511087e-07,1
f2abfe2aa04a,5.5425085e-07,1
3a08da3f58cb,3.5688876e-07,1
33cc903de634,2.7130676e-07,1
a553dc30b5a6,2.624335e-07,1
ae8ac10fd7c3,2.8855862e-07,1
f8743f84d65e,4.64419e-07,1
8d7c730b1b65,2.3199887e-07,1
7b6b1f4d3601,2.4539128e-07,1
7a5a1d0f1690,1.3471578e-07,1
2e0e86e1a7a5,6.0876835e-07,1
84dbd4edb3b8,5.582857e-07,1
5f10b68106e4,6.0646914e-07,1
22d632b2225b,4.9673383e-07,1
672f7c2fe969,4.8367656e-07,1
36887b455fe4,5.284e-07,1
bda887b52030,5.754947e-07,1
282194dc39fa,5.509896e-07,1
4c35b4420607,5.24317e-07,1
6798eac25191,2.5643098e-07,1
4860aa5f17de,2.5812562e-07,1
e8980c64b88d,3.3202963e-07,1
052251d32ee8,4.44351e-07,1
681c5b71ba19,5.0863486e-07,1
1826893c4319,5.592998e-07,1
4d641274962b,3.8593006e-07,1
1f02dc80c655,5.287875e-07,1
f18547f8fe36,6.9755816e-07,1
51a5676d722d,5.776484e-07,1
350349f5af99,5.0315776e-07,1
2546f7702572,7.0595246e-07,1
6023f6c2398d,3.0061773e-07,1
22df8f39b2bd,3.77975e-07,1
c0cf721eeccf,5.1836446e-07,1
d00bccbbf5c4,7.977539e-07,1
4094214fe663,8.115963e-07,1
c452fb9c863d,8.082502e-07,1
523de3e51e5d,8.132253e-07,1
5be6f67fe76e,7.383327e-07,1
ac8ca297284d,4.6122906e-07,1
35793c192b91,3.558858e-07,1
1cd1c2008d2b,3.149319e-07,1
201608d429d2,5.124511e-07,1
a948b2012fc4,5.8238584e-07,1
24a0ac0851e8,6.124094e-07,1
7b0574a35891,4.3447628e-07,1
5c6a899ad89d,6.1750535e-07,1
d98a77da3715,3.818682e-07,1
be62a0ef8595,3.2272345e-07,1
ff8905b66b54,3.782152e-07,1
cc0647cc347a,2.0460996e-07,1
435da512a0b9,3.1603972e-07,1
a99858e8a855,2.826988e-07,1
fd2b367400bb,7.0066034e-07,1
ddb45a424808,1.1055585e-06,1
848e4e8a23a1,1.2980773e-06,1
4791c4698fa1,1.2877831e-06,1
cf78145b2174,1.6002577e-06,1
2e73b583a906,4.6614744e-07,1
72938da3d0dd,3.7697288e-07,1
c556a5d3b5e9,6.346612e-07,1
03cba51ac3d8,7.448091e-07,1
d1d65a569811,5.1884143e-07,1
1acf29120276,7.520563e-07,1
727a9f03f03f,6.1895116e-07,1
6b3d72d567fe,6.3440206e-07,1
c8f06dac7c08,5.535902e-07,1
558966ee2760,8.9048905e-07,1
5a1ffdfef240,5.5683165e-07,1
6bbe5f52e0f1,5.6153596e-07,1
0c40c365ad49,5.0709207e-07,1
dc2235769674,4.5828926e-07,1
824caab112a3,4.5863047e-07,1
da3134475440,3.966082e-07,1
e561082ff2a7,3.497064e-07,1
53bc05511994,2.0461354e-07,1
928f15a4d2c0,1.6661086e-07,1
ec44621aec42,3.163796e-07,1
b0808cfd5e37,4.138061e-07,1
6f7b245b491e,2.482084e-07,1
dfe9b4657e0a,3.3752482e-07,1
2cc81b08f69c,2.2306475e-07,1
d4428c3f3ab4,1.5763997e-07,1
614c0db1100c,1.3444595e-07,1
cf51fc2951d1,2.985907e-07,1
7d4eeed3bb9c,6.2350847e-07,1
22202f117046,4.7009178e-07,1
bf6f3eb99a90,4.5150375e-07,1
d0a48a182b5f,3.0307567e-07,1
6f1521357291,3.7016187e-07,1
7f8f6d459620,3.0923957e-07,1
5198929d735b,2.444074e-07,1
7b5efb9d7ec1,3.6896722e-07,1
012e832fdf8a,2.1442875e-07,1
cbe6708c12a1,1.6739705e-07,1
41a185376a2d,3.4277713e-07,1
1ba2fb1d7036,3.2154512e-07,1
f2dfc6db3d55,5.126981e-07,1
1ae85d325a36,7.015979e-07,1
5d7de963f478,9.2974955e-07,1
08abb49b38de,2.253309e-06,1
9cd69e8e3dc0,2.036061e-06,1
de2ba34d0f31,2.0484783e-06,1
987426bda301,2.1782773e-06,1
47d2f2c9fca2,2.1897108e-06,1
e53dd55fcd7a,2.4458623e-07,1
b1b325290bfd,2.6213644e-07,1
f7209ec139aa,3.1515754e-07,1
399e446c7ad3,3.9606533e-07,1
69ff0dff12da,2.4584085e-07,1
2d172f229294,2.9104717e-07,1
4e574d2023fc,2.6103967e-07,1
c3784100bfcb,4.824213e-07,1
1e0d1f864c13,4.754852e-07,1
0368900a0642,4.960839e-07,1
d668947c1dd8,7.032977e-07,1
952e659b69cb,7.0023646e-07,1
874f59e6bfc2,4.5212636e-07,1
0fba06d2e9b6,6.909991e-07,1
b6f561ebb08d,4.3979233e-07,1
736f2f7120d0,4.2517317e-07,1
80cf50b7b11d,4.188506e-07,1
9778ad222d3c,4.7706556e-07,1
a2acce18a171,4.9810205e-07,1
bfb83bc7ac4d,9.0863983e-07,1
9bb341ad6ed5,7.1689243e-07,1
8426246e9e96,7.012474e-07,1
b9dc5b7d4cce,6.232021e-07,1
1e5f2eada814,6.836196e-07,1
46952cc7bca3,4.805909e-07,1
1586a754ef3b,3.612524e-07,1
f9669d207874,3.3148666e-07,1
6d42be8ce3a8,4.547413e-07,1
0a0ad6365e69,4.2920962e-07,1
ec2472c100a2,4.9336387e-07,1
d55e88297a95,5.549014e-07,1
a0d7e79c658e,5.183354e-07,1
ce7d8be9470c,4.2339445e-07,1
74daf051ab57,3.4197734e-07,1
5506778d7cd7,2.1420504e-07,1
3b2a4f3f1c2e,1.186122e-07,1
93786156f9ad,4.034161e-07,1
3100d6634743,5.9732776e-07,1
0c01bc29d2c0,6.695157e-07,1
cd41ab302671,6.007005e-07,1
171576171e84,7.1516826e-07,1
9b600662472a,3.15203e-07,1
93f48dfde34a,3.6899633e-07,1
5da164971a05,4.374029e-07,1
25514eeb7339,2.823043e-07,1
e1252f4344d1,4.8665015e-07,1
f750f0986646,5.048495e-07,1
16b1ff531234,9.586378e-07,1
10cced3b4fe8,9.2226793e-07,1
e5a563c08304,7.2921796e-07,1
86fbffde7ba1,1.0738142e-06,1
92cf51aedb01,9.1958583e-07,1
32105089e134,9.228104e-07,1
3aadebf88d64,5.8448546e-07,1
f8ce101deda6,3.2990155e-07,1
337727f1b5ea,5.667844e-07,1
dc03b5446693,6.319797e-07,1
2343454d70b0,6.047596e-07,1
e7e922c073bd,6.047382e-07,1
bd7599645667,8.616968e-07,1
9d96d4b470c9,2.6226326e-07,1
9507e1a27e2d,6.552971e-07,1
bafb17af2236,3.6834103e-07,1
298f60180c8d,3.8402717e-07,1
c2e3415e1677,2.873457e-07,1
8b68bd4eb859,2.883079e-07,1
b361dfb5799f,2.6388176e-07,1
62439c0a1a4f,4.2908582e-07,1
9af004a6fc8d,6.507559e-07,1
8c4656f91f89,7.9230324e-07,1
40f9058993a3,1.0687927e-06,1
9ddd1ba4bf5c,9.216272e-07,1
66cf438120ab,7.898706e-07,1
ddac901e6c18,4.7136038e-07,1
1ecfc61d3ffa,5.0483703e-07,1
6bfbab25ea8a,9.356828e-07,1
44a8d7a11a76,1.3044476e-06,1
7db84d98145b,1.0664492e-06,1
756741b53f8d,1.1983486e-06,1
5c3c27f2c9f3,6.1838216e-07,1
8ca9b7e611f4,2.906218e-07,1
d3259e45ab56,2.500544e-07,1
45b4a52ea3e2,3.05432e-07,1
f1d5d9992422,1.5962888e-07,1
a8f6c026df5f,1.8512819e-07,1
19fc1ed6c430,3.3790275e-07,1
3605866626bb,2.0238853e-07,1
9f7489ac2547,5.244938e-07,1
2a5d804b3143,4.0160643e-07,1
2c8c7f28ad9c,6.207597e-07,1
3d38f404eba8,4.2981142e-07,1
185edd937ad4,2.7167226e-07,1
36be444eafc6,3.2215218e-07,1
84517f3d5835,3.4242794e-07,1
a6e05559f01e,2.3015397e-07,1
dd6c17629d39,2.4504357e-07,1
239d30436899,3.557395e-07,1
da4926cee76b,2.7980937e-07,1
7a04c601f9f2,4.757837e-07,1
e35a9bc5ef54,7.2004445e-07,1
e7a19de02402,7.279584e-07,1
8391f313b26d,5.8761503e-07,1
c0687c135891,8.678722e-07,1
1a2f7ef307fc,7.8113254e-07,1
e55a22a88432,7.4072153e-07,1
4fded1a69820,6.7013747e-07,1
34a2126d9c89,6.0528856e-07,1
f8fdb18a88f5,3.8321213e-07,1
bea30d58d090,2.0305299e-07,1
9b559f1b4388,2.3472312e-07,1
06da00d52c11,2.9544347e-07,1
ff5d54f7d249,5.000753e-07,1
223e2530c08b,4.850312e-07,1
2266b0ce42fa,4.495716e-07,1
1286acf522b5,4.2473508e-07,1
3bb8e6f3105a,2.3383096e-07,1
4607d8b8ea55,7.484041e-08,1
3fbf28417914,1.8655808e-07,1
8d70483eabf6,1.5876314e-07,1
c47a29cc5826,3.0180665e-08,1
ede066091bc8,2.3928501e-07,1
82fa609aac75,1.2821107e-07,1
22783e40126a,2.4871053e-07,1
d772ccb4efb8,3.2036397e-07,1
cd6dab233bb7,4.2672826e-07,1
f08d1cc90f13,6.087812e-07,1
0fa1bb5d50e3,6.825457e-07,1
914ae7f60250,6.40111e-07,1
8e0c52e1db96,5.7181654e-07,1
7e38c60e8f0e,3.6415298e-07,1
b7c0cf32609c,4.988232e-07,1
d8816b716af4,5.9339266e-07,1
1ebd7385619f,6.429664e-07,1
e2b896d1f81c,4.2996297e-07,1
1a058289b882,3.3715725e-07,1
a048fbe9b8a3,3.012392e-07,1
2daab1d55031,2.6635098e-07,1
5b7e0ce51108,3.7760685e-07,1
63dcd1a0f805,2.718889e-07,1
2aed15e34979,2.0451941e-07,1
41d698c37516,1.634021e-07,1
82e98dabb34b,7.6111725e-08,1
4e85b38e4439,3.0641718e-07,1
4ee5bd49f475,3.4961667e-07,1
6ceff7e2ee6b,3.916647e-07,1
b47618872c7e,3.0990677e-07,1
da6323fa9cca,6.9528863e-07,1
95f029d2d5dc,2.563127e-07,1
002ff3299958,5.053059e-07,1
e2740e7cb02f,3.9841385e-07,1
a34503c542d8,5.8239493e-07,1
1fb56b72a559,7.0452967e-07,1
065d8f511fb6,4.145522e-07,1
d9e0740cb62a,5.0032145e-07,1
d71e9599c168,3.8642736e-07,1
9282ba755936,3.8469244e-07,1
24c160ad5793,6.651433e-07,1
f2c6af347dac,6.069846e-07,1
58a94578a6e8,5.301045e-07,1
abf7c352d024,4.42073e-07,1
8c368a621fbb,2.594969e-07,1
673e1dfb1920,1.7519255e-07,1
e549a73b9bc7,1.5603275e-07,1
e62936136e6b,1.461059e-07,1
6659829cb549,1.8165052e-07,1
abec61ef2726,1.7807649e-07,1
a22d5701ada1,2.0144631e-07,1
c2404ad84894,1.7188356e-07,1
47207df1d447,1.6115946e-07,1
dc163d36150b,2.7061776e-07,1
28fb2d7edce4,1.7755923e-07,1
0238e3e9ed67,2.010489e-07,1
b3531b482bfd,2.1163983e-07,1
fe4316882eba,1.60065e-07,1
97703ba1bade,2.9238169e-07,1
0002b3ce70d0,1.8575237e-07,1
9f1f1d516085,5.501686e-07,1
42e963e18aab,4.4364677e-07,1
ffc49b3b34a1,6.502058e-07,1
c7244cdc88b0,6.142825e-07,1
3bd88a7dbdb7,5.534815e-07,1
f4b87e67b1c7,4.8630324e-07,1
7fd36eb3c383,5.6293084e-07,1
476a915ef8a1,2.874052e-07,1
7fb94a2fbb37,3.816887e-07,1
98d6e3e9f9b4,1.3878284e-07,1
9eaab6c9754c,1.6788383e-07,1
663d95ddb320,3.447556e-07,1
4c4a2cfa3056,1.1580881e-06,1
6b2f1e7dc399,8.563535e-07,1
a194c4d34396,8.531082e-07,1
cd414d1f0ddd,1.1404408e-06,1
948c6bac8729,7.441285e-07,1
ad0c739a9d98,3.2245117e-07,1
307e50e24d27,3.882059e-07,1
715a621ef223,2.986274e-07,1
577e869d101a,5.5298847e-07,1
0292c2359919,2.558141e-07,1
0349140b7336,4.161137e-07,1
78693a91e6cc,5.522007e-07,1
75296b491b56,6.363666e-07,1
dd9d9923a4e4,5.3882127e-07,1
46900a7e43dd,5.0348194e-07,1
96cf2bee4ec3,6.043845e-07,1
7527be71fdf8,4.5908823e-07,1
01d24185e43c,5.144172e-07,1
852163f052e4,5.292285e-07,1
858133c99e98,2.9346816e-07,1
13aba130b5c7,3.7148172e-07,1
3ec947765dcb,2.748603e-07,1
61d2b148f798,2.2526785e-07,1
522461c616fa,4.082615e-07,1
d7ad26d427d9,5.715459e-07,1
f4c91efeb143,5.8054593e-07,1
87e9ad1ae614,5.1545874e-07,1
4875b13fde5e,4.9347466e-07,1
7ceede749e70,4.621872e-07,1
b0928e763d87,5.1579076e-07,1
178c4aa67974,4.963925e-07,1
9518f293dad9,2.8123677e-07,1
3fb211ec751c,6.726015e-07,1
9f68dc7cd559,2.0957656e-07,1
03d1c17d82d8,3.5368612e-07,1
7130a69d481d,6.6511365e-07,1
6774b0ccf582,4.6870292e-07,1
9357166adae6,5.010128e-07,1
ae74fbb566f1,3.3306472e-07,1
62593716235b,3.8135886e-07,1
65dcc05e96dc,2.3452189e-07,1
d53774f600c5,6.591982e-07,1
f8ed697f8192,9.73453e-07,1
df1f317b866c,6.501599e-07,1
5a40250d0fbe,9.1065823e-07,1
e9752d953fc0,6.217349e-07,1
274d4366b065,3.6795197e-07,1
0211cc38b4a9,6.119965e-07,1
6269e2bbf6b7,4.1267793e-07,1
0804915cadc3,5.2330256e-07,1
521ace2d729f,5.300264e-07,1
e072a9615c4b,7.1905015e-07,1
b777e605cb06,6.3099174e-07,1
731d5d4ec670,3.3127412e-07,1
e6ac1eeb90d7,3.7687076e-07,1
41fe76a7267b,2.7125026e-07,1
0d272a4ca8cd,2.60885e-07,1
1b9d4e8b49ce,3.3097422e-07,1
e4b79f84735e,4.9373085e-07,1
8294892b6ba6,4.9814764e-07,1
0504c238b7d8,5.0998034e-07,1
3f0d539cafe5,4.0074875e-07,1
4d1bbae27a2c,3.8231119e-07,1
ded0cf4d25ab,1.4831885e-07,1
f112e1d4c571,3.8973604e-07,1
0056bdc3766f,2.779042e-07,1
568f7106a525,3.2645679e-07,1
7e1a945316db,5.575925e-07,1
7306940ac59b,4.6718412e-07,1
75079e21091c,5.034421e-07,1
7fa6f5e52863,4.934106e-07,1
92e7f846e64c,6.8378455e-07,1
752489238da9,6.3542984e-07,1
434bde3cbaca,6.961967e-07,1
fc149c9dc5d4,7.698555e-07,1
bd7ee45aa952,6.833578e-07,1
b4dbd59caa59,4.7878655e-07,1
b6678926025d,6.9354707e-07,1
20e3edb6efff,2.7217467e-07,1
7c8841f58e1e,3.3241687e-07,1
4f46e3b9df48,3.259304e-07,1
0099758945d5,2.8847307e-07,1
a5cfef421b20,3.678703e-07,1
8fe14969fa6a,5.599229e-07,1
300ab3d2f8c6,4.5194318e-07,1
ea9474d6f735,5.66421e-07,1
f021e38a419e,5.6890775e-07,1
cafe3ed0bd6f,8.3081466e-07,1
b5768986708c,6.4279044e-07,1
0b48ebe63b1e,7.544726e-07,1
87494929ba5c,4.190629e-07,1
b8314cc1c571,4.0777488e-07,1
b3817a598e8d,4.253137e-07,1
d07c26458f0e,4.1476446e-07,1
ea781bcdcba5,2.0497473e-07,1
a54eea8cb17b,1.1482762e-07,1
239a45540cd9,1.7070505e-07,1
6f411f7eac0c,1.5796414e-07,1
e0978d5eb2c5,1.8036367e-07,1
fe15fd53b933,4.5176856e-07,1
f8b08d57121c,5.0225333e-07,1
8bbd40aa54aa,6.4567666e-07,1
c952b7f7db85,5.463383e-07,1
d17d65bc89c6,8.242902e-07,1
04f31dc7f4d0,8.634775e-07,1
3ef1b4c69a16,9.027113e-07,1
864ed12077fa,9.585104e-07,1
f16fed79e0f7,9.754297e-07,1
fe2c74dcc416,6.6536796e-07,1
278f5331bb88,6.9747347e-07,1
4c55992d8a46,8.2233925e-07,1
b88d414bbb9d,7.4210084e-07,1
ec97c5f0cc1f,3.9290327e-07,1
0f89878003db,4.2333582e-07,1
c906b4074091,6.047182e-07,1
a164ef04ca19,6.430363e-07,1
e1f6da5d2570,7.348066e-07,1
fe89f4c8f20b,5.6505746e-07,1
feaf71af9de2,2.435401e-07,1
e46c6a616f56,3.116257e-07,1
39fdeaa1a553,2.9730182e-07,1
fcf5f33f012b,3.528272e-07,1
5c7c1241df3b,2.5304405e-07,1
1d38e03b969e,3.5956768e-07,1
a8f749ea0412,5.497658e-07,1
08a4adf2d3b9,3.444744e-07,1
4f4889094ec7,6.3702504e-07,1
538634c6bbd7,5.7218773e-07,1
c0f6dcbc0676,3.773357e-07,1
0e07665d4b6a,7.0678055e-07,1
936625b2c2e0,9.295546e-07,1
22f13414ee34,8.897598e-07,1
d6d0949a1066,1.0597432e-06,1
6040fabe83eb,1.0049284e-06,1
d8d65d77a1df,5.84825e-07,1
c67c49cd4aae,6.469392e-07,1
dbfd35c252a7,5.443199e-07,1
5d9dc7f3c347,3.9496345e-07,1
d869e6b29b37,4.1023256e-07,1
c485e028f88b,2.559495e-07,1
7a55f6727935,2.0190444e-07,1
7e66975f74eb,1.9840591e-07,1
757fe361bfd3,3.7652723e-07,1
de80fe9f6fd0,3.9140204e-07,1
d8183dde85ca,4.180917e-07,1
3321434ca401,4.5317736e-07,1
6838e3f6177e,3.710727e-07,1
67cd760e8771,4.501981e-07,1
a4370ecc75ad,4.635821e-07,1
4fdc9359e092,3.0675713e-07,1
1a69d726f4fb,6.853761e-07,1
974840923a62,5.438112e-07,1
515d8c6bdae5,4.5800613e-07,1
001979dfe008,5.0683826e-07,1
e49f0a4ee3a4,6.5480396e-07,1
662dffd5a866,6.041099e-07,1
18cc3428cdb3,5.4292843e-07,1
0b437e814c79,7.086203e-07,1
68cb9d6e1911,6.255825e-07,1
9932d889ca1f,5.149383e-07,1
0cabcd25b751,5.120817e-07,1
44da7ce7dda9,4.6380467e-07,1
46686e749615,5.790922e-07,1
926949aa2bca,6.3904946e-07,1
d898629ecad9,4.6358298e-07,1
d1bde5545272,4.9590665e-07,1
4975c89a93c4,8.450534e-07,1
12273e4bb7a4,9.653002e-07,1
54fd2e0e277d,9.869523e-07,1
8c9898eee045,6.7983257e-07,1
7f635511c258,5.138796e-07,1
d0d7f8d26c35,2.1476218e-07,1
9c74f8d203fc,2.1810463e-07,1
b77f0b11c909,2.5213893e-07,1
2987aaf59776,2.9113332e-07,1
ba75cccf8fa0,3.363742e-07,1
ace79b8b6f1c,2.2519207e-07,1
bdd0dc26df75,3.1023632e-07,1
c68efe0ccd19,3.6881076e-07,1
3de91c8041b0,5.423206e-07,1
343b6438ce3b,6.1668936e-07,1
807cf4b0720b,6.036758e-07,1
a32a510f220a,4.4490017e-07,1
d65504e93541,2.7658177e-07,1
9de94c0d73ef,1.597074e-07,1
f5df064a60c1,3.0949144e-07,1
056ba68e6263,4.3648168e-07,1
6e107a3b2861,5.149207e-07,1
2b89bb6c4123,4.6467477e-07,1
204f1eae07ff,4.5202927e-07,1
6fe577421e99,2.8855828e-07,1
984abb256d87,6.4195285e-07,1
c01e545da294,6.206357e-07,1
b844cdc40194,5.0092484e-07,1
8703edb21093,3.5732023e-07,1
4d4989cb3d58,2.6947674e-07,1
8cb7deea3a00,2.0845552e-07,1
38fa09fe0f2a,3.1785896e-07,1
d9444ec520a1,6.6714665e-07,1
3b92f846b3bc,6.72353e-07,1
5425c68f4924,7.8436415e-07,1
6090221d4261,5.0154046e-07,1
57214acf0fe7,4.7060837e-07,1
8ce762ec0574,1.1601415e-07,1
52ba9546cfcb,1.5670234e-07,1
b30e51dae324,1.3579648e-07,1
e5995de24b15,1.1246237e-07,1
63df5aee3e61,2.7216493e-07,1
ca1807a350d9,3.67227e-07,1
37cbdf7b03d2,5.11683e-07,1
8bdcc1a21798,7.114935e-07,1
320f834dd2f6,4.946915e-07,1
0a24068ecd0b,5.4191156e-07,1
70335f3e69af,3.2854626e-07,1
c7563c77430e,2.0852124e-07,1
8d1e1dfa45b5,6.9970355e-07,1
a39d68878772,1.4192858e-06,1
dcce8018a41f,1.7692487e-06,1
af64a6e33d12,1.9520048e-06,1
9a0e8bb4d35a,2.4511194e-06,1
a6ec0d84ab2f,2.5624488e-06,1
ee546e477498,7.418428e-07,1
342596968904,6.2028886e-07,1
11e4778cb42a,6.191002e-07,1
242be2401655,1.3087177e-07,1
bfd52c53d2db,2.1329348e-07,1
3cbe647f5de7,2.5648484e-07,1
9b15394ad385,4.2989544e-07,1
dcd0462ca688,6.572429e-07,1
6d681dfce576,6.6065405e-07,1
0b640d70772e,7.2403054e-07,1
4fd3c5497c5b,7.421775e-07,1
f1a4cbb090dc,3.24497e-07,1
8ac9d029329e,3.1515262e-07,1
4db7684dce27,2.058738e-07,1
d1f30d9f1086,2.0572767e-07,1
e3352bed8d2d,2.9149956e-07,1
6da4c4ca8930,3.1745387e-07,1
931b510c3afc,7.690772e-07,1
9532f301c1e5,5.606434e-07,1
6dda73ec3485,4.989849e-07,1
740ae31643f4,5.8148794e-07,1
fbaa66f175ed,5.368549e-07,1
23b01b482b65,9.055879e-07,1
6d837aa77a04,8.388039e-07,1
22cb08ae80f7,3.267367e-07,1
43451f4be638,7.9248576e-07,1
93b87b1593a6,4.4814334e-07,1
29ee70cd4768,5.3433274e-07,1
81466fe12d5f,5.366911e-07,1
88f9ccff7aef,3.518046e-07,1
e71127ff8cd7,5.6753436e-07,1
2d5a2e568aa9,5.5643517e-07,1
59bd1f164397,5.0898717e-07,1
46e19c52bd06,3.5690294e-07,1
0aa9a02531db,2.6526172e-07,1
9f32fce24eb7,2.2615515e-07,1
5a48a6dd6669,2.6304212e-07,1
bfed69048554,3.5918785e-07,1
d3d089323d60,2.3780251e-07,1
395ee8e43294,3.8750966e-07,1
7e038f3a7e90,7.268834e-07,1
a1e2632dec6f,8.059047e-07,1
f3cb5b96c69a,8.179116e-07,1
07425a7e28eb,9.943833e-07,1
0cb97f70eb95,8.4586236e-07,1
c5d265f07523,1.0870427e-06,1
70e9902ec087,9.696323e-07,1
566468ab9ac4,6.1474026e-07,1
dc5a2afdb234,6.1468387e-07,1
95fa0d1abd3f,5.200683e-07,1
0e56794cedc2,3.4529353e-07,1
5f8e6c3bd994,3.6776743e-07,1
1503968dede8,4.6930742e-07,1
da2df8590688,4.708266e-07,1
5f2c78b936fb,6.50991e-07,1
fcc869d8c521,5.8531685e-07,1
d87a54fa9efc,3.797797e-07,1
426a3a8d59bb,2.384724e-07,1
8a3e5dd0b206,5.1063626e-07,1
db704af057d2,4.8165566e-07,1
ecefff7c8451,7.62246e-07,1
91f89e4cf6ec,5.9272526e-07,1
0112a6623512,3.9036388e-07,1
9b28d827ea0e,3.5769025e-07,1
82cfada5430d,2.324808e-07,1
f3859e9c3d9b,2.2863892e-07,1
891161e6c569,4.1726852e-07,1
b8d2b4ccf347,5.850515e-07,1
177d3c1ecab5,6.203673e-07,1
8088df10825b,5.6982964e-07,1
53a6b64e6959,6.1410225e-07,1
2d0228906040,5.1911604e-07,1
50102ab36a24,3.0652404e-07,1
1cee6bce20f5,3.6861925e-07,1
8f104fed0d2e,5.160852e-07,1
d944281fa29a,2.6874937e-07,1
479936ae106e,4.5019684e-07,1
685d50abfa65,2.9396958e-07,1
95f1f97e0b82,2.3802386e-07,1
6f405c49d260,1.6945587e-07,1
11c40660b30d,1.2169576e-07,1
acfbd02ad433,2.6502786e-07,1
c024b0f47cde,2.9277612e-07,1
64d144f5a13c,6.225601e-07,1
812edd272ebf,6.8452294e-07,1
cf6d49d082a2,7.438034e-07,1
b170f8353768,6.215469e-07,1
598041832b09,6.863316e-07,1
619a275d08d1,4.236954e-07,1
afe109b95884,5.434664e-07,1
de9cdc65a027,4.0159733e-07,1
f259f3bb5a0a,4.79354e-07,1
c52c10dd7d71,2.8910574e-07,1
b445b94670ed,3.351916e-07,1
b9f14038ff7a,3.76879e-07,1
79662f63dd65,5.083102e-07,1
0146732d8011,6.296122e-07,1
a82fbb1e19be,6.5150994e-07,1
54b972cd989e,9.563473e-07,1
eba4c50ddf1e,7.460193e-07,1
731cac4b02ac,6.83304e-07,1
41131673dad0,6.676647e-07,1
9652e6dd36ee,3.854881e-07,1
c3a9a34bca46,3.7404166e-07,1
5b033b8478b4,3.3106588e-07,1
4e8ad7f74b56,4.340642e-07,1
d3ad01052150,4.1689532e-07,1
8489fd54239d,5.752039e-07,1
a4142a225f52,6.0282883e-07,1
cee83e2bb376,8.590471e-07,1
868cf8fecfb3,8.574321e-07,1
9e8c149b58b4,4.1858056e-07,1
8d6dcabf4808,4.2133001e-07,1
c12e47df0218,2.7047457e-07,1
d8ca10bd6eda,2.1044664e-07,1
7b98c1db6e41,2.2945063e-07,1
484b9d569066,1.619686e-07,1
e8c2a994ffab,1.8264845e-07,1
3101a0a60fe9,2.2681219e-07,1
b9428b8b9eb1,3.6564902e-07,1
c92808cd60d9,4.0282384e-07,1
c17b7a85cf28,3.604526e-07,1
fdaa3bf424ee,3.536364e-07,1
1499a0cf8a68,2.3145567e-07,1
ab052967699a,4.1851234e-07,1
a1185ad70425,4.762124e-07,1
e361216a4f9c,4.895805e-07,1
f575febcd810,7.547515e-07,1
be3ca6cc158c,4.9408465e-07,1
febfd5fcbb70,1.1367647e-06,1
6a30a9c8964e,1.3910554e-06,1
08e9732a009b,1.3811709e-06,1
84699fcb5008,1.6331993e-06,1
5d43b3bc1538,1.5096418e-06,1
fa357eb1d52b,7.695718e-07,1
7a7120a352f9,1.1428448e-06,1
3e5bba5b336c,9.976721e-07,1
f4c1f471393b,6.011901e-07,1
ed4bae7422bf,6.218778e-07,1
3902dba232d6,1.9227461e-07,1
9f3d4527d291,2.7772666e-07,1
41b6597c5a9c,2.4776395e-07,1
2a7d5eae16a2,6.847251e-07,1
91e68f4e32bc,6.527964e-07,1
b7c6e83695e0,6.373683e-07,1
3e0cdde8ef3e,4.221923e-07,1
cfd9b477cc37,4.743427e-07,1
53c17ed4155c,5.877959e-07,1
0c117d93dfe8,3.423497e-07,1
fec5375f1182,3.0862705e-07,1
4a5b7ebbe26a,7.988404e-07,1
ab32f5c9694a,3.395061e-07,1
f6d6cb1be662,4.793055e-07,1
e6322e7d1948,4.0554966e-07,1
be8f10eb1a0a,5.913157e-07,1
a95eb3b5ddc5,1.3797232e-07,1
0fb5fb5c0849,5.574643e-07,1
6e99b954ab53,2.2172716e-07,1
e87cb32b0b73,5.1787316e-07,1
5b5c62d756cd,4.1551047e-07,1
8600a50eb868,2.7972658e-07,1
dc39a3750459,6.060376e-07,1
e21c825b7b76,4.2140715e-07,1
071733ffe83d,6.3351297e-07,1
ad4afe76f6af,3.974571e-07,1
f56770f96c74,5.633228e-07,1
8d22a7085483,7.0003176e-07,1
ba96a42193ec,2.65479e-07,1
64e8a77830dd,2.7358814e-07,1
f2440cbb84a7,4.6341148e-07,1
c7d77748ff0f,7.927789e-07,1
a008a1ec31d6,6.157561e-07,1
48f1aef2fa0c,5.2917704e-07,1
b3ad19418444,3.0476505e-07,1
7761fd333ac3,7.631206e-08,1
d3fa571ed4f0,2.4474647e-07,1
c1166e6d8a8e,6.6275305e-07,1
ab7577116ad1,1.0397391e-06,1
2bf3870723da,9.451817e-07,1
ed7c35afdc61,1.0671063e-06,1
908e02fd04d3,8.777683e-07,1
2cc360a68351,1.0384184e-06,1
e0c2c9fbd0b3,7.8913354e-07,1
a6d385b34638,3.0148433e-07,1
796938c1af37,1.8383972e-07,1
f915d7dac87a,5.7095264e-07,1
38791870b6e3,5.3986344e-07,1
5cd6db34ae19,3.0860636e-07,1
62a90d8f0924,4.0359936e-07,1
003fafdf6d84,2.9832924e-07,1
d540949ec5c0,4.934265e-07,1
e4cbd6a0b8e0,6.2943684e-07,1
2324501067d6,4.160794e-07,1
bd1733592a1f,4.1823233e-07,1
da428887695d,3.3166356e-07,1
9716c514d911,4.2078176e-07,1
c4e6faa4f0d8,2.4175068e-07,1
a46d88035d28,4.3799406e-07,1
98a731318ca1,4.3251333e-07,1
9fd578a1a1b6,3.0336605e-07,1
474b5b463b21,3.686072e-07,1
b5c26bf88164,5.290185e-07,1
e41718d8905c,3.463893e-07,1
d13261708f22,4.0107022e-07,1
5ae217e01e58,4.2540194e-07,1
882e7eecc69f,2.8255874e-07,1
654d4e0f1f8f,1.8419905e-07,1
237b81ecb17d,2.4738466e-07,1
456a0e1fa372,1.448438e-07,1
fcc974277e38,9.4979555e-08,1
a21709f2c685,2.2376429e-07,1
0e8e653b5d30,1.9230139e-07,1
7100fc7273a1,1.8178092e-07,1
eef838ab99b1,1.6916968e-07,1
f5947ee3997b,1.4259166e-07,1
97a42cb8d920,1.9928797e-07,1
a6a757f9fed8,2.084193e-07,1
cbf92f9f1ae2,3.536138e-07,1
2e7b63118751,3.120031e-07,1
5b41c92f580d,2.1237507e-07,1
65a6c4acaf83,2.344829e-07,1
0ab30e783b74,2.5339517e-07,1
dc3505172097,2.9854172e-07,1
474b3aa4e831,3.8422718e-07,1
8e672b765fa3,4.2837596e-07,1
3bad94f8a5f9,7.167491e-07,1
cf63eb442dab,6.898044e-07,1
b9b8c887d641,6.477556e-07,1
aa0209bdf9d2,5.0112124e-07,1
6277b54f0840,4.5120638e-07,1
7d95e299c96e,3.5298547e-07,1
1be117ee2f62,3.5471749e-07,1
eefbdc190e4f,2.966432e-07,1
6a10cf3f7b45,3.6527138e-07,1
043670054e18,2.6272014e-07,1
bab5a7009adc,5.8719365e-07,1
55e8fd708c1f,4.4129945e-07,1
030da5b58199,3.6761233e-07,1
417ca8483585,2.9576077e-07,1
ecf678e99bf9,7.755506e-07,1
e6a0b1403cf1,3.4833965e-07,1
f8e7f9e11356,5.312356e-07,1
d0a6ad82c5dd,4.561183e-07,1
2a48ecda93fc,3.0594393e-07,1
804d24214f7e,6.494501e-07,1
e5e1b36c10d2,4.0278985e-07,1
c8ee52a2ac12,5.824525e-07,1
9c948bd19aeb,5.528477e-07,1
cae1bbf00374,5.7101965e-07,1
abcc07365dd3,3.7628826e-07,1
ee7b4b12c005,5.9079616e-07,1
a5c7eb33914e,3.5228155e-07,1
dec30464f78c,3.838647e-07,1
29d0d555128f,2.771125e-07,1
5eab63825fb3,2.58536e-07,1
825ed4e452f6,3.5213802e-07,1
34ccda5b84ea,4.1242706e-07,1
3ac6e90234cf,1.9725121e-07,1
8696714e9299,3.0290045e-07,1
fa47699ffca9,5.2457824e-07,1
0311b5dd9d66,6.760646e-07,1
f9d747f97c64,6.7401197e-07,1
9a405d602803,2.5056008e-07,1
bbc675a22ae1,2.5814222e-07,1
0ece41952b99,2.491831e-07,1
9857f5b0e920,2.8094988e-07,1
a3816dfbd7a5,5.358888e-07,1
e36f26818347,7.7916974e-07,1
128684ff383d,6.7612547e-07,1
956b85d410b3,6.3669233e-07,1
ba0fda0a9bd6,4.866127e-07,1
d6705e52a15e,4.518994e-07,1
657a8f14c89f,5.500408e-07,1
3647eb70ed0b,4.3007947e-07,1
d4f84a689974,6.705373e-07,1
2c050e0eb5a1,1.2893178e-06,1
68b2cc43ea9e,1.2230732e-06,1
caba64864d2b,8.6988257e-07,1
454e700a9e99,3.2998503e-07,1
f2212a4d3dba,2.0165244e-07,1
fcc3c41aa3d8,6.501719e-07,1
c2f294e39749,6.7274516e-07,1
43d70289d418,5.0579837e-07,1
590eb5652572,7.876035e-07,1
80e12a72c744,2.4575337e-07,1
236b2b76dbe7,1.2966314e-07,1
67b8dd5955e7,2.1373945e-07,1
6d97457aaab6,4.5292842e-07,1
7054747f3a3d,4.769584e-07,1
36de81dac2c6,5.6745756e-07,1
67e3607d1e2a,6.03415e-07,1
111af6379925,5.197693e-07,1
be2274727a81,5.9925634e-07,1
5509cfe1f5e7,1.0221172e-06,1
c48c5a5d47a0,9.715807e-07,1
25017ab8aca5,7.8458635e-07,1
94d23f414483,6.8961145e-07,1
acb0f235720a,5.2208134e-07,1
9bc15151ff82,4.4274077e-07,1
15e98eda1cde,5.478839e-07,1
ccacfc11d708,6.041432e-07,1
bdc7e8f51665,8.1110716e-07,1
22a52478c2c1,7.444984e-07,1
43407b7ec5bb,7.7041847e-07,1
dc08e51824a5,6.0508074e-07,1
892c60c2c439,5.4847277e-07,1
631f96314c9e,5.3454124e-07,1
192c97ac9313,3.1169938e-07,1
a729ef19790b,5.143745e-07,1
5cb3e67c843b,5.155231e-07,1
1dc93eefbc84,6.137588e-07,1
5914a1e4cb76,6.3238133e-07,1
7f2d1d76fb73,3.815913e-07,1
7080936eb8b7,4.5764025e-07,1
c18002852207,4.8651935e-07,1
d19879981c02,2.6896257e-07,1
102a3f35153a,3.9451436e-07,1
56602c842b81,4.4707517e-07,1
e82809c7c387,3.280231e-07,1
8b92e1e89b18,4.3633878e-07,1
86b2eb0c74f1,5.827595e-07,1
b50e5c1e8325,5.8407835e-07,1
432cade03375,6.7979937e-07,1
1504b255a3e2,8.0295644e-07,1
744603fdaff7,1.8048098e-07,1
3c5a788abcb5,4.4171384e-07,1
cc2256cc4f86,3.5808577e-07,1
219743f23484,4.53024e-07,1
4b55938b5196,3.827002e-07,1
e88b71fe114a,2.767546e-07,1
eb269496dd88,1.7878244e-07,1
de5f2b694081,2.5714903e-07,1
d54fd9e949e3,2.9883046e-07,1
0c00f6feb6a4,2.085602e-07,1
6448b40b6672,3.4884167e-07,1
39fefaea4bb1,3.5659792e-07,1
c07e811dd6f8,3.6656567e-07,1
bbf10212a7f4,4.5916175e-07,1
1e0139e933fd,5.904996e-07,1
6c908dc2499a,5.575768e-07,1
e448ecaba481,4.1210816e-07,1
c6ec6b6a714f,3.2072057e-07,1
99ac32e4c4e6,3.254445e-07,1
545dac167b7a,3.7320095e-07,1
39c0b657b260,3.7664273e-07,1
c2ef17ce7f3a,7.325578e-07,1
dc8e9527cf61,8.91405e-07,1
7bf65f90bfac,8.138714e-07,1
457467502df8,1.1500796e-06,1
ae561ebe9631,1.1801626e-06,1
608cc9f3f328,1.1395302e-06,1
5d8cf10da14a,1.0320268e-06,1
7cd03380757c,4.7810215e-07,1
7be1402aa136,5.8988473e-07,1
d9598a665a79,2.0847718e-07,1
79dee3c6c576,3.0314078e-07,1
d920a38e0428,3.3803894e-07,1
77197c3ba67f,6.263733e-07,1
8d310fddbf1d,5.970315e-07,1
a4ceec332e89,6.144941e-07,1
a01a73a3ea6e,6.8105044e-07,1
ef64ebe74e24,7.727118e-07,1
2289885feec5,1.133688e-06,1
7b2b6e828d43,8.58333e-07,1
cb241419e6c0,6.631118e-07,1
e4fc828999a5,7.6805543e-07,1
1d1d2275f916,6.4704955e-07,1
005f0433eab3,9.0870196e-07,1
a44a6552ba45,7.8385284e-07,1
6637df5584a5,2.5366705e-07,1
52732ea628e0,2.8734118e-07,1
5d91aa44a8c7,4.3559123e-07,1
fc34f4cae0ff,4.0290706e-07,1
b655f3ea263c,3.702728e-07,1
a346072cfd8d,4.2010575e-07,1
3495f4db6161,5.072554e-07,1
6d2def76797c,6.510518e-07,1
0af17d941a84,8.607168e-07,1
c8a8857d4af0,4.3830897e-07,1
94802be04193,5.777139e-07,1
0ad0b8d3c3c0,4.3219453e-07,1
7234672d67d5,2.665806e-07,1
2ca5e6a8df45,3.0821025e-07,1
3b9c6478f49a,2.9340245e-07,1
ba02d548de0e,1.7490807e-07,1
a69bcbd03dee,2.5272274e-07,1
7f878a4ebd7c,2.144308e-07,1
ad96188df5a7,3.294222e-07,1
eecf5491fc75,2.4481116e-07,1
05a7051ba8c1,7.248659e-07,1
0807664303a6,5.678616e-07,1
d97a6c2e249a,3.840912e-07,1
97a3af1481e6,4.0851234e-07,1
61d0aba17d3b,4.6744293e-07,1
cfc36645ff18,4.05374e-07,1
bedf2a534fda,4.4289197e-07,1
28f16b15c9fd,7.051126e-07,1
dea28355c2a8,5.3168515e-07,1
e80c41b27864,5.3785186e-07,1
a47a76f98496,3.8180104e-07,1
57bf71625023,1.5470708e-07,1
222cb3f9b80d,1.3317215e-07,1
4de484faed79,1.4453639e-07,1
3d9f496d54e0,4.6867436e-07,1
daab50563e8d,4.813195e-07,1
f27af9044b16,4.6662052e-07,1
a3c7439671f9,4.9333084e-07,1
aaa4c3faa88b,5.4758385e-07,1
04ef48094552,3.2914815e-07,1
a60e8768c255,4.7427042e-07,1
a609be718e58,3.9190866e-07,1
543a4853a366,4.9235683e-07,1
6e79c1222e4c,5.4761057e-07,1
db9b79ec4510,4.129817e-07,1
2d5cf2c0e1fe,7.1949603e-07,1
aea219be46d4,6.0097517e-07,1
1481d7e9ee4c,6.638655e-07,1
edf43cdeb623,6.3097735e-07,1
22cca24d875b,6.838131e-07,1
994ed3405d05,5.242392e-07,1
04ee730a9514,4.2750617e-07,1
73ce64289a90,3.6087394e-07,1
35e754fb00b8,3.2338946e-07,1
12ba26fc2a62,4.5521878e-07,1
8bbbe72a37bb,3.722831e-07,1
1638619b7745,4.238834e-07,1
88b1ad11a0ae,5.159621e-07,1
7e22493e3074,5.092933e-07,1
1f36a0748ea9,5.6006775e-07,1
fdccc091f63f,3.6817997e-07,1
580c1100260a,3.7213178e-07,1
fc00ab80379c,3.1066264e-07,1
1116bb09867b,2.9207564e-07,1
85fa57999c8d,3.1084488e-07,1
5f8cbcd78111,3.669312e-07,1
d8069903341f,5.1370523e-07,1
965f5b397a08,4.9678323e-07,1
656df89883db,5.741372e-07,1
108a451dcd6b,6.658156e-07,1
d11f18b79457,5.7739146e-07,1
68312dbdb8aa,4.84855e-07,1
dc5ce6f1147b,5.07648e-07,1
c419a0a001ad,7.308943e-07,1
fed833315170,6.762748e-07,1
0d8eb5e2817a,5.69044e-07,1
d24a6f856cd0,8.2374424e-07,1
184e6491ac28,1.2405787e-05,1
ffe45ed56656,1.0962473e-05,1
5118bd5ff30a,9.387845e-06,1
b4fe15c05859,8.85857e-06,1
3adfea9e94c0,1.5270454e-05,1
b560e44e3c29,1.1963701e-05,1
057cdf0764a6,1.7613878e-05,1
4d554f7d954c,1.9219107e-05,1
393a535c11b7,1.1608076e-05,1
8894dadce086,8.701584e-06,1
21a03b141591,2.935852e-06,1
47d8dd507963,3.37466e-07,1
6a8bd83c1de6,2.828594e-07,1
dc453d6e438a,2.0176859e-07,1
a7d07fb0f5ef,3.1138396e-07,1
1ff98485022b,3.1568956e-07,1
8b133db06759,3.0826433e-07,1
e29bad596b1b,2.1369897e-07,1
14de9287355e,2.1438396e-07,1
8410cac3c3df,2.2396001e-07,1
22eeae1f9b55,2.0668034e-07,1
bdec70071708,6.4578154e-07,1
a3f5d3769d27,3.9563858e-07,1
88de5a8a5b1d,5.4279695e-07,1
d0d7d7c628d2,6.9716026e-07,1
31c9bd3516af,5.77014e-07,1
103ed2165627,5.415809e-07,1
2fb0568c64f4,5.9112904e-07,1
2b41229da2ef,4.7191568e-07,1
2114f61b6f6d,3.390765e-07,1
c28e2a24a7d4,4.3912758e-07,1
a64c3b3e36df,3.793245e-07,1
fb95a0fb9502,3.3851384e-07,1
53172f27e935,5.442011e-07,1
a9b3a76eed60,6.5003684e-07,1
1f7d547aa155,5.074991e-07,1
9178368765d2,3.615816e-07,1
78dceb774d49,2.3931938e-07,1
571496b9b47e,2.3644773e-07,1
bd07bec72b20,6.1033853e-07,1
748c8a11b617,5.251758e-07,1
5be0d397020e,5.804702e-07,1
3588d84f2c9f,6.399144e-07,1
0f5257811c7a,4.6000218e-07,1
97834fd3704a,4.300901e-07,1
66b91f707d17,3.212409e-07,1
32849518df54,2.5473236e-07,1
4a534296ec10,3.0603144e-07,1
a4824f0ca397,3.4256394e-07,1
871e60c22914,4.954902e-07,1
8638276d037b,4.034044e-07,1
29077a6b4a25,4.2701362e-07,1
08fc10669e1e,2.0437031e-07,1
d265a54115ec,5.0676744e-07,1
4b2550bd4cb8,4.268148e-07,1
83d997656fab,5.7510096e-07,1
de979b19a6e0,6.5960245e-07,1
c982c85266ff,5.5502824e-07,1
8c8b52a8dea3,5.1169724e-07,1
8bc74d062d61,3.986121e-07,1
ac023ec11a03,5.9421944e-07,1
c05d29d18a70,5.55498e-07,1
603d088d0943,4.002066e-07,1
1c6e167aab66,4.6029166e-07,1
1e8b56f5ef2d,2.4164171e-07,1
533b75951557,2.388823e-07,1
ff2b4d8925e9,2.499352e-07,1
d43e97f6a43a,2.3745166e-07,1
c7e6f53da882,4.4225584e-07,1
0d6ddadb8028,6.973871e-07,1
89bee7e0e362,4.3415304e-07,1
c7300240d314,7.3009613e-07,1
856134b36c4f,5.0804726e-07,1
5330756a12c7,3.9190434e-07,1
531c275a4cb2,2.3278344e-07,1
550bbab7bdc3,4.8702975e-07,1
7ffe6c24ff02,6.8860203e-07,1
d9f512f78749,7.2378856e-07,1
003334ec2de5,5.623968e-07,1
d16b463a269c,3.3988124e-07,1
2a0d2f47f734,0.0013505335,1
c5112140340c,0.0013525818,1
4537643f2de3,0.0013507744,1
3340a9ab6dd2,0.0013480268,1
b28c5c5fce1e,0.0013377417,1
eb224321a5a4,2.5242045e-07,1
0b840a58ba02,3.645224e-07,1
b3b29cf2772f,3.2021936e-07,1
8c3df22646b2,3.521657e-07,1
d1de98fba937,3.625191e-07,1
0f3a77748b04,1.8812435e-07,1
9f9dedae3018,2.025676e-07,1
14ba271d15ee,2.9970505e-07,1
73253bb7f936,3.9759541e-07,1
9e6e3502296b,4.6258822e-07,1
a01f80fa9f4a,5.913188e-07,1
7882ef882c3f,7.56119e-07,1
366e8f804449,5.5973135e-07,1
4cc0915e2703,5.038861e-07,1
519a9fb7b5d8,4.821288e-07,1
1347df06fc8b,2.1298455e-07,1
02ec74a0ff6f,2.7388836e-07,1
ac0e4842dd7e,2.7374514e-07,1
51dc9213cdf4,1.7832753e-07,1
16ccb1eb4828,4.3075448e-07,1
be898fbba65e,4.7728435e-07,1
3ea5c43b586d,4.6159897e-07,1
7c6e37d6d285,5.701028e-07,1
9f0cc3dbe835,6.541736e-07,1
8eed734f1129,1.8794752e-07,1
642477fc0f3b,3.2394212e-07,1
5db137733220,4.774562e-07,1
8eb317dbdc33,5.7590773e-07,1
97c465df38d0,5.618924e-07,1
dd102e01ed2d,4.6890975e-07,1
98cc7172df84,2.7808707e-07,1
100c6a8f6869,1.6798138e-07,1
c319152f2aa2,2.2221373e-07,1
42ea4aeb18a6,2.3150298e-07,1
f64d86ab8d8b,3.7195386e-07,1
27901c503eb3,3.412911e-07,1
a0eaf2370462,2.7214153e-07,1
7d20c8e3c065,3.819766e-07,1
93a67bccca13,4.1972805e-07,1
ad6ed041a1e8,3.287422e-07,1
9db5415a4ab3,2.766441e-06,1
d59fbaf32913,4.8032484e-07,1
aae90539c4ad,4.8713827e-07,1
0dacc7afbbb2,6.535429e-07,1
bfe8870b8858,6.877113e-07,1
b27b6564a89b,4.8273233e-07,1
e6cb3cf3170e,3.5252592e-07,1
461e75525d0e,4.0607082e-07,1
4637ffd183f8,2.538242e-07,1
9f296d731c17,4.1676336e-07,1
746fd5d3a21e,5.245445e-07,1
f140746f11cc,4.8216384e-07,1
10ecd98e022a,5.8554775e-07,1
5bba8486bd54,4.0596578e-07,1
533948ec83b5,4.5388222e-07,1
a557cd6cb734,6.126599e-07,1
8e68bab2f1df,5.973017e-07,1
f7ffb6580e7f,4.1407398e-07,1
1e77ef7cabb4,6.267161e-07,1
2105160ba2a0,7.150611e-07,1
b9a3b6665e77,4.9523453e-07,1
59c1426c4f14,2.773188e-07,1
704e23efefe9,9.041246e-09,1
528bdea6e9eb,1.0067526e-08,1
8f6bcf0d5f53,1.2341971e-07,1
68a7047a0fed,3.2491545e-07,1
891dee4f9e22,3.6022226e-07,1
d9644dce0a71,3.8477398e-07,1
05334fa4a213,6.1981075e-07,1
39094b47840a,4.761889e-07,1
75a0e8cf4400,4.887714e-07,1
b3e083e0f5f5,6.4701885e-07,1
1726d8112eb0,2.7950335e-07,1
fd768c62f58c,3.0108723e-07,1
f372d68627fa,3.4022574e-07,1
4d02152b713d,1.6326698e-07,1
6277028b409e,1.30594e-07,1
d98d9c3f6a56,1.0609301e-07,1
f5e0b713392a,1.8920234e-07,1
bd49b4683092,5.333249e-07,1
e3adb983168a,8.052958e-07,1
47d324dda508,9.5027e-07,1
b15d9bb2f7a1,8.183927e-07,1
26c5b9b00fb7,4.1511333e-07,1
7f0276ca82c3,5.661124e-07,1
d3a7e855f47c,2.4752126e-07,1
dcc50c342e5f,4.6111523e-07,1
91efd0dc9e8b,4.1125455e-07,1
c240865d0a46,5.0501654e-07,1
12aa1f367a50,5.084417e-07,1
afa58c842c10,6.0675495e-07,1
a7b8610950f5,8.79181e-08,1
4f1fcf2de8dd,2.6828062e-07,1
a48840260831,6.2407423e-07,1
ffec867bbd37,4.1867304e-07,1
4d449cc42760,4.5035594e-07,1
9371335ca88e,3.0950795e-07,1
7dd2f3db3ea5,4.9880947e-07,1
4af0b51cc28a,4.421281e-07,1
706fe299afb4,4.1353817e-07,1
b1a4f57a6d9f,4.651346e-07,1
1cd686ce887f,3.4122303e-07,1
0f0273d16a6f,1.4017665e-07,1
86bad0eeff48,4.567037e-07,1
4f6d62efd195,3.712649e-07,1
c16a75f1dc52,2.9772949e-07,1
262a01674d2e,2.811818e-07,1
2715875c02ee,1.07404965e-07,1
c35d8809d9ba,2.9707495e-08,1
89a3b3b53a4e,6.247393e-08,1
af64203ce51f,3.5606135e-07,1
d2caabdc1f46,2.6939696e-07,1
a2f2370c79de,7.0048236e-07,1
1c6341c320a9,7.2470755e-07,1
e738c227ef5c,4.4135138e-07,1
8650f2bf3b5e,2.7483938e-07,1
b491edf9c875,2.5445618e-07,1
e1f22c29c61d,3.5061473e-07,1
7c8068612236,5.679304e-07,1
38596f9752f5,5.3465493e-07,1
c3cddecb45ae,4.2649916e-07,1
de498b14eb68,4.4733721e-07,1
b274389e7858,3.206288e-07,1
38b27cfa84e7,2.260559e-07,1
a343b4fca834,2.2600254e-07,1
9b55ca7d5d1a,1.1682316e-07,1
d6feca1f9655,1.19083445e-07,1
0327a9717973,2.0072966e-07,1
b0a16944a606,3.7341655e-07,1
864905628e85,4.330978e-07,1
b4031cc6c39b,7.3226073e-07,1
12564c28a729,7.44238e-07,1
f5a4b09a88e1,6.3347886e-07,1
fa9904792147,5.262534e-07,1
0fe00332aa13,4.3983005e-07,1
8e4f5c464a8e,5.7578825e-07,1
7bb4759389a9,5.771407e-07,1
c70c0d1b1879,7.0046644e-07,1
a72870c0ea15,2.968247e-07,1
d1009c83e2ac,4.146059e-08,1
4dd4cf83ffb4,5.3195265e-08,1
724d445140a5,0.0,1
8791244bd5dc,8.751002e-08,1
7405eed00620,1.10513724e-07,1
619f5ddc1fb2,1.9146536e-07,1
ece9257e4aa2,3.7101526e-07,1
d1b144627b19,2.4289811e-06,1
8f271a590ae9,2.369436e-06,1
ee73896328f6,2.3825673e-06,1
98c86dab48b9,2.1074413e-06,1
28d42d0b6866,2.1558453e-06,1
a2167295edf2,9.705392e-07,1
b67307becd37,6.0746623e-07,1
4fe9dfa54a7d,6.2776036e-07,1
f00c4f0225c7,6.1831133e-07,1
286593e46440,4.264345e-07,1
25c566c91c68,3.874311e-07,1
b9ebe15de960,6.153411e-07,1
fbaab1876143,7.206511e-07,1
cbb4e61aeb37,7.1832113e-07,1
7f9f72e60fd0,8.063425e-07,1
4c6cf93d2ecd,6.40396e-07,1
15ce26110c83,6.46796e-07,1
0f14398c95d4,6.2932463e-07,1
a4c3ba17db00,3.6428338e-07,1
9c69b424fe49,5.7457237e-07,1
689068ab42f5,7.46904e-07,1
51ceadb995fe,9.663506e-07,1
f2ac684fd2c3,6.263566e-07,1
07d3d94fce86,4.1205206e-07,1
9c4597123bc1,4.4501058e-07,1
7ca100f65a1a,4.993478e-07,1
867df46fc626,4.5182202e-07,1
d047d2db4ef6,2.612386e-07,1
f537318572cf,2.0150188e-07,1
011621631b69,1.6811153e-07,1
f87a2e1c6500,1.2171473e-07,1
32b96719a8c1,3.4113611e-07,1
9d06d3f73c09,4.092848e-07,1
47c529677f5e,3.8628144e-07,1
b96dce330e31,3.5078193e-07,1
1c0a183bf8a8,3.3116686e-07,1
f42d96aba886,4.123122e-07,1
d4c3a074f0c8,4.098777e-07,1
df40a3bb8afd,2.7815017e-07,1
1015ef168807,6.53441e-07,1
3eeea675a67c,1.5249086e-07,1
cfb2df0da2e5,5.3416903e-07,1
18b290fed3ff,4.5793638e-07,1
1b8b84710a77,3.1634477e-07,1
48572026f589,4.2228018e-07,1
715bb3424d68,2.9958272e-07,1
624ef70e1914,3.3566602e-07,1
0b51387cf986,5.76786e-07,1
5e293e1f5194,8.709451e-07,1
b624c1610963,1.1580181e-06,1
03f816c3284b,8.681586e-07,1
dd986eb29982,7.6819776e-07,1
0f93dcee46ed,9.859497e-07,1
f5a179d78612,7.975114e-07,1
01c903c5c2f2,8.4114674e-07,1
0a2713acdd80,5.873087e-07,1
f075b18a3e26,3.6065606e-07,1
22b93efacce8,4.1557504e-07,1
efd6f1337585,3.3918516e-07,1
dd670b1a54e0,2.3955312e-07,1
8c4d0f2a805d,2.619126e-07,1
28d9148215a3,5.605536e-07,1
f1f87b52f988,8.3210244e-07,1
0868c3ea197a,7.0303446e-07,1
ed10f5f83065,3.1688444e-07,1
b7b4cead7261,1.8392703e-07,1
e8790175e121,2.7932398e-07,1
ae5594840e46,2.2772075e-07,1
3f7edd5652a1,4.038006e-07,1
f1b0b762da76,5.967902e-07,1
6016fdbc7e91,6.992531e-07,1
d416b2f7c50f,8.424036e-07,1
61a4ca2363b8,5.4561275e-07,1
8346f547b70f,5.476255e-07,1
698ed36a2f9e,9.4343477e-07,1
96082913ec94,3.6299286e-07,1
238d747eb9c4,6.285815e-07,1
8c2e49f4cf16,2.7436872e-07,1
fbbbf4bed81a,1.470113e-07,1
0494bf9e3478,2.491987e-07,1
337b614c84e9,2.314431e-07,1
cc0f81cd1a12,1.9931004e-07,1
c4768e9dbfa8,4.227524e-07,1
19808c85cd2a,3.1758114e-07,1
575f72583f98,2.1282861e-07,1
aadb3a0c0d84,4.3127295e-07,1
749041afa049,6.70696e-08,1
649d326dae46,2.6329985e-07,1
72d4e005a949,1.998654e-07,1
1888fd6ac084,3.2450495e-07,1
3ff04341f72f,4.845664e-07,1
0ef3f9292c3d,3.7506925e-07,1
942101b497d4,9.4187425e-07,1
1aa6af6dc382,6.822038e-07,1
0abf8c797f9f,7.459403e-07,1
77b82e121263,5.099288e-07,1
619ddae9b235,5.8158406e-07,1
30f7e848f957,7.4985735e-08,1
0f5367e013fd,2.5841044e-07,1
ec06460ec502,5.133857e-07,1
27eceea96d2d,2.6458386e-07,1
5fec9a5fbe4e,7.129222e-07,1
084d98629f1b,2.7258125e-07,1
d7ce5d2df57d,3.1852468e-07,1
f60d3de543f9,2.7053332e-07,1
db12e104538c,3.0800012e-07,1
c271e8f9fde5,2.9704265e-07,1
d41ea8238d31,2.8784555e-07,1
5042c89c1fb8,2.3571016e-07,1
281abc9d7206,1.2906948e-07,1
c602f1af2b70,9.667291e-08,1
21614b773201,1.8237658e-07,1
c5775c533f1e,5.218732e-07,1
52b6d6a3aa27,1.1290763e-06,1
d636d7d4b410,7.8616256e-07,1
2f87068b4459,7.84432e-07,1
2d472e5ea79a,4.1082748e-07,1
dd5f4f46d0f7,1.993628e-07,1
22cbc24cef2e,4.2691596e-07,1
4c7806d4133b,3.9493756e-07,1
71aa2af48fa7,1.235423e-06,1
f651a5569653,1.0408952e-06,1
55fe65e850e7,8.359577e-07,1
79505ffea31f,7.304507e-07,1
df07ed345789,6.0524866e-07,1
d131de3d2ff9,2.627987e-07,1
b585ebab5d71,2.1060215e-07,1
9dbc88d3b5f9,1.5127893e-07,1
60b133c58138,2.3381611e-07,1
67c7ee7a1cd9,3.747938e-08,1
4f6749f231d6,3.690846e-08,1
526327491923,2.6270203e-07,1
2b9c85615825,1.9908889e-07,1
27a8e91d4f73,2.3159836e-07,1
441311f001c6,4.3274107e-07,1
d94c2a4e209f,4.119794e-07,1
5ed9f4164cb8,1.8201118e-07,1
513423f3e307,2.1193442e-07,1
770753ef9fb9,1.089435e-07,1
ade8387f72a0,4.6874963e-08,1
214c914952a8,4.004929e-07,1
c9ad34e34e8f,3.6064702e-07,1
6e1c3b0a9044,4.2557238e-07,1
ca3eee60df5b,7.135743e-07,1
8c97f047ab81,4.6810487e-07,1
ab57882a1fec,3.0884513e-07,1
d95e1e62e5dd,2.9668104e-07,1
740654ec36d7,2.0759603e-07,1
c460f54ce695,9.1375895e-08,1
3a6f4ce908a4,8.304426e-08,1
e6b0ba45d148,1.5544907e-07,1
d227e8b15b9e,1.6849619e-07,1
ea45039c7d6c,1.5552206e-07,1
9797ef639cdf,2.8961108e-07,1
7160b1b6059c,2.5733667e-07,1
febf8dca26b3,2.807245e-07,1
17af1382138d,9.651317e-07,1
cf37c4053318,8.82619e-07,1
669ae875183b,8.032779e-07,1
9a1692dfe817,5.5814616e-07,1
113049aee3db,6.9832817e-07,1
25fff0c8d816,8.0406977e-07,1
0e0238891c90,8.41275e-07,1
8274a70e1116,7.378937e-07,1
676bd6b75363,5.948882e-07,1
a7f2cd517cb8,5.7340077e-07,1
f3697e2573ae,6.8228326e-07,1
e2ea1607a9eb,2.91795e-07,1
fdd63d10db39,2.6055312e-07,1
776871224e96,1.829915e-07,1
83acaaa6bbfd,3.0131355e-07,1
a9b447633e1b,2.0119275e-07,1
f6b00ce5d21a,2.5796194e-07,1
6fc68d33b791,2.7934107e-07,1
8eeb70472931,2.1257426e-07,1
7d590b8364ea,3.1317003e-07,1
cc463f215695,3.3016389e-07,1
631e1cb9bc65,2.1470116e-07,1
fc0809d9ff3f,3.997984e-07,1
35db9529ba68,3.2678508e-07,1
20abd148390e,2.526157e-07,1
ecae5f69552c,3.7241625e-07,1
18f25a4c9e4f,3.906538e-07,1
5755e42c4022,3.2426047e-07,1
caa4bfe84a77,4.4549623e-07,1
7e2b2c1c81f6,3.017084e-07,1
4da9d1795726,3.3529426e-07,1
c104f96ebac6,2.0164019e-07,1
b3572dfb38ac,2.5694015e-07,1
b50640eb8e05,2.637642e-07,1
84a4324e41d6,2.8362356e-07,1
c206deb6c51c,2.845657e-07,1
7ef1e9b9ac87,1.9200489e-07,1
49014484caa2,5.125533e-07,1
5727b1145998,5.7780346e-07,1
ea48ca281079,3.566566e-07,1
48e547001048,5.2471165e-07,1
3ecc9eb0f6af,2.6743584e-07,1
43ebf16839f6,2.4079233e-07,1
17bb9c25694f,5.856705e-07,1
9d690f06cf25,7.3927043e-07,1
2647f92f3c12,7.0875564e-07,1
add0e539a861,6.6746816e-07,1
521781fc59e5,4.4454717e-07,1
4d1e205ce198,2.766936e-07,1
f112f7520493,3.4302516e-07,1
e2c7b21e5e57,2.1398255e-07,1
a160cf321a11,1.2983631e-07,1
65a85fbb5cca,1.4949615e-07,1
2ed95e593eb2,2.3339852e-07,1
5b0e1b26ee96,2.6775734e-07,1
5ef39f4c360e,1.0182004e-06,1
691119307b76,9.79787e-07,1
0ab6c1b653c6,6.7460184e-07,1
ccaf9e877955,5.931536e-07,1
792add10137a,6.5100664e-07,1
ecd0f3a62451,2.0419148e-07,1
8421573b2b32,2.411992e-07,1
ac7b28b3280e,6.741153e-07,1
087bf24554a6,6.0465175e-07,1
42bca55adc34,7.125962e-07,1
5e836f47c0af,5.230265e-07,1
372904131cc6,4.151391e-07,1
25ad049edacd,2.8666526e-07,1
bac381d9611f,2.4276073e-07,1
fd411e2adba5,3.8338118e-07,1
5e5f891717af,6.186452e-07,1
566a8f2d17de,4.2438606e-07,1
c6ed9baeb9c2,4.5317526e-07,1
07454fed5037,7.810473e-07,1
86e74919e7db,6.0734686e-07,1
dcdf364f6ecf,4.9651663e-07,1
9f0f34520afb,4.469291e-07,1
f63094574779,5.4567386e-07,1
b0a99c194436,3.6788416e-07,1
07ad4da1b1f2,1.9630065e-07,1
7f2a4afa4004,2.1434363e-07,1
91a67280367f,2.2095057e-07,1
e7ff8231ce76,9.120665e-07,1
8ca466da558a,9.922576e-07,1
add1c026254c,1.0020431e-06,1
dd5f97fd37e1,6.6296144e-07,1
3bad0222ce57,7.133441e-07,1
08f5edfde9ff,5.5622553e-07,1
e13548dd7558,3.744387e-07,1
13af419d6c50,4.4716757e-07,1
0a8dd23fbcac,4.6191477e-07,1
c74168a52d98,1.9362724e-07,1
fe93ee116a69,2.0135234e-07,1
0e22b82550dc,7.458722e-08,1
27400f0c7d10,1.751197e-07,1
eb79d376bc71,1.8673683e-07,1
cfc7044a6c43,1.7482229e-07,1
7668b4f6db30,1.3169569e-07,1
9a8a7a722649,1.4201628e-07,1
b58c9e38bcca,2.1663405e-07,1
134cce18b976,1.271002e-07,1
fd2a3cdf0240,1.3910362e-07,1
80eae214a74f,3.3846052e-07,1
8f31b9a46dea,8.891311e-08,1
c52db4f2b274,2.6554304e-07,1
792300b3fd68,1.8571683e-07,1
a7a10ee03441,8.7397886e-08,1
63ca27b63d51,1.1633419e-07,1
cca114416d45,2.2604893e-07,1
0cabad55bf46,4.4290215e-07,1
738bacdd59f8,4.465582e-07,1
1174d2fd121d,4.7852444e-07,1
5f58a1318567,4.2107436e-07,1
b5804dcf2395,1.14587245e-07,1
63cdb1815c4e,7.605764e-08,1
f7d941a7bde5,2.9770786e-07,1
aecf4c575a75,3.2739882e-07,1
c9e337a34deb,4.849443e-07,1
3e46b367e924,2.1571928e-07,1
5081b9a882ea,1.8201591e-07,1
de534d6741ce,2.5534402e-07,1
b0983bd9d70c,4.5402078e-07,1
4d0be2258cc3,7.677427e-07,1
ca6de08c4dfb,6.880155e-07,1
b5de05ae907b,5.7384267e-07,1
120fab24137c,3.2006398e-07,1
23a1d9f6fbd7,3.0924582e-07,1
aea823281a8a,3.1682328e-07,1
9f002101adf5,3.196448e-07,1
a875541bb0a1,5.885867e-07,1
463e96bef450,4.4791628e-07,1
45203c637c6b,7.3838424e-07,1
cd200bc067b1,5.377326e-07,1
98cdbeeb7943,1.7541635e-07,1
f6fde4c1bf8c,3.4478015e-07,1
682d17ff2253,3.8571082e-07,1
e17b5702d222,3.7885724e-07,1
cb90375ffd08,7.144204e-07,1
633802364e46,6.708915e-07,1
0aae8da695ad,5.8961973e-07,1
4b5fc311c525,8.6885996e-07,1
4385958d3571,7.0028045e-07,1
30de038eda29,5.5570877e-07,1
1cee46545175,3.1872986e-07,1
8b93c438835b,2.9225635e-07,1
01a24408cb1d,1.8937631e-07,1
22a7e1ad0388,2.9538919e-07,1
99b6775851f5,2.5256242e-07,1
c2f945e08c86,3.4434282e-07,1
3f6990ed55aa,9.306611e-07,1
727a5ea11a04,9.391412e-07,1
1795a362f13a,8.009819e-07,1
72337f749f92,9.1241753e-07,1
c0b07dcdc7a9,6.433537e-07,1
5b1672c2882f,4.0472062e-07,1
298a4e137b4b,4.575716e-07,1
2a5aa4064b17,4.399133e-07,1
af9ff869f253,5.6369134e-07,1
873ed3516341,5.222059e-07,1
d1d537200f68,5.8169445e-07,1
ee177757456c,5.0457015e-07,1
7bfc8c104a4e,5.3648256e-07,1
09bedb62e132,4.7790036e-07,1
11eb16bda34d,4.6497394e-07,1
87019a25fa57,3.6126616e-07,1
c7029d934976,1.9167608e-07,1
2ddd23df7da8,1.207076e-07,1
4ee4a71e5b7a,1.9522847e-07,1
2e9b4ca146e6,1.3076978e-07,1
9ee34ecda0d1,1.7950673e-07,1
06a65c483771,5.0806822e-08,1
6b7e44eef69c,9.5028675e-08,1
6ec074ba4f52,5.9663556e-08,1
ea48488fc525,2.859435e-07,1
82d1a5f599ec,3.4016892e-07,1
537f2a478dad,3.2442907e-07,1
663a75c37f03,4.1009156e-07,1
de7a4c6e7d7e,4.022386e-07,1
f08eedd381d2,2.0725302e-07,1
7f493f78d23e,9.584929e-07,1
4e1a0b3372c8,1.2801472e-06,1
f9085a0acdb7,1.0891621e-06,1
e2a2e6f08f43,1.388078e-06,1
44dd30242c5d,9.02405e-07,1
65ca1880e89a,6.3012396e-07,1
27fca6087bb7,2.1099055e-07,1
ae96d061a76c,1.7913246e-07,1
4bd3ed7ce4a2,2.2441911e-07,1
a149a785947e,1.7682616e-07,1
6070275fd35b,6.044299e-07,1
c09e62edf310,5.044179e-07,1
fb0c66131236,3.751497e-07,1
552767b44bce,4.6602426e-07,1
ef528ddaf33e,3.4143397e-07,1
7859737adaa8,2.957678e-07,1
4f1e6c5bc926,3.562117e-07,1
7834980dd2d6,5.940453e-07,1
091a693aef90,4.881775e-07,1
fe0d7f8ccd09,4.3450527e-07,1
b7a85bbcf6e9,1.5147225e-07,1
83357d3ab691,2.2023752e-07,1
3e809de5613d,2.7889917e-07,1
c05c6ac24e74,5.327694e-07,1
329215f6f019,2.966675e-07,1
0be612c086d5,1.2117914e-07,1
e95f5e8beabb,2.4325658e-07,1
fea4024dc36c,1.8885339e-07,1
8245a54041aa,1.5237005e-07,1
f311f67af9e1,1.0837646e-07,1
c1534dec6b18,2.4737972e-07,1
aa7b69942761,1.9769345e-07,1
119298ee7ea7,2.8074004e-07,1
7617807b9c0e,6.4278214e-07,1
78221647e57d,7.2097447e-07,1
ff9d17c2c71c,6.711945e-07,1
b28cf70066b9,8.10196e-07,1
41076399612c,5.144601e-07,1
0365ba5279b0,4.0858143e-07,1
b9fed45aa668,4.0147097e-07,1
53f19e8fd6a5,3.5009566e-07,1
adbd0b26f553,2.976084e-07,1
4ef1f317354c,5.356535e-07,1
cd915dcfda41,7.277919e-07,1
aa65868fa202,4.3913104e-07,1
59d61e4db0c8,7.0903087e-07,1
18ea65166e94,4.4955775e-07,1
bbc54bf4ba39,2.7008883e-07,1
96832a547ce6,2.8936256e-07,1
e1e328d5a661,5.344519e-07,1
c3233ba79266,2.1639829e-07,1
77370731ac4d,2.2317829e-07,1
41d4961b721a,2.324418e-07,1
320ea5d88bea,3.2431475e-07,1
7116caf7b6c2,3.4794257e-07,1
288ca20caa3e,3.2609847e-07,1
b161a722b839,3.3407593e-07,1
158ff5ab0be6,4.6405353e-07,1
5235415ebeb4,2.7522466e-07,1
2c847f190b06,3.099107e-07,1
0346bddd6b02,3.1881777e-07,1
e7e09d79d0e2,2.7984962e-07,1
93ed534b0693,2.0307395e-07,1
532b991ba5ae,2.0322622e-07,1
248848623cee,2.4264577e-07,1
5626f3a0da7f,1.5896754e-07,1
3703cf8ecd74,2.6366217e-07,1
8a0cfed80d7c,1.9209716e-07,1
3c7f625a2f00,1.7257334e-07,1
8af1caace276,1.9652826e-07,1
23490a0efa93,1.9080413e-07,1
433ac923ae12,1.1634166e-07,1
3978ae8faacc,6.8720544e-07,1
39a59fd1c4fe,8.0784815e-07,1
cbfa2fd211a4,6.748253e-07,1
31009cf35b52,4.530991e-07,1
f22c428a587a,3.7596956e-07,1
54f373e74422,2.690874e-07,1
744c7085bf92,6.9487e-07,1
2bc74f7acc17,3.7523074e-07,1
785ab0b7ab53,3.8698641e-07,1
05887ec5185b,3.9204883e-07,1
dede9797321e,2.2773311e-07,1
5d4aacba6d42,2.2830658e-07,1
407128c63605,1.5906578e-07,1
58a113b8b5e9,4.0564623e-07,1
1976db5ae077,4.0700075e-07,1
2c65f09cb83b,3.008235e-07,1
a7b63c23f508,3.5428403e-07,1
95fb800c64e0,1.881817e-07,1
15e02771536f,2.748806e-07,1
fe2cdb9992b5,2.9963337e-07,1
8aaa1d75557c,1.614312e-07,1
ea26def0bbc5,5.3905575e-07,1
71ae7db92561,5.0202203e-07,1
486e1592f0b8,3.8664206e-07,1
534888d5e1a8,1.2601439e-06,1
fbb9d5039f17,1.3017777e-06,1
4a6b6946df65,1.1266966e-06,1
c3ecbe3ac9b5,9.747117e-07,1
c94822a5f863,9.2539705e-07,1
2150785bbedc,3.9539694e-07,1
ceaf6b8f8d09,6.382204e-07,1
d0dd5a93b479,4.907038e-07,1
831a666eb5e4,2.3698647e-07,1
2e420c4df3b8,4.6916156e-07,1
4f8b0141b559,3.2154995e-07,1
214cb01b1ca1,2.740925e-07,1
3e44a7044ba2,2.523517e-07,1
67c29fc5e66b,1.5603838e-07,1
62958a1edfc2,4.679556e-08,1
6ad31361b055,1.9722128e-07,1
bc815b306ed9,3.4422598e-07,1
f513b878392e,4.203549e-07,1
5db0fae2aebe,5.1975974e-07,1
2d6622cdd341,1.849111e-07,1
277bf27e203e,6.081357e-07,1
97e26ff75a83,7.071743e-07,1
27b2efc8bbac,8.118754e-07,1
68a5a59f61a3,8.90618e-07,1
565343995b83,5.7626795e-07,1
0d048e6f34f2,4.6292223e-07,1
8c09898576bc,5.7786787e-07,1
ba3a8dcb9136,3.3039416e-07,1
9f4b56a123c9,2.254748e-07,1
acf6dc5e63bf,1.5703522e-07,1
656749eef91d,3.2623916e-07,1
8a919c5beb7e,4.5357106e-07,1
5549c5cddedb,3.4396828e-07,1
f682bc3baab9,4.6834495e-07,1
f556c4ad0a4b,3.2099e-07,1
7b3d4acbf11c,2.9777962e-07,1
bc6d5b4ad1bf,2.486686e-07,1
a12a7d12a3d8,3.657155e-07,1
3dd45f27ff78,3.5971124e-07,1
02dbb187fc16,3.554981e-07,1
b6b97c7db05d,6.432818e-07,1
e4e882bd86f7,3.5099566e-07,1
dd138943af8e,3.166153e-07,1
c209bf955180,3.4430445e-07,1
409447fff8dc,1.0647957e-07,1
0f25bb3d8284,9.059429e-08,1
ecf3aa9d3804,2.0065808e-07,1
911ea20a4775,1.7804035e-07,1
0696d52d568f,2.4853205e-07,1
1cfa0dbfe9c3,1.6031518e-07,1
b90b372ddb5b,2.0177295e-07,1
0f55db1b8216,3.3619855e-07,1
bc4ee22d1b67,2.024936e-07,1
9688c03aec54,3.1188225e-07,1
5351dcb5b1a3,1.4249352e-07,1
873837acbe0e,7.0834936e-08,1
f7a38bb5dc78,1.9898371e-08,1
285a80015dc3,8.192215e-07,1
fd6fb17a7059,9.754027e-07,1
028a141b38e0,1.1576091e-06,1
24c2b084eaa6,1.1087707e-06,1
d077237f1155,1.0096071e-06,1
1f9fb960f4e1,5.0534396e-07,1
2e64be612ae9,5.38174e-07,1
89134f16cc15,7.376381e-07,1
bbd2d3b52ec8,7.5573973e-07,1
84765c895894,9.415596e-07,1
f791e2b89dcb,8.132099e-07,1
98968595efd2,4.1503566e-07,1
ba9826c88e0c,3.8736823e-07,1
4dae73729484,2.637686e-07,1
43d8f8587f30,1.3919245e-07,1
cb1dd6fb7706,6.4906345e-08,1
217614b9c544,3.1288928e-07,1
7512e50844ab,5.057059e-07,1
8f0974e9f1a9,4.571266e-07,1
280f6f795a12,4.4067423e-07,1
9de81d51427f,3.847441e-07,1
bfa5d9b995b3,3.7167266e-07,1
35edf566bb09,2.589974e-07,1
f5b14bbc68ad,3.254436e-07,1
7a27f0a5d559,5.025126e-07,1
f4157104917c,1.8697921e-07,1
bbdfba67e60b,2.3869362e-07,1
980f7afbe88c,1.446832e-07,1
f3738792b814,4.3903896e-07,1
a70b5b77964b,5.2461206e-07,1
f143639e81ce,5.712764e-07,1
c5908b218da9,7.4205474e-07,1
f9a09c1d87ad,7.275517e-07,1
eea896b3a090,0.0013572999,1
99129a196b06,0.0013597243,1
f4b1865d1165,0.0013572002,1
e0d0d97c6f21,0.0013537706,1
3624e84a703c,0.0013478071,1
94ac0d2a1548,1.817287e-07,1
c39e8ba884a6,1.1360438e-07,1
09ae516ed291,3.847968e-07,1
c0db021211bd,5.691607e-07,1
8945df71b1a3,3.9650146e-07,1
836c825e6c03,3.7023145e-07,1
b10b928bc559,9.83424e-08,1
8acc8630d7c0,9.677456e-08,1
0c09aeeb3af7,3.2990467e-08,1
8a15ecbc8559,2.0003036e-07,1
7ee2709347f7,1.9605194e-07,1
6927a47ba5e4,2.5821691e-07,1
894e5c470dc6,3.4200878e-07,1
c01ad02bbaa1,1.8514726e-07,1
720bdc2336db,3.2589554e-07,1
edee78277232,2.8151447e-07,1
e7fe478d519f,2.0762305e-07,1
a5f677bf818b,2.0852595e-07,1
d73be65aa56c,1.7048495e-07,1
d23da539d7ab,9.3805625e-08,1
f94964d50063,1.3165254e-07,1
effe2d580d0c,2.0205742e-07,1
2d5e04d88b72,2.0399887e-07,1
3928e1595a28,2.3526455e-07,1
dc8ac9820763,1.7522085e-07,1
40f565209222,8.248496e-08,1
5df243d2163b,1.6076056e-07,1
16e509fcc1d0,1.6689337e-07,1
ce12e28193f7,2.2522022e-07,1
3ed153e0bc0a,2.3640321e-07,1
1fbf91b10b66,2.0711838e-07,1
2b9916a154ef,1.3477538e-07,1
9a7c4989e2ac,2.558659e-07,1
610e0ae61243,1.4126802e-07,1
bb2ff228ef50,2.2050367e-07,1
6b90b905f0c9,8.893767e-07,1
449880882846,9.762954e-07,1
518eed95b666,9.1653277e-07,1
549d99ccd982,8.2816985e-07,1
010c78860a1d,8.228858e-07,1
3be56b9d70eb,5.553741e-07,1
76cc34754847,6.6594185e-07,1
768b5e1468ed,5.464345e-07,1
e60c24818afb,5.1173333e-07,1
ccad6000b973,3.481572e-07,1
ce84d5ff7d74,2.6029593e-07,1
dc1a442c4707,1.1878914e-07,1
f795a73d5a42,1.7869237e-07,1
fdf92b218760,4.0756134e-07,1
afa1ec12a592,3.657592e-07,1
a88341d8bb19,2.776711e-07,1
4cca7a8d1833,4.85758e-07,1
848c385b363c,4.5364192e-07,1
e4f36e0ff72e,4.7128103e-07,1
f5dfee42ac2c,5.109458e-07,1
32517b94f346,4.4324915e-07,1
9d4200c73976,7.632976e-07,1
c6af36bd509b,3.0042386e-07,1
311fb237f25e,4.1084184e-07,1
a8eaa26b04cf,2.4986502e-07,1
c8c5aaebb8ff,2.1195811e-07,1
e0620f51a8c5,9.993536e-07,1
275f9697de80,1.2197453e-06,1
0c0d507832db,9.751851e-07,1
914863b9697c,8.2056926e-07,1
356a141fb44f,8.103999e-07,1
9dfcbb91f16d,6.372972e-07,1
bac19656ba6b,7.1149964e-07,1
39afd9e29062,4.3933795e-07,1
c4a4ac122573,2.5656522e-07,1
7236ece3b6e3,4.783671e-07,1
e86307018c99,4.6814046e-07,1
fa0697cdd3df,6.19715e-07,1
7b147b6d02ee,5.201965e-07,1
70d0d801a7d5,3.17708e-07,1
a2227e8cfe88,3.5533807e-07,1
ff83acff9035,6.059236e-07,1
c55f62c17870,4.748207e-07,1
16b11b43009f,4.806528e-07,1
9151a9fe1472,5.9231434e-07,1
a8e1857e8dd0,2.9980777e-07,1
ab4aa74e111b,3.0956022e-07,1
17bb43266ae9,1.950469e-07,1
6b96aa5ed317,1.9656498e-07,1
fc6717a24cab,2.0958772e-07,1
6ac5f6ae1771,3.5730454e-07,1
afcac05607a4,3.8266361e-07,1
532b4d027706,3.273879e-05,1
6c2005f25871,3.2314583e-05,1
0f1293dbd676,3.1012787e-05,1
758a44e6e5ff,3.1429183e-05,1
09e382d56038,3.0169516e-05,1
bd3290c40bcd,2.3000557e-06,1
9b382ba62055,2.015786e-06,1
e1b48b49ac8c,5.4015896e-07,1
a2c0ec337c40,6.115733e-07,1
f0fdba14f683,4.967399e-07,1
4cd0d7dbcb28,4.611001e-07,1
248ae9adf5a4,4.008252e-07,1
b87725073f25,3.3416597e-07,1
9da576901ebb,2.0815172e-07,1
318cd6482189,3.2630805e-07,1
8683457b51a6,1.2999804e-07,1
a4267ee12c10,1.6341859e-07,1
e94a32ec4e24,4.6621594e-07,1
82294b046a18,5.104032e-07,1
336ab2543106,7.8792647e-07,1
a7cac61128dd,1.421268e-06,1
337f94552398,1.243325e-06,1
2c1e04a68f30,1.0704576e-06,1
d8d346af2869,8.268561e-07,1
76709fe24fe1,3.1275408e-07,1
474812c49460,1.7351192e-07,1
9ebc0b49202e,2.0594548e-07,1
53ed37475af1,2.3942135e-07,1
1adb2d563689,2.9814092e-07,1
331de97d453d,4.494465e-07,1
ab41a317bebd,2.8754863e-07,1
0a6f11b84c70,2.520568e-07,1
2b35bf7a70a7,3.8733575e-07,1
4843320c9212,5.548388e-07,1
36f2ba84ef5c,6.398529e-07,1
86bc0c10e1ec,7.608221e-07,1
111378e689c9,7.8853157e-07,1
b8602bfe7ebc,6.898246e-07,1
453e04e71988,5.66478e-07,1
d46145bb24f2,8.18334e-07,1
ae97cba54574,7.1153875e-07,1
561a6d303046,4.6571174e-07,1
57acb56cf10a,4.4912824e-07,1
d3cf6c400575,4.0117698e-07,1
e395dcb2fbae,4.694942e-07,1
d64c8ffb9365,4.699226e-07,1
92860123a856,4.6771515e-07,1
19b866b9c365,3.2855345e-07,1
d0e03cdadb0f,1.606097e-07,1
57750f9b6b76,1.8933515e-07,1
39f0fcc644e5,1.4703046e-07,1
f1e837e0ef0a,2.2700918e-08,1
29828ea5d833,1.1056931e-07,1
49330b4dd3fb,3.2449793e-07,1
520e6db51919,2.1280383e-07,1
eff22d3e3711,2.9750882e-07,1
998a2d60c67a,1.8681413e-07,1
e59730623c0f,6.3686436e-08,1
58b2b250dd90,3.8797697e-07,1
fdd5a744f704,4.468724e-07,1
4018a191ab46,2.8855658e-07,1
0180633af740,3.4976892e-07,1
7d4df74503aa,2.961294e-07,1
2bb09d042c64,4.0759844e-07,1
a25130b3c2f6,2.0473013e-07,1
7d686f9ee517,3.615685e-07,1
d177a8ef3c63,1.9858683e-07,1
06cc6e88bdff,3.020884e-07,1
1ed1d5f8b4a9,9.127863e-08,1
ebfb4c5d7da5,2.269503e-07,1
4e1c78d33254,2.32263e-07,1
fe97678c754f,4.7981153e-08,1
6135b989acb6,1.1050161e-07,1
c91cc6d4e76f,8.2077186e-08,1
ed215dd9d829,2.4194316e-07,1
d382174e920f,1.9264942e-07,1
80b37c4e7a73,5.870878e-07,1
8efd8de6797e,7.2765397e-07,1
caff7f06dbcd,5.924106e-07,1
4e9fd794c39d,5.233051e-07,1
f6c72983bf05,3.5632277e-07,1
d1d523c22276,1.7465639e-07,1
bfb322456108,2.750806e-07,1
e58b07c43786,4.509692e-07,1
23ddf4b84a60,6.4822774e-07,1
d62445167f2e,6.876758e-07,1
3cd7a4855f90,7.4663285e-07,1
382e280f932c,7.6155715e-07,1
c92cbe66ccd6,9.3109725e-07,1
8d0a7cc371c1,3.0858627e-07,1
b0240ea57bee,2.2359858e-07,1
687d20aef68a,6.037726e-08,1
19f84ede6fb9,5.672786e-08,1
db50d165fe06,8.362917e-08,1
276e587e7329,5.793359e-08,1
e737ad1092d8,6.326089e-08,1
3e4e4ee59056,2.3504543e-07,1
19a1d2ef8139,1.5145501e-07,1
36057269863d,2.6978523e-07,1
5798ad119bc8,3.5789193e-07,1
9e90793cb532,4.886186e-07,1
2b5cad872dd8,5.550411e-07,1
4889651cc23b,5.537363e-07,1
5ff223de3ef7,4.784885e-07,1
a1095bf701ad,3.2965897e-07,1
4486fe2deacd,2.586178e-07,1
e6d6f077e643,3.8210137e-06,1
53d4c7ff349d,1.0585746e-05,1
ca29e9dcdb40,8.110137e-06,1
8a3b8641e7a8,8.720335e-06,1
49b0fb93926c,7.7582945e-06,1
c5ee2d3b9b1d,4.4675776e-06,1
55de544a07a7,5.20163e-07,1
12c8d3c1be4c,2.9305076e-07,1
3d2d5faa330f,3.5956285e-07,1
16eaa7a0a384,2.1835608e-07,1
c9b9f9b65ad9,2.7672678e-07,1
46ab9d3cbd10,3.6142418e-07,1
7dc781e85c5d,2.4170862e-07,1
66aa048b525d,1.9474898e-07,1
05826e8971d3,4.486627e-08,1
28fbdd4ef43d,1.4243012e-07,1
d510c1d81539,1.5570915e-07,1
5e59d27e119c,1.7736961e-06,1
9eac8d13cf2a,1.8591228e-06,1
edc0623a33bb,1.6288757e-06,1
55b2730b911a,1.2663247e-06,1
b6e9a85e9c20,1.6118034e-06,1
21e287640737,7.913814e-07,1
24510551f55b,5.625717e-07,1
2c7e283abb3f,6.417269e-07,1
33080702e48d,3.7804335e-07,1
b57492cfdb26,4.3906792e-07,1
66d6b7f6f272,5.845258e-07,1
4908b041909c,4.0138147e-07,1
23b5c09d64cb,4.8484367e-07,1
9904361a3318,5.223054e-07,1
587cf46f610b,4.380895e-07,1
94d8093f399f,3.296917e-07,1
891224c48e01,2.9284246e-07,1
b1cd3066ec9d,2.0523001e-07,1
96af8d23c4ca,6.962974e-08,1
42493129fcc0,1.0011308e-07,1
4aa963d50908,2.9735233e-07,1
d1fc3157968b,3.1914217e-07,1
8b4d47cfbab0,4.0337278e-07,1
8a72da5fa9a5,4.5016827e-07,1
53b8f15aa8c0,2.0344807e-07,1
0592204d0e2a,2.1994661e-07,1
8662af63584c,3.8553153e-06,1
4b343d90bc01,9.014794e-07,1
217e697eebb9,1.3109354e-06,1
e38cbe9faa78,8.12587e-07,1
2a89b5a239f4,8.1792734e-07,1
7716cefb10d0,7.8137606e-07,1
a5010830ca79,5.9173294e-07,1
c6c9e27a6a3d,4.9421993e-07,1
a837cd861916,6.6199914e-07,1
957f98045e38,7.739812e-07,1
3b476223dfb9,7.4526304e-07,1
a60f7565474e,9.0450476e-07,1
55da15baa78b,1.099791e-06,1
19f077457359,9.24177e-07,1
ca8869a11ac1,9.1152623e-07,1
c77eed2c8837,8.806532e-07,1
5f41d4aad678,1.1576954e-06,1
fa55a120346f,9.43282e-07,1
a7a760d55eaa,8.045553e-07,1
2f3b602eb955,7.710874e-07,1
f0c06d457889,6.4388746e-07,1
325c8ad1ef05,5.7775645e-07,1
b7eda1f1041c,9.2240714e-07,1
f3e49ef27b7b,9.848865e-07,1
cdcdfed4d603,6.9086065e-07,1
c909dfeae0c3,7.3990327e-07,1
4cdc593d0003,6.6904937e-07,1
9d76ae3f7618,5.749043e-07,1
689875759371,6.3752657e-07,1
6dc015b11bb4,8.288509e-07,1
ede8ebd772b3,9.1006814e-07,1
94f84404ddfc,6.377726e-07,1
068dfd67c043,6.659328e-07,1
2eb7242bddc3,3.5322375e-07,1
fd83c8ada87a,2.543548e-07,1
3a0c3b9fef15,2.2350683e-07,1
238f000a0007,3.2770836e-07,1
facb7325b46c,5.494419e-07,1
91db2b771ac7,7.6036554e-07,1
c3f712a84413,7.42243e-07,1
dda272a2341a,9.79849e-07,1
1babeafeb7be,8.920634e-07,1
60de57290ecb,7.116501e-07,1
3b9ec35ba294,8.379846e-07,1
70a653a92ca2,6.6967084e-07,1
1be15a43ddca,6.6971825e-07,1
22d80144402d,1.0829914e-06,1
1b9cda637739,1.0259861e-06,1
894b6574ed87,8.87491e-07,1
5f6727cbb908,9.896271e-07,1
0c87d9aa23b9,6.689047e-07,1
f3f188ba7b63,7.0017455e-07,1
6ba862d6e6c1,4.829889e-07,1
df35916eb0da,4.3473702e-07,1
9085ce1c0d46,6.440241e-07,1
f8c8ed8f067d,6.28884e-07,1
36df60646f9f,5.998997e-07,1
2809e899ac22,5.493604e-07,1
d357a3d2e786,5.280308e-07,1
e7c6777ae369,4.269966e-07,1
9b3b84368fbb,4.552061e-07,1
cc20b36c1f14,3.406199e-07,1
ad6647f9196b,5.1158e-07,1
c48af13d3b17,5.80007e-07,1
e2c2b658c392,7.168285e-07,1
54dce446aad3,7.692825e-07,1
51522e4a16c0,7.083858e-07,1
50a41a1bc24f,8.998053e-07,1
ffdf2cc9a2a9,6.7318643e-07,1
e79341d8fe82,3.734634e-07,1
be34034354f2,3.9287747e-07,1
0cf295b83517,3.9665028e-07,1
2e7c7073238b,3.1316813e-07,1
efb660945d15,2.9680464e-07,1
b7abca2b8c8d,2.1376233e-07,1
b92353617e1a,1.3298023e-07,1
a3f953b8d696,7.1717443e-07,1
cc0ad3e5a325,5.7258785e-07,1
648482e2e3ad,6.5437007e-07,1
15745db6fe3b,8.871177e-07,1
23331e18dd2d,4.1631716e-07,1
7ec2362b82dc,5.5151736e-07,1
985af0de868e,3.5421039e-07,1
4b603babb1a3,6.4325474e-07,1
fd559dad9cbe,7.596561e-07,1
fdf52932335c,6.9065663e-07,1
6f519122eee8,8.3023997e-07,1
968e9f26e1c3,7.795945e-07,1
b09d93937577,6.175328e-07,1
b272808ac991,5.218507e-07,1
684d4785479b,5.331178e-07,1
16438d86ef21,1.2275489e-06,1
879aebcb4bf1,1.1644859e-06,1
9b28ca83d3b0,9.258493e-07,1
24ab8fb79753,7.608237e-07,1
ca9c0efbf1b8,6.918023e-07,1
e7143cf819d7,6.6181764e-07,1
0e2e37946ef8,5.159169e-07,1
bfa4c8dad133,5.6296864e-07,1
ee830f8c1bd8,5.884301e-07,1
c082e6cc9372,4.978884e-07,1
752a03919a47,5.0971556e-07,1
aa3969f5da3e,5.459097e-07,1
103a83838a3c,4.379675e-07,1
d7e6f793d1df,7.2032236e-07,1
4bd5cc04861a,6.6364214e-07,1
cc7f2bcfecd6,6.554851e-07,1
8db35adbe3b4,6.704402e-07,1
5ec36f194d1c,6.048792e-07,1
aff6e222f225,6.813094e-07,1
d3f79be6f959,7.915453e-07,1
7fad163fa9ba,7.587371e-07,1
7b7a8c03b5e6,1.0947437e-06,1
332aabf8d037,1.2184648e-06,1
eeb079e590f8,1.3797805e-06,1
cf21b8d4f8d0,5.907019e-07,1
90f0af510507,4.660508e-07,1
27e565fb0260,7.008903e-07,1
da749d0ff0ec,5.9139944e-07,1
79cd0eb60564,5.884654e-07,1
f53220aa330b,2.9988746e-07,1
d2f9f64ee1fb,2.167043e-07,1
b100eb017bb7,4.642216e-07,1
b197650751e5,5.6998937e-07,1
56605b2ea7ad,5.105268e-07,1
8a3d6a704ccc,6.982288e-07,1
8f512ba4353b,5.930912e-07,1
f8ea9b9b8a32,7.5036525e-07,1
432f8435ded9,8.217881e-07,1
51a268ac8b7a,4.3585823e-07,1
54946e79d5cb,3.2171494e-07,1
9377edbbe31c,3.646257e-07,1
b6ef0ef21073,2.492352e-07,1
b806849a3e2c,2.616539e-07,1
a5965a8881a8,2.9123092e-07,1
59f9603cbc9b,3.1160772e-07,1
858c8e0e0ae0,3.5178604e-07,1
2d65450c16e7,4.960312e-07,1
a7afb6ab97a3,5.187259e-07,1
a6c22dba4b70,4.775064e-07,1
f60b9886cb80,4.3461262e-07,1
5f57629309ec,4.5907385e-07,1
8e738420acee,7.010246e-07,1
36af7cef063c,5.7337013e-07,1
5fe0b2adfed5,6.328409e-07,1
0814c2dd6185,6.618796e-07,1
939d3b44c958,5.2497427e-07,1
1cccc0e0518d,4.3989652e-07,1
91e83de7d006,5.094506e-07,1
69d4049bcf13,3.1286908e-07,1
c04812caef42,5.133419e-07,1
379ae53541e2,4.910233e-07,1
91cf27258847,2.2471981e-07,1
4c31aa2034f2,4.1747532e-07,1
dd816bbe2791,2.6325648e-07,1
ec62346a2e20,2.1527256e-07,1
9917bb735080,4.739751e-07,1
510a65fc013b,4.4855378e-07,1
7e1c5090ca78,5.3350243e-07,1
56043eed6c9f,6.00343e-07,1
009b4b10fb00,6.6574745e-07,1
0ea67776b35e,6.4224565e-07,1
2b232e8bec57,6.6619435e-07,1
c322ea36515d,7.1543144e-07,1
3fb687202bcf,4.794493e-07,1
e42bf8d67b81,4.2563425e-07,1
d30c33508ada,4.8289877e-07,1
c186ac482388,4.2833798e-07,1
0f661d680fee,5.8027183e-07,1
ef2195ad78d7,5.744414e-07,1
074891101e40,5.267117e-07,1
aeddbb224d15,5.266718e-07,1
25adf7fd9adf,5.743501e-07,1
c221d680c52b,5.480998e-07,1
2dade8f3f072,6.008501e-07,1
2c3beca6a9ef,5.43677e-07,1
32c98faf17d4,5.456351e-07,1
360131b95c9e,8.301356e-07,1
6e2324ac4943,5.915495e-07,1
70541144f597,6.4382584e-07,1
08cb06b60098,7.1163697e-07,1
28b5ea5be0dd,7.97082e-07,1
4461fdc56a5d,9.2746654e-07,1
559bbde0ed9b,6.4595264e-07,1
b477fc4bfcfb,8.4894793e-07,1
2994881c5239,6.271097e-07,1
277313e9d744,5.259164e-07,1
302aa3801e19,4.7319972e-07,1
b9e0d9d71aed,5.4615475e-07,1
bde83b8c6c6a,6.969313e-07,1
dd28638f0a7b,2.0608549e-07,1
29a396d0a351,2.1828423e-07,1
9094bb7d8241,3.012758e-07,1
728474e89a37,3.6849138e-07,1
9bb73b9544ac,6.9060854e-07,1
acd2dfaf501a,7.3587e-07,1
a8944946880c,1.1319828e-06,1
afeeaeb3a0a2,1.230326e-06,1
9146707a404a,1.2319213e-06,1
82543c3e8f8d,8.1055697e-07,1
ede60684cee1,6.1623007e-07,1
5c50c1b0349e,3.775223e-07,1
e7e2af9452d1,3.2111686e-07,1
54ea2fc6f832,4.268472e-07,1
5e01a9c32ab5,4.5362813e-07,1
07453d739523,4.6173167e-07,1
0954362c94f8,4.7422083e-07,1
89a95a556468,6.280649e-07,1
402c3f596b92,2.9490428e-07,1
4abc09e9f73f,2.547688e-07,1
0722a10a1616,4.1003074e-07,1
df02addf02d0,5.216544e-07,1
0e3557edb039,4.3694368e-07,1
4eee2947d7bd,4.546272e-07,1
0d3798ea9e6d,4.2340494e-07,1
0bf691027db6,4.878614e-07,1
01743a134966,4.279932e-07,1
e3dfddce4ec4,9.780716e-07,1
6dd374219124,7.9750714e-07,1
0fa1908ba85d,6.51991e-07,1
ab0c1e07c1d8,6.56822e-07,1
4cc6f948c995,2.2438117e-07,1
fca5cbdc167b,3.5942423e-07,1
4c466b6edfa6,4.4878408e-07,1
20ae3a3022a4,5.683681e-07,1
6b0a4890a93b,5.038089e-07,1
1b82f3cba58a,2.9678822e-07,1
97fa0cf32126,3.6635456e-07,1
bee44dfc8b0b,4.192674e-07,1
2889ab8601ef,4.917298e-07,1
18323e32dfad,6.265981e-07,1
f4a7d57b629a,1.1833278e-06,1
7ba3b329d0cc,7.714896e-07,1
9a2dad385f84,8.3479927e-07,1
6cf6db3738aa,7.746805e-07,1
7afe06c3b94a,7.132673e-07,1
fdde1666331b,6.072117e-07,1
62c4fb5e2b05,3.598906e-07,1
18264e7ad679,5.010289e-07,1
e7011233d507,4.6550707e-07,1
d65be0c918e8,5.798579e-07,1
cb42bb3db9cf,5.2987525e-07,1
20a1abc2a455,4.7301404e-07,1
7e0e597871cc,3.3333043e-07,1
8edbb769421d,4.780853e-07,1
49893f7b1e05,5.5422976e-07,1
01c96397cd69,5.7035965e-07,1
e7193468c1e6,3.8653573e-07,1
2cda817e81c9,6.174785e-07,1
7015a01961c9,8.264865e-07,1
8af5c48184aa,8.963253e-07,1
a029130e07a5,1.002995e-06,1
88ff43f0cb0c,9.2191726e-07,1
bb76a2627c7f,5.0237753e-07,1
8e2dd5d59f86,5.398285e-07,1
d74cc3df30b9,4.4927205e-07,1
8eed49a693e5,4.29073e-07,1
ae8d282a5891,1.3247944e-07,1
92d4ce3a6eb3,1.751508e-07,1
62bf46e0e942,2.2812118e-07,1
cb664b3f7de9,3.9286166e-07,1
deea12ef50ab,4.6004416e-07,1
ba0a368adc3b,4.8546707e-07,1
fa5febdd9ac4,4.7869696e-07,1
09051f3dd3a4,6.590163e-07,1
798011420b8a,5.6387756e-07,1
6620ce1f9196,5.564329e-07,1
a1d494766d2d,6.0922343e-07,1
ffed40af729e,5.8557833e-07,1
adfd32994f04,5.1537955e-07,1
9e8a669c452a,8.181188e-07,1
d2c3d0b9e69f,5.500037e-07,1
2a75a5cb35d0,4.256551e-07,1
9fe8e37823ec,4.7596072e-07,1
c0b0b63374a4,3.8955085e-07,1
d43e037c2def,3.5968992e-07,1
5ddbca5dc1f7,3.4620356e-07,1
234521c5f5cb,5.4299466e-07,1
e616755eec98,2.1915054e-07,1
00bf878fc8ab,4.0274722e-07,1
9e2d57eb8a9c,3.0476284e-07,1
e5c5645c9477,4.9718227e-07,1
8ad17fc28aee,5.113535e-07,1
c3d5b6163478,6.691514e-07,1
294131fbd594,6.077185e-07,1
f690c371221c,5.8359024e-07,1
a1e951681d7d,4.4255452e-07,1
8830bc3e0745,4.1541927e-07,1
1f452d1de604,4.2128121e-07,1
c849cc70c681,5.0645224e-07,1
c4dcfb05732f,7.2940173e-07,1
87e65ec97e80,1.0530182e-06,1
913e10e76b42,7.518034e-07,1
69596450dac7,1.0634226e-06,1
f2e1b9c481c7,8.4567915e-07,1
0fd41266c84b,8.0032777e-07,1
03aee3073863,3.9386182e-07,1
9262c0fec05b,6.3119563e-07,1
da34f32ac79b,4.62277e-07,1
7f27b099f4ce,4.822343e-07,1
10db76605fe5,4.391617e-07,1
bd9b7b134d77,4.4687545e-07,1
eb54b93ef972,3.0160533e-07,1
6a15e315fc5f,2.927026e-07,1
23964b52dbc1,2.647723e-07,1
12eb224887b9,3.26073e-07,1
9315b6d34bd5,2.95077e-07,1
cff20f0aa8a5,4.466612e-07,1
3a92b8dc61b7,5.4890523e-07,1
28737ef4460a,5.4071415e-07,1
6bf5ddcd97ba,6.772477e-07,1
742b9c0c888d,6.3617404e-07,1
d7bb821953b7,5.545937e-07,1
e00bb9d52597,4.2126155e-07,1
c70f2c9dce76,5.067211e-07,1
174ccd71e543,7.913133e-07,1
96cf5a5118e2,9.3232734e-07,1
3c56dfc3d7fa,9.2876735e-07,1
7c6ab62da890,8.180666e-07,1
9b4d5844f047,6.8066845e-07,1
a8cacdc9dd37,5.1659185e-07,1
2637a9555d65,4.0618858e-07,1
b13abef4a775,4.862885e-07,1
fa9e2c51f0eb,3.6418734e-07,1
44c7d16a7dde,4.0692672e-07,1
d062d65f3b81,1.9103464e-07,1
f46111c4362d,2.8290262e-07,1
f385576ee9c7,4.932927e-07,1
fbaffc4d3719,5.480682e-07,1
ce7b90cdca2c,5.489331e-07,1
c16ef3bb3c3b,8.9297237e-07,1
62a63e887290,8.468443e-07,1
f7ce328a64e0,7.8075175e-07,1
c24ba2984739,6.4686134e-07,1
a2083d259fbd,8.7635567e-07,1
74110e02f3be,6.173375e-07,1
ba264211163a,6.9036065e-07,1
6cde0f8288f3,3.1563502e-07,1
20bb2349f607,1.2838476e-07,1
13499a4d2c55,7.697218e-08,1
50ecba434912,1.4170928e-07,1
167de297f3bf,4.132496e-07,1
767ba9b7fea2,3.386992e-07,1
7703f7a693e0,3.1519215e-07,1
d392a9a8cbe5,1.6640873e-07,1
8b7693d1383f,1.8973941e-07,1
d61073fbcfe2,4.260012e-07,1
bd44b1bba416,3.120226e-07,1
125a9e29b574,4.6206418e-07,1
4c2fecb87b5f,5.987616e-07,1
9c7502849010,3.595554e-07,1
6832add80e7b,3.3020217e-07,1
d13f28dd4912,4.4655454e-07,1
d29d4f91078e,6.57995e-07,1
f41a37b7f8ac,1.0544492e-06,1
6b77a4637161,1.1217874e-06,1
659b48c1773d,1.2130015e-06,1
174210f44490,9.617135e-07,1
57aea58d7b5e,8.0551433e-07,1
a7a9c387c625,1.114871e-06,1
05d1ca65b480,1.5695244e-06,1
220f15713801,1.0150635e-06,1
751b15a23f63,1.0058818e-06,1
92e239809037,4.7201908e-07,1
5334187dbd89,3.4927928e-07,1
330c4c55238c,2.2793294e-07,1
4618a5efc4df,2.7273396e-07,1
c1e2d0fe732c,3.618711e-07,1
7793c509f1a7,3.101463e-07,1
7c558e92d4ca,6.310746e-07,1
d14836c898ae,4.4393255e-07,1
d423ec04ac6b,5.5308914e-07,1
44c75b31cddd,6.8126195e-07,1
a7587063970a,6.399068e-07,1
a5f6d80ed73f,7.03888e-07,1
a04da2fafa28,8.741517e-07,1
5a35901af1a8,1.0867574e-06,1
3bb07fea7b96,8.265905e-07,1
44f22ab53897,7.305734e-07,1
8b516e635a3a,1.1583047e-06,1
b492c3070711,7.0610844e-07,1
b04bf5900989,7.0421646e-07,1
ca9f4a14adce,7.1957925e-07,1
72fc34b1614f,6.8445013e-07,1
d761b80f8bde,9.012845e-07,1
2e4f3cb40f1c,8.569158e-07,1
3baca063e686,7.464922e-07,1
36d561c5a00a,9.455054e-07,1
45c87f52128c,8.7180047e-07,1
c7f76affbee3,7.8994066e-07,1
ad7ed60c340c,1.2142509e-06,1
1ef2c53498c3,6.171626e-07,1
c4f4e5298334,6.2588066e-07,1
e0b2c839ae55,3.3410862e-07,1
71c95319f8e0,9.818652e-07,1
804e2e8a18d4,5.110241e-07,1
2e4ea5f16866,5.535278e-07,1
f2c8de32d544,5.110038e-07,1
d58c7df3dc00,3.418575e-07,1
9147567b53b5,2.2865473e-07,1
d3fe6eac366e,1.9069782e-07,1
c7109c5f807b,4.6617726e-07,1
77177857e596,6.564881e-07,1
45201c028f0a,5.700153e-07,1
f8c08cd4f054,3.535725e-07,1
8d6707fa4e19,5.517039e-07,1
0997ca0fc7ce,6.181659e-07,1
4b013450eb3b,4.3219072e-07,1
90143c962809,5.833472e-07,1
7c61d7db20c1,4.2402698e-07,1
23d86d75414a,3.8174534e-07,1
d10f9120b779,5.396611e-07,1
bf225bd61315,8.873704e-07,1
f8d35b770cae,6.099734e-07,1
28836090aee6,7.9017775e-07,1
ce0594bb9617,7.384783e-07,1
4f3f983ebfaa,5.3705514e-07,1
9b16c0256b8c,2.8026278e-07,1
516dc60debd6,2.4933058e-07,1
e31ebd1dbe12,3.3628694e-07,1
0d66cfce3c75,2.0341331e-07,1
379d602a277f,3.2360032e-07,1
8fefed017c95,3.625911e-07,1
b916162b0d07,4.1167834e-07,1
e146a68377ab,5.2020334e-07,1
548ac7c76a56,6.427167e-07,1
bc06f5c9b41d,5.390195e-07,1
6c9eba205c0c,5.6460755e-07,1
842f2162beaa,5.0962757e-07,1
d247609072da,5.5307675e-07,1
88dc85fd5591,3.0990424e-07,1
348bc25bbc2d,5.4654873e-07,1
6030241fbce2,6.8641066e-07,1
4f6f6615b322,7.7221324e-07,1
d7bb26325aea,8.20505e-07,1
c8deea1a6c62,6.420469e-07,1
c645e5aa0b42,3.9424435e-07,1
a307c4f4128f,1.5425384e-07,1
5570a0c79ce5,4.949072e-07,1
eec023d02c69,4.6325508e-07,1
b2529e04a2b6,6.459509e-07,1
162a22b9c0c6,5.639018e-07,1
27052f6be28f,6.651681e-07,1
cc5fa7b155da,4.7051154e-07,1
302fc5d85d29,5.402411e-07,1
3fa492776575,5.3837465e-07,1
722f3215e480,5.176562e-07,1
91c7304898ae,5.378279e-07,1
8bd96ceb12f6,5.648402e-07,1
e1c67816a443,6.5773224e-07,1
bc3d5f2cf587,8.25149e-07,1
7b92c0e5bfcf,9.1314826e-07,1
709d0eb02a76,7.2922495e-07,1
07d83fa0bda8,8.074359e-07,1
58d08a5c1b7e,7.480015e-07,1
86089effefc5,4.8603715e-07,1
b30a4c0e4ff8,3.0033988e-07,1
7461aa86fef6,1.729877e-07,1
da7661069004,3.4249885e-07,1
09e1c5ecb1c1,4.976362e-07,1
843b1783e6a9,7.19368e-07,1
85b4c37615f9,8.1549945e-07,1
de29e8b99b9b,8.400807e-07,1
791899ccc125,8.1948366e-07,1
2f87a63d21d8,7.6441665e-07,1
17802a1a3ea6,7.961748e-07,1
edb15efa6845,4.3513276e-07,1
0cbde95fa2a4,2.9894284e-07,1
f6c4131a2d85,4.094713e-07,1
188b54b7bd93,5.8181723e-07,1
fe74db28adbf,4.728649e-07,1
09100870bef6,6.6153797e-07,1
e20d7476ee26,7.1350985e-07,1
1dd7c5bfc2c4,5.887099e-07,1
39f26af6723b,6.794339e-07,1
830698e6f498,4.945869e-07,1
562313213a7e,4.41724e-07,1
7e4cfc0bfdb5,5.170475e-07,1
98c21a6092d6,3.278587e-07,1
727fa1ffbd2e,2.659937e-07,1
b57d3cb707c4,3.6728184e-07,1
661e9f3ae0cd,2.1614025e-07,1
e405564d3847,1.4050691e-07,1
1c992b40d41f,4.1185496e-07,1
bf627a42e8f6,5.952781e-07,1
a4ba44cc43bc,7.813534e-07,1
e124d01bc184,4.905193e-07,1
6ae913bcd669,5.1805443e-07,1
ff0053808eff,3.644637e-07,1
2c84359f907a,5.885155e-07,1
b101dca446f0,1.0014513e-06,1
45f509ea9c6a,1.0548004e-06,1
78df4de72a51,8.1412605e-07,1
4c02bf3f84e1,8.544014e-07,1
e40c39ed0dcb,5.2064337e-07,1
b99537124849,3.0099375e-07,1
2c8df84e782a,2.2161102e-07,1
1f5333437116,2.50612e-07,1
adb8e0a44130,1.8489271e-07,1
a35ea192a522,2.581548e-07,1
97604c551463,4.2568064e-07,1
3b843f715250,9.0012554e-07,1
e8b38e627d74,8.11894e-07,1
1304948e1627,9.4430357e-07,1
745db73d21e4,7.184908e-07,1
38f80bd0b0f3,6.9770476e-07,1
a6baec9bacb0,7.9795245e-07,1
a5360fab9980,4.2690124e-07,1
b48fc7a902e4,3.838773e-07,1
e9281a30e41d,3.6798852e-07,1
6e932818333b,1.4887196e-07,1
e810cc4be478,3.7722228e-07,1
79f29548428c,4.3273286e-07,1
9bb5d98e4c39,5.3950856e-07,1
7bad297c4a7b,8.6333773e-07,1
d933be3362c7,9.199497e-07,1
02558a8e208e,7.738783e-07,1
02eddd412869,1.0748983e-06,1
9580b99abd08,8.798197e-07,1
1fe487c1b28a,7.840175e-07,1
f2dbd507ade3,7.3535057e-07,1
9a6a93abeeb2,7.373202e-07,1
8883556d38ef,5.125058e-07,1
c6a1fe41295e,6.7953323e-07,1
86f5ae2fbd28,6.286441e-07,1
916dc051faff,4.10414e-07,1
5376237ebcc1,6.640087e-07,1
f006a2277646,6.255953e-07,1
a95d68147f2a,6.342343e-07,1
f27c094e5be4,7.2027274e-07,1
2cfc093ba65c,4.3672887e-07,1
5840b63421b1,6.650613e-07,1
1ee38f575970,6.8358435e-07,1
3e6004a2b874,7.4818234e-07,1
e017b1b67c46,8.606223e-07,1
78e77cc4ba78,4.7621995e-07,1
1707993d753f,2.793128e-07,1
1170d19c7abd,2.4338192e-07,1
21f6c2e47f14,4.6201112e-07,1
1492f6659ee9,8.574373e-07,1
0395487d4d58,7.730988e-07,1
1eec204b2eae,6.718716e-07,1
2faecd39e3a5,5.948282e-07,1
46e9327835f4,5.5074344e-07,1
a5aa70e8bfd2,9.194529e-07,1
eb8f66c2d2f0,6.4566876e-07,1
d575a671da72,7.3466776e-07,1
9e2011e666e4,8.7980135e-07,1
d9478c99cba5,5.289927e-07,1
9b505fbb79db,7.0416877e-07,1
88387498569c,5.2065604e-07,1
147c4dcd05e8,4.7811625e-07,1
2f2ec2bf11a9,4.7255583e-07,1
a75b451dd2a8,4.845801e-07,1
d03e05f7b50d,3.7535554e-07,1
acb36baa752c,5.473552e-07,1
8f38161fe4af,5.0297456e-07,1
f056bbfb1fd5,6.56452e-07,1
61f801f646b7,8.895578e-07,1
84d59b6bc6f7,9.868019e-07,1
2d42948dfbea,7.814312e-07,1
2ff57c21dd98,8.1806456e-07,1
030f2ba807ea,5.7690545e-07,1
6b65b1e67d4f,3.868086e-07,1
07d3a4521f77,6.3080796e-07,1
4fe218157f31,7.1742096e-07,1
d7b73784497f,8.083371e-07,1
f848e4308e1c,8.1032147e-07,1
5e3ece814328,6.130065e-07,1
52888ebb6d54,4.0788575e-07,1
a9c5121cbf96,4.2012798e-07,1
234a0c864da3,5.6549663e-07,1
e286a75f27f1,2.1211903e-07,1
f3b85b8bc0d6,5.2196503e-07,1
068b8a215018,5.6111963e-07,1
999dc8042eb6,5.8200646e-07,1
fe6412ff4913,5.4056864e-07,1
102a49583829,5.247484e-07,1
e6eb81ef2af7,3.9301744e-07,1
551aacf3c73f,4.7392874e-07,1
6be64108bdcc,4.0290416e-07,1
aa7fb71a9e48,5.784227e-07,1
f2f77b8d835b,6.222803e-07,1
d892cbbe2e87,5.5689816e-07,1
0ff8b7eb958c,6.3233307e-07,1
c71eb657a44a,6.7654884e-07,1
760b9d303332,6.894874e-07,1
098d75dbf085,6.444162e-07,1
11dae9d04a90,6.054152e-07,1
39f600200e42,5.5407713e-07,1
d403e8adfce9,4.4584968e-07,1
5bd56e61cabc,4.957881e-07,1
6a33bde5a1b2,9.662923e-07,1
d1d0c10489f6,6.032425e-07,1
3c6fc3f52b71,6.7031704e-07,1
464bdc129060,7.626678e-07,1
a1676138a212,5.0691796e-07,1
acaa4b860ed1,8.13631e-07,1
b49c6e963dd2,5.941158e-07,1
26a7cabcf15a,8.1932683e-07,1
e0722677c44b,7.1153335e-07,1
8253c607d485,7.0482014e-07,1
9e5af6170886,4.7996383e-07,1
08f495d88e01,6.600306e-07,1
c5d1e1a8eee9,5.863509e-07,1
d74218eb1491,6.451535e-07,1
df06e2afc39b,4.0538038e-07,1
8ddbe85000b7,5.272335e-07,1
f98eebcc0c1b,8.459068e-08,1
f2136d034fdf,2.306625e-08,1
fe575446b425,1.5870911e-07,1
7ac5cc0b1ad8,1.3863644e-07,1
5df1bfb214a0,2.9438894e-07,1
5c550e9acd67,3.0329545e-07,1
3adccd527490,3.7602604e-07,1
411b06c27c1c,3.666957e-07,1
97387baa47f6,5.6027034e-07,1
5bab80b50e54,6.303743e-07,1
b4c1968769c5,4.9201253e-07,1
bd8a8d038a51,5.85972e-07,1
add218fba2e3,4.6414647e-07,1
ee43715b9e3b,6.775659e-07,1
5657564fcf00,6.19613e-07,1
f9a50a296380,5.3546785e-07,1
e16180713481,4.8235995e-07,1
8b6662364520,5.3811317e-07,1
3a22df1bb6eb,4.882588e-07,1
63e3e3f99f0b,5.803674e-07,1
08d3c4645a42,6.25472e-07,1
b4ac9fc5423a,5.9511353e-07,1
b97de9e39f3c,4.448583e-07,1
ff4a846c911f,4.8249234e-07,1
bc31946f786b,6.3253225e-07,1
a05f5166693f,5.6646417e-07,1
e1e9e9440238,5.185795e-07,1
f6a2029efc8c,4.2501355e-07,1
7ab6ec1090a8,5.707713e-07,1
57ff70a53e92,8.192817e-07,1
5a849cc291d5,1.0142635e-06,1
6cfe7f4afb34,9.1342525e-07,1
4e9df7f46e1d,1.3827771e-06,1
591c52d5e929,1.3590857e-06,1
74f259e852d1,1.0478043e-06,1
12a252eeb4d8,1.0652316e-06,1
e1c989bda4d2,8.9455995e-07,1
34bcdd9ef347,6.5954464e-07,1
1a87255670cb,7.2011676e-07,1
789d1804a71a,5.407271e-07,1
0027c9fd6049,7.609312e-07,1
55b5b77adb0f,7.4988446e-07,1
049f0d55f53b,8.0109794e-07,1
4d5869f00ac0,5.232324e-07,1
183dcdc624c6,5.424095e-07,1
4bee4083b706,6.1393104e-07,1
dd84a16fca54,4.485434e-07,1
81a7ce5e5976,4.783713e-07,1
8b953a8c52ad,7.2109344e-07,1
587d73bcd919,6.1329035e-07,1
d321101230aa,5.4042084e-07,1
420f85780cad,4.7622186e-07,1
beb77bb11238,5.217171e-07,1
80390c9ba954,6.101985e-07,1
f5cfd3ff70ca,3.840784e-07,1
b6c1ef4f2c44,6.880737e-07,1
3689a11c8007,6.7589565e-07,1
44a78d541fed,7.8801384e-07,1
b62d85a16ee5,6.6895984e-07,1
9e33a99e9980,6.6681537e-07,1
15028edd0b0c,4.2880725e-07,1
87fcfe54a2bb,3.634561e-07,1
762ad534d7fd,2.5158116e-07,1
e906fdf4f51c,1.7687464e-07,1
957caccbb532,2.7395438e-07,1
bb4809ea4c6d,4.503721e-07,1
c9e137ff0b18,5.0663954e-07,1
0382f5bb3c90,8.210632e-07,1
7bb8a6376135,6.5705746e-07,1
6328d18c0c65,6.130304e-07,1
777614ed3364,5.473186e-07,1
b0daa177ba92,4.2328895e-07,1
527711927b2d,5.159668e-07,1
aaa17bd98ec0,4.536118e-07,1
99e7148bba78,6.55294e-07,1
a8b06bb5d9e3,5.215823e-07,1
63a313e880d0,4.6667418e-07,1
ccc8b065c778,8.3633455e-07,1
118d64af8c45,6.703826e-07,1
3d91f281074c,7.009727e-07,1
c4daf6f67daf,6.704893e-07,1
1fc966173b6c,5.9764284e-07,1
a049d244fb66,6.618816e-07,1
df9758301901,4.920144e-07,1
ddcc86df9c8e,6.080733e-07,1
ed087f6d45ce,2.8133528e-07,1
2fab39e0fc7e,6.443049e-07,1
8353bf6a393a,7.5696585e-07,1
e43ac2481417,6.343878e-07,1
52394b3ebe9f,8.806269e-07,1
22465f5a8b64,9.330833e-07,1
9b7084def53e,8.6927395e-07,1
c6ffc3424937,9.225883e-07,1
34e0c0f15690,9.717411e-07,1
0a686bb2022b,1.0838488e-06,1
46193512e642,1.3074261e-06,1
010f92f5e93e,8.772037e-07,1
cac5f60c230b,7.703735e-07,1
0c33264132ea,6.6817483e-07,1
0cd87f358764,6.0995046e-07,1
ce3b7858a7c9,7.1528353e-07,1
165220590112,6.0658454e-07,1
3bd301601ed2,5.266276e-07,1
b5cd0716ae76,8.7105616e-07,1
3705e9c9f039,4.2779413e-07,1
3d564b194c1e,5.377154e-07,1
7b6daa38577b,7.0261996e-07,1
15f6ceb94519,1.0202639e-06,1
001941c75625,7.4901874e-07,1
d3d20bed6253,7.9278254e-07,1
9407cef28fda,4.2146894e-07,1
71e61c5fa8ec,1.5569323e-07,1
4bbc71086c48,4.804629e-07,1
4d7f767491b0,6.1601463e-07,1
2eac5398d7a5,1.1123847e-06,1
260e3da1fc7f,8.647622e-07,1
b43f973490d7,1.0292774e-06,1
49d353a7bc5d,9.3318295e-07,1
930ab4653286,6.0681447e-07,1
5fa197854fab,6.3239287e-07,1
9a8ed71f1b3a,3.2845043e-07,1
eceb6dcce954,3.9765578e-07,1
f250cf32b0f5,3.7684958e-07,1
7ca84cc7b998,3.1802892e-07,1
d3cfde685bd4,3.6471732e-07,1
8c823d0cce8c,5.541462e-07,1
11bee368bbb6,4.8076623e-07,1
87a2ede6a55e,4.603141e-07,1
3e80c963fae7,4.396776e-07,1
5993ebfbbb89,5.9757934e-07,1
ed99aec071ea,6.656673e-07,1
bb44f13ce7ea,5.7074834e-07,1
dbd64eb64519,7.071202e-07,1
33aee4e36fda,5.3911265e-07,1
51aa952c48b7,3.375601e-07,1
9508ad887eb2,3.3041454e-07,1
b4a2dea7b784,5.088133e-07,1
0bed3b170407,3.5845392e-07,1
4ba50c405395,5.111877e-07,1
65fee3872b6b,6.009159e-07,1
383a45bd6f58,5.4011264e-07,1
3378629ed724,5.694957e-07,1
ec14deaca1e2,6.4458703e-07,1
7377705cd578,6.438655e-07,1
fc5d3a9aef6d,7.052775e-07,1
7f98470fa5c0,6.962647e-07,1
6a4a2bbb42e3,7.9148197e-07,1
be4bb5116aaa,7.193687e-07,1
fd74af7b4eae,6.025643e-07,1
fc6ef4b1f562,7.671618e-07,1
5e533a6e5ffe,6.1308924e-07,1
4962c4788855,5.4510934e-07,1
baf0335b2698,2.075531e-07,1
51459a0a7b97,4.2875305e-07,1
445157875bad,5.8548954e-07,1
ce210addb4d2,7.986727e-07,1
3735501a89bf,1.0699345e-06,1
3e42e48c47e5,1.4704376e-06,1
0205b828ba41,1.2575642e-06,1
249a48c903cb,1.0413751e-06,1
de9974356a0e,7.291391e-07,1
edbea1b1c06a,6.335594e-07,1
f00a66fe0d6d,3.93609e-07,1
40a6aea05d3b,1.8732828e-07,1
b8d3b915b803,1.7157089e-07,1
40acb9507701,2.586301e-07,1
e135433538c4,2.2679285e-07,1
a3ec53266cb6,1.6780936e-07,1
74659d20ab9e,3.069513e-07,1
7e9d33013f0c,4.6488637e-07,1
799b0ae2afac,4.2807633e-07,1
76afe67ff780,5.12938e-07,1
34a79a24fb02,5.463769e-07,1
846c993ef2c5,4.8429916e-07,1
cd764e3c1497,4.631807e-07,1
96cef5d57316,6.866784e-07,1
ee920c210715,6.059978e-07,1
be07602067cf,5.4663974e-07,1
4fb836068796,6.730015e-07,1
c5cb6cf2d972,4.9144353e-07,1
5703f57898a6,5.8530054e-07,1
a1d18e271f5a,5.1954794e-07,1
658aed2ad134,6.1227104e-07,1
3dd85749e12b,3.3505168e-07,1
ae989c739758,4.6982248e-07,1
61a395eff6ef,4.4722793e-07,1
930cbda46abf,7.20249e-07,1
b621647d4486,6.4666557e-07,1
57c210791788,7.4226995e-07,1
6d69cbe27f3a,8.610023e-07,1
b1669615589c,7.860326e-07,1
19f19056f969,1.0219084e-06,1
5720002624ee,9.699096e-07,1
6427c8856cca,7.458806e-07,1
625965ab0e15,6.9122166e-07,1
3102d0388488,8.5527284e-07,1
4c1feef8da5b,2.31737e-07,1
8e980b83e94d,2.3647497e-07,1
495197547a52,1.526808e-07,1
9b01cd255a66,3.3037188e-07,1
4a3fa8ef8bf9,2.9716114e-07,1
fae67946d1b2,3.4680733e-07,1
95122d8ab94d,4.6271325e-07,1
ddf406b9a509,8.8112347e-07,1
ea55a25084ce,9.67408e-07,1
a7f2ff01c6ed,9.661898e-07,1
280475de40c1,8.743896e-07,1
acf416c3dad5,9.33044e-07,1
4ed307adc007,4.644823e-07,1
d051e3cf6282,1.078853e-06,1
7f8150531297,6.233097e-07,1
d246cc3aa764,7.934674e-07,1
608649594e32,8.2772965e-07,1
eb72dbe64a26,6.046866e-07,1
d30ce3d2fff5,4.3441779e-07,1
6759698c9dea,8.5019656e-07,1
625793d7349c,8.538727e-07,1
2fafa5abcc70,4.6831346e-07,1
5903cee51d3f,6.101101e-07,1
95bd7abfa270,7.151948e-07,1
9fffb9c0ee5f,7.874985e-07,1
e19e551785c1,5.551228e-07,1
bd9ec2723eaa,6.7590855e-07,1
2d5ec2937468,5.762908e-07,1
7843da96c1b2,6.309418e-07,1
c29fd1163122,6.3580495e-07,1
70cd972ee190,4.8428564e-07,1
1374b85121cc,4.6080385e-07,1
e1d4f42e17ce,3.2504542e-07,1
6a79acf3296f,3.2096352e-07,1
ab47b0d67ee9,3.8368302e-07,1
bab73a655713,2.6710532e-07,1
a119671d9c21,6.0224573e-07,1
b42ffdfa6618,5.5930843e-07,1
8273e41b0187,5.414428e-07,1
dd9dc7273b48,3.7759668e-07,1
22416475a48d,3.26093e-07,1
c7af3e0a97f5,2.1424368e-07,1
ad3d302cf13e,3.2236568e-07,1
747cf2b935bc,4.884797e-07,1
7ad9a33e0327,5.1803e-07,1
717dcb85298c,5.8240465e-07,1
a9367fc6dae3,4.746745e-07,1
ab4250cbcc34,8.8656367e-07,1
759c730e87ce,7.7445026e-07,1
814dc19786df,6.252193e-07,1
4b1b883e6cad,5.032914e-07,1
72c6ed5f75f7,4.464498e-07,1
cf3a65948696,6.687237e-07,1
98812194fd75,3.7259633e-07,1
61a99a09db0b,9.109655e-07,1
1d96ab6bf66a,7.3119634e-07,1
2c600c0f9e8e,4.0689042e-07,1
992685c812a6,6.4524636e-07,1
069ef2ce2506,4.2165254e-07,1
edbbecd56d6c,7.007259e-07,1
e5aeb5be2505,5.731366e-07,1
4584d9ebed75,5.269913e-07,1
167c870ef658,4.8313535e-07,1
5e4cc845381d,4.372395e-07,1
521cf93b495d,3.8038962e-07,1
756f62f724c6,5.666235e-07,1
90601e893b18,6.1522195e-07,1
9525147858c5,7.7923204e-07,1
7a7e4d8326e3,7.817973e-07,1
8017da223cc7,5.816101e-07,1
fa705f78dfc0,8.338353e-07,1
5d9fa1c5b15c,6.962633e-07,1
e8d3690f694c,7.625723e-07,1
a24f543613fb,8.115495e-07,1
8153572adb3f,7.634311e-07,1
bb2477c7a386,6.528752e-07,1
68bc035938d9,4.5325137e-07,1
98dab48a4dd0,3.8229302e-07,1
7afbef922a24,3.6334748e-07,1
f9ef59dfc8a5,6.1035513e-07,1
7d59b9f5a2b7,6.194804e-07,1
5b654e1828e7,3.813686e-07,1
cd5b302ae0bf,4.397146e-07,1
63e1ecc8a61b,4.706484e-07,1
90c9e12e5bd4,4.549756e-07,1
8bb4da9841fe,5.6183904e-07,1
36e8a57198b9,9.458532e-07,1
1474077e0f96,5.918939e-07,1
4673d074327a,6.946424e-07,1
10fc0e60cd9b,6.024408e-07,1
b69f8d209fd8,9.2313314e-07,1
b39f36e377cf,8.29101e-07,1
fd1b785a2ee8,9.686229e-07,1
ae3475993dfe,7.9611146e-07,1
a1e978b08ded,5.550903e-07,1
6542d9a3feeb,6.6566594e-07,1
23ea1f0c44fc,5.312568e-07,1
9b475fec5f83,5.9196327e-07,1
92baa6d08180,8.516433e-07,1
3bd96adb3183,7.653237e-07,1
5322b345e234,9.250647e-07,1
8bd1de4dd804,7.034193e-07,1
532e2804a8b1,6.4365145e-07,1
c61bd8e31840,3.4177478e-07,1
e092bb3ee172,6.7980875e-07,1
52b3dee1a6d3,6.471078e-07,1
73b8f3b04c1c,8.1646533e-07,1
375cec499da2,8.5551153e-07,1
8d0962980088,6.5798065e-07,1
89bc4f326a2a,6.973061e-07,1
d558951f3141,7.951624e-07,1
ff21da3c3a73,8.5420595e-07,1
0f001e5993db,8.21099e-07,1
59797d13570e,9.2160707e-07,1
7e2be5248876,1.1417621e-06,1
ceacbff1388b,1.0114078e-06,1
c061954e47fc,5.6966115e-07,1
1c8df28cf90f,5.7479355e-07,1
83fb6dc70b05,4.182114e-07,1
606da7e0a14a,2.639096e-07,1
68511d252785,2.0867458e-07,1
c2f67b178033,4.6182024e-07,1
1f4c9c4715ea,5.492606e-07,1
6848cb24f523,7.269305e-07,1
f4bb61d0b3af,7.8520236e-07,1
964f40325d52,8.981777e-07,1
d682ab4f02cb,5.451676e-07,1
0a593457e5ed,4.935856e-07,1
e71e988a5f13,5.5638895e-07,1
03698c12a084,7.6704544e-07,1
207c5a3ffac7,4.847422e-07,1
aac52994157f,5.6695694e-07,1
bcad60de7edd,4.5094237e-07,1
c6a175bc37d1,6.71626e-07,1
2ce203f2ce29,6.998019e-07,1
520f9926d74a,7.7741254e-07,1
c02f20b4f74b,6.834561e-07,1
e35aad83af6c,6.184734e-07,1
943f15e1ed0c,6.169504e-07,1
e38a66959ed1,2.9108165e-07,1
89ae6bd960b2,2.3185946e-07,1
664a7872bad7,3.3001834e-07,1
57fcadadf9d4,2.0949538e-07,1
b16d321773be,2.4202583e-07,1
fd5091586028,3.062417e-07,1
a2cc2078d67e,4.6393157e-07,1
1808dd9d1b42,3.0000172e-07,1
87ab6cb0ea43,2.927088e-07,1
82c5118fff10,3.5133414e-07,1
d309ddc31dfb,1.463024e-07,1
bbf8db77bc70,2.8795972e-07,1
093f29aa4975,2.6603493e-07,1
8b2c869a2989,2.4625666e-07,1
85dfbfe527ea,2.1863163e-07,1
9c8cadb882ed,1.7261442e-07,1
95a950f42abf,2.1534547e-07,1
cefb34f20283,5.0949785e-07,1
fcebcf209532,7.2298656e-07,1
5cc45284c46b,5.601727e-07,1
07dd1a6d71b0,9.126972e-07,1
988feae617e2,6.863738e-07,1
19c9f34fb23e,1.0883663e-06,1
632e05966e11,7.594973e-07,1
e6dd6c6915ae,7.4053634e-07,1
7f5561fb42f5,4.703851e-07,1
2dcdb0c174b6,4.3323456e-07,1
1197aa489247,4.1536572e-07,1
9474f647b672,4.581001e-07,1
57f56889b19d,7.468165e-07,1
9964048586b1,1.0540305e-06,1
708ec8839f8d,1.2099127e-06,1
d2c90d1b8612,1.0370638e-06,1
4b8a93a7fb9a,8.800336e-07,1
34c4df9aff2c,4.4262757e-07,1
39822a260ebc,3.0428507e-07,1
86b2842c1a4f,7.249687e-07,1
ba8bd1627050,6.5813526e-07,1
78d98c5ba34a,6.033784e-07,1
f371d67561f7,5.397947e-07,1
347be940916f,3.314075e-07,1
10e3878004ef,4.582319e-07,1
b1cf51114a93,4.6750324e-07,1
387b98362ed3,4.9641955e-07,1
71a9e8fd0ff6,4.7551657e-07,1
b8e4d68bb030,4.4576984e-07,1
0c446e781164,6.052328e-07,1
0481d3279f0c,5.9598693e-07,1
aa4e918b152b,4.5358928e-07,1
46cf977f90c2,4.9645195e-07,1
cffeccc623c4,6.503154e-07,1
20bd3eb5d051,5.895644e-07,1
ec5158ab5b17,8.129138e-07,1
d4a1a9c7977e,8.299409e-07,1
9f7ff2b91f8d,7.7175247e-07,1
24688d37b6b4,4.332968e-07,1
7f021bfb9283,4.3997952e-07,1
dad1c319c921,5.7813344e-07,1
f5cbeb2bdede,7.2793637e-07,1
b07bda084061,8.653357e-07,1
183b1b23d877,8.711711e-07,1
59ea10c8a7a9,8.452172e-07,1
013ee47e6cf8,8.7228653e-07,1
6fec04362848,7.4618134e-07,1
c8873cff2520,5.7684474e-07,1
c014718e4b58,6.0085614e-07,1
4fda6b8f5929,5.8743217e-07,1
40d15f593614,7.3389737e-07,1
0175833260ef,6.038937e-07,1
bd6d2b9ed024,5.2533625e-07,1
1670e1731e59,5.6926075e-07,1
3df0b6ea6684,4.89682e-07,1
d75d86070b47,4.9263963e-07,1
8b20fbfba5b3,3.1833085e-07,1
668084a492c8,5.897321e-07,1
c8304b692068,5.30663e-07,1
fa1b8815274e,5.970478e-07,1
8b3d4a86f2e4,6.485292e-07,1
754e374cc9a6,6.006374e-07,1
8f4e1f985be2,6.9207005e-07,1
540557ef8084,4.6303145e-07,1
776887e2a279,7.940693e-07,1
ac82700b7874,7.7120956e-07,1
3d3c9374a131,5.576095e-07,1
bee1eaf2ebfa,6.770187e-07,1
5e5d797c31b4,7.6662394e-07,1
dc5c5890cf3b,5.106667e-07,1
a133bde67c17,4.6992207e-07,1
5784b34b3166,4.191252e-07,1
85c7c4e608fb,5.955964e-07,1
771c6a920aa2,8.002038e-07,1
383fd0805d0c,7.2928293e-07,1
5963ee381b6d,6.7954693e-07,1
b6bb30f47ca6,6.176295e-07,1
1ce3d408b153,3.148563e-07,1
af7636238207,3.5513554e-07,1
87099007ba8f,3.9300008e-07,1
3ce4ef7a6f32,5.7562653e-07,1
de818da514db,9.151847e-07,1
415655e3bf28,7.168473e-07,1
108c4449cd6c,1.1913637e-06,1
810b73eecd10,7.625668e-07,1
1f4a6df8b2a7,5.0692967e-07,1
226a4126c9b3,6.1700956e-07,1
f3c95aacdb4c,6.0715615e-07,1
53b91cbd2ed2,5.309619e-07,1
333569a1b69f,7.1702505e-07,1
c02217c60266,5.6577636e-07,1
a28a3d6551bc,6.310377e-07,1
dca53d8ba0cb,8.614342e-07,1
63dbcc9e2d3b,5.989041e-07,1
c4f1f8a1d394,2.4499803e-07,1
6ee292197a01,2.3072643e-07,1
bb493af88f19,4.640117e-07,1
367f0581b133,3.7195807e-07,1
20198399c86d,5.05455e-07,1
f74f36e92ab8,3.5159155e-07,1
6c819ffd2439,3.3346512e-07,1
bdc3d45228f1,2.9345773e-07,1
1f0546fa160d,5.0438337e-07,1
da73cc031bf9,6.5177557e-07,1
8d288a621057,7.700615e-07,1
67c7f04abaa5,9.988529e-07,1
e385a1cb8046,7.632279e-07,1
e052875e8bd9,6.065952e-07,1
e64ddf27b749,5.1994505e-07,1
f88b57f89a33,4.3832318e-07,1
4eb616500e16,5.844477e-07,1
1e5e0546c9fc,3.2448364e-07,1
a94a0012dbc9,3.8061734e-07,1
1263575f924d,5.4210113e-07,1
644b8b06cd51,4.296793e-07,1
fa12b510ae34,1.85876e-07,1
64c82c21c29f,2.1841812e-07,1
e70657a68ca1,5.497258e-07,1
197fc53b5695,5.530132e-07,1
efe67904adcd,6.2265315e-07,1
6eabe6ad0000,9.684817e-07,1
dd2679385ed4,8.6416026e-07,1
01d484cf29f7,6.225991e-07,1
47bc700fb33e,5.133037e-07,1
c7a434a1532e,4.4709796e-07,1
232afc66701a,2.1845234e-07,1
b638f745f396,5.835619e-07,1
67e567bf99b2,4.7913454e-07,1
4aa8f114656d,4.7813234e-07,1
3be912a6a2e5,9.4067923e-07,1
015fef1379e7,8.4170756e-07,1
2e7be77ab383,8.066569e-07,1
3abb2599892f,5.9094674e-07,1
3b6bda883443,5.2682356e-07,1
04042366cf25,2.6455535e-07,1
281e950cdd3c,3.0222574e-07,1
b45f70cc46f1,2.6275293e-07,1
dd850b177dc7,3.397941e-07,1
a20c878f461e,3.0411118e-07,1
0364e10fba06,2.3394759e-07,1
16a6767782f8,2.3989497e-07,1
8cbe1b0373fc,2.3027928e-07,1
e5fcbc51605a,1.6068068e-07,1
60bee12ad877,2.766554e-07,1
387aa7d5eb4d,3.0916388e-07,1
3794162ae5c5,3.4794618e-07,1
cb6071eaebbd,5.4836454e-07,1
4e3be8bfadc3,5.7704494e-07,1
07001fc45b48,5.6188145e-07,1
a4712e5c7087,6.601097e-07,1
38b12202e8d7,7.90055e-07,1
1d36b4c535eb,8.7314197e-07,1
54fabff077b8,5.933121e-07,1
5a1370b98488,8.422819e-07,1
dba4c70a2345,7.0442735e-07,1
8043d56a946d,5.797499e-07,1
7d383ace36ad,5.749777e-07,1
0dea7721809f,6.2567966e-07,1
a887c2fd2456,4.88605e-07,1
e0613532d54b,6.031467e-07,1
da2117d4c02f,6.10127e-07,1
ebfd65d46277,6.7050615e-07,1
cfc44847fe31,6.1369855e-07,1
0db8556fecd2,6.984858e-07,1
48c724c9e68f,6.392116e-07,1
7ec029e3c04f,5.5034036e-07,1
a1d54237d38c,3.7872186e-07,1
cb03ba0e0033,5.4849875e-07,1
74596cf3cdaa,3.7104138e-07,1
69f640eee713,3.50273e-07,1
3b35e9bd5c06,2.7391658e-07,1
da98babb3abf,4.2947102e-07,1
5e7ac0ea3c69,8.213108e-07,1
b7cf70bfc5ab,8.5826116e-07,1
f0d6784c2552,1.2144193e-06,1
25913a8ead71,5.4047223e-07,1
02a600296163,6.7518386e-07,1
59c2caf9848e,5.5462783e-07,1
96d17fbec915,6.410907e-07,1
7636b4c1b446,5.9408745e-07,1
68c458d8496b,7.47264e-07,1
5a360ca3d2a6,7.030039e-07,1
c97bba2d802f,5.4843343e-07,1
311e5af48f3c,3.9929606e-07,1
705cd4d5702c,5.391205e-07,1
034ca6386bad,2.5473472e-07,1
47e075e53a08,3.7824407e-07,1
dcff327e69b2,6.826948e-07,1
e645f54875ba,6.743689e-07,1
517569c97a4e,6.062636e-07,1
ea12ecd5ec29,6.543976e-07,1
551a48c217b9,7.7786217e-07,1
f25ee8e15a15,4.2230417e-07,1
b46e8bf37e21,5.3505653e-07,1
5ad79ae47d38,4.2955676e-07,1
92f94faaa999,5.7543895e-07,1
567b9cfc2a61,7.7251406e-07,1
3e40a9f8789d,1.0104407e-06,1
af1333a9add9,8.142359e-07,1
1fefdae5acc1,8.803625e-07,1
ba82979f342e,6.8451965e-07,1
d138e0d719ab,7.1887825e-07,1
72c0745bd51f,6.4164755e-07,1
bb39e13a8555,3.7437025e-07,1
4a5d32919aeb,4.2707387e-07,1
403f90403d89,6.1445064e-07,1
9990789e3f4b,6.682611e-07,1
f419654b689f,7.5973486e-07,1
4ce0c47d528b,9.049052e-07,1
57a4d4720bb5,9.083465e-07,1
6afba10cdd82,9.55917e-07,1
b5e91ebb5077,6.552125e-07,1
c922181d0bc9,5.799137e-07,1
87948b7ad0a8,4.9167e-07,1
6d83239a6aa4,6.8399413e-07,1
44c818961e62,4.9220915e-07,1
a188e8879d47,5.5935936e-07,1
47cc81c89d0a,6.625946e-07,1
084ba1776caa,5.8213425e-07,1
41e7c47d260f,7.076583e-07,1
48892a4128e6,6.0494233e-07,1
b07aa2468d69,6.7259293e-07,1
f89fc450312c,3.6428065e-07,1
7ac90f6c8bcf,4.132719e-07,1
4cd0ace23d76,6.412203e-07,1
07eb07c5bd7a,8.619745e-07,1
04bb5d341159,8.8153456e-07,1
74af4019d668,8.7002115e-07,1
44f6339e74dc,5.2472404e-07,1
5ca440175346,1.0429548e-06,1
b0e739350762,1.1422776e-06,1
7af773b358c4,8.766517e-07,1
4a0f14513f4d,7.503193e-07,1
8ff86e3c6539,9.100577e-07,1
bb11152fb037,2.5787259e-07,1
8503840d13fc,3.7956318e-07,1
90b1efe83bda,4.2258722e-07,1
8d77439bb8d6,4.4270064e-07,1
568ed6febc59,3.8366338e-07,1
678e3cb686de,4.6067936e-07,1
09fa9e7cbf82,6.365241e-07,1
63c6912da8bb,3.636339e-07,1
57048f281920,3.6379993e-07,1
313edf1207ab,4.5875944e-07,1
35776b265024,5.675194e-07,1
ab52d9f782d9,4.544435e-07,1
514c5d27cf92,5.328484e-07,1
8a2f77026a89,7.0574737e-07,1
87b6a8a5640f,5.860496e-07,1
8f335f8ae3f2,6.020409e-07,1
1f2a86428529,5.934382e-07,1
59f1e6c128ed,7.7145046e-07,1
263fc7057f09,6.236816e-07,1
a5f9028d7026,7.4632175e-07,1
98c112156c24,1.1257015e-06,1
d2c8b28b490d,1.0716752e-06,1
77da7b46e48c,8.574732e-07,1
263299aaf249,9.634538e-07,1
609781619efe,1.1603047e-06,1
000a50924433,7.9122526e-07,1
f6edb5a9725a,1.133751e-06,1
e643143d9cf0,1.1494327e-06,1
179dd6a06e81,1.002727e-06,1
f1b8914a84dc,6.175697e-07,1
a8a46f256307,3.876366e-07,1
db628297bf52,1.3121253e-07,1
1da2901dedb1,3.6449254e-07,1
4ef84394e41b,3.849579e-07,1
aabac2b73b26,5.956283e-07,1
b6f9508220cd,5.4204e-07,1
fe8f0815670a,5.3836e-07,1
1b66452d10eb,3.571562e-07,1
7aa73ff435f0,2.4859392e-07,1
b4c2ad34019f,1.2118618e-07,1
c428a70cab4a,9.023235e-08,1
a405e1626d5c,6.821985e-07,1
eeb24703f470,7.525279e-07,1
c08855a82f8a,7.586092e-07,1
2041b29ee73e,8.191654e-07,1
7b68c268b5f9,7.0859465e-07,1
e180ff452415,3.856656e-07,1
a42896cdf848,2.3473791e-07,1
f5ec0aa676b2,4.0332498e-07,1
924c3cfef2aa,4.3777658e-07,1
903b86c81f41,5.16932e-07,1
50fb2356dd68,5.8702375e-07,1
7ca812a81211,5.267095e-07,1
da7b175b3f3c,3.9324024e-07,1
024f8a8e4ff5,4.58621e-07,1
5dbcdf37f824,4.0460122e-07,1
52f885cb99c3,5.912906e-07,1
ddcf5fe1fe80,6.5114097e-07,1
bdc53534df50,5.914783e-07,1
4843b5badfb2,6.546547e-07,1
613fc04437b5,5.219513e-07,1
191da0c0db3e,5.413584e-07,1
2571b100a755,3.849173e-07,1
e512bd12fe5a,6.678776e-07,1
eabc9307bef2,5.9079713e-07,1
cfb724c21b2e,9.568448e-07,1
6b776bd410b6,9.464009e-07,1
1d7f47f78430,6.635667e-07,1
6aa6f6cc83c4,6.919477e-07,1
b0847707f697,5.6963387e-07,1
34870d272620,6.035509e-07,1
0093e7a351a0,8.9375925e-07,1
20810ae43b3e,9.494422e-07,1
d1dab09b9b81,8.8071846e-07,1
7ea9cda90bca,8.043813e-07,1
fa5705052bcb,4.140138e-07,1
6e9bb6a700e2,3.859068e-07,1
3d112b1a4a03,7.6266394e-07,1
5fcae2a9e811,2.8308045e-07,1
a24ff78fccd4,3.0280555e-07,1
d30f017421ca,6.369528e-07,1
2da1433d84ce,7.085383e-07,1
f6ef4bb4cfb3,5.6876814e-07,1
aec58db6054a,9.909527e-07,1
faa03009e675,5.547581e-07,1
c71b724f41b4,6.007778e-07,1
6b6cdc29c2da,7.166879e-07,1
ef0660e98a43,5.6299876e-07,1
63ceb73066af,3.2122176e-07,1
5a31c8dbb71b,4.1616386e-07,1
71af86ae2ab6,3.7502656e-07,1
f10c4a5f2c16,7.2368294e-07,1
82bc6252f7b1,5.9109124e-07,1
1ee4069b47c6,9.516674e-07,1
1895a0554b29,8.9373947e-07,1
1a74b815cc01,3.4730698e-07,1
13dfcaf79dda,8.0016144e-07,1
b305a9f78935,6.8745635e-07,1
ea6a295defa5,7.1158985e-07,1
14844d1a8018,8.06651e-07,1
643976c25473,8.6384915e-07,1
63a17faec9f7,4.658151e-07,1
d85bfca34533,6.688854e-07,1
80ae53e639d4,5.7133724e-07,1
8126db7a4c88,7.536473e-07,1
a02c5954618b,9.1755845e-07,1
8236c084383e,8.6160435e-07,1
dd152d09c3df,6.313877e-07,1
7832ee19d3d8,3.620459e-07,1
b776b27abc52,5.8168524e-07,1
1e7f690967b5,6.0803063e-07,1
91112d74e170,6.014315e-07,1
26ca82fbc916,8.2620187e-07,1
9e39c4cd5e1c,5.429308e-07,1
c207114bf846,5.9121214e-07,1
b0b0fbdc856e,6.815455e-07,1
e6e1eeb6e20e,6.6706957e-07,1
81004081e76f,1.003027e-06,1
d42442ceef75,3.9435812e-07,1
64664b6d6e48,3.39754e-07,1
0436bd9747bb,2.9244433e-07,1
1cebebb7f694,4.750192e-07,1
3d6c9bf76cef,4.6810464e-07,1
7c8553628c2a,4.281572e-07,1
a11084f6901f,4.8680903e-07,1
db0b034ff88d,6.739615e-07,1
57d915625059,4.8671603e-07,1
734b04d2e41b,4.806654e-07,1
d68e3bc835d7,3.8988085e-07,1
4a1212628bb5,3.6103714e-07,1
05ce35c2ad76,4.882867e-07,1
3b21d003719f,6.831334e-07,1
2a33fe5070f3,6.5257433e-07,1
9d5bcc999b27,8.791543e-07,1
0b27ce080dff,6.9591135e-07,1
94a8f2d23891,6.1943433e-07,1
86ef813acf03,5.4931166e-07,1
468038dd546b,5.839485e-07,1
1782ab9f0e46,4.4859598e-07,1
61d781eaf72e,3.8238278e-07,1
fc7ea15c07c0,6.170205e-07,1
5c6f3058059f,7.1842607e-07,1
ba66c13dacb8,5.882778e-07,1
041322654c52,6.412227e-07,1
8abc198a075b,5.864706e-07,1
462f44240b03,7.340105e-07,1
56676a596cfc,4.6371346e-07,1
38e5bc1f9c05,8.672279e-07,1
6ba11016be82,6.741116e-07,1
6154b2a8da7e,6.552849e-07,1
d98ff6491a20,7.3640336e-07,1
eeacebffb8ee,4.798224e-07,1
ec8e4bd54352,6.047766e-07,1
ed93867c1912,4.2203078e-07,1
5000c123c448,5.7599254e-07,1
dfa1c6584090,5.103344e-07,1
64dc44b6a10d,5.0841663e-07,1
044d813eea0d,4.940064e-07,1
22e03f35c25e,5.6337416e-07,1
354aa3ed5904,3.034272e-07,1
b0092a1846b6,5.516049e-07,1
7559cd0787ba,4.947795e-07,1
04e47f421de1,5.729368e-07,1
d6c0e6d63439,6.9149e-07,1
88ff0cdc490e,5.1860917e-07,1
375a4de25e54,5.9511433e-07,1
fcdd8bc007b6,6.2497156e-07,1
e46e1190d62f,7.6534053e-07,1
f6a55fa27a91,8.5155665e-07,1
13c97ad0ee2a,7.912108e-07,1
a7ecd797c241,4.8956207e-07,1
312551d81a36,4.362824e-07,1
f9c50c81a61d,2.3468392e-07,1
9ef4fda83c6f,3.0521159e-07,1
942a525f4a8e,4.1358294e-07,1
b80357f1c83f,4.799121e-07,1
f567c28223dd,5.4302524e-07,1
655ae9dd3207,7.2495516e-07,1
7b28ab246ae7,6.9976386e-07,1
814129a56b3c,6.9272687e-07,1
e38da91b182f,5.7875144e-07,1
24f652b7a9ed,5.9039104e-07,1
3612c5015320,4.3226038e-07,1
778a27981cc5,6.997601e-07,1
65d0e9895490,7.264632e-07,1
c1e18dd29a8b,7.628562e-07,1
70cdeec4c18b,1.1224439e-06,1
a1fb4486e244,1.0839036e-06,1
94808b493414,9.0764985e-07,1
51eb8fc7aa5b,9.029386e-07,1
c77d043c589b,6.4472476e-07,1
05ba83c43aa2,4.959587e-07,1
6381c41edda7,5.7202743e-07,1
d055971d0825,6.9339086e-07,1
755e288f2e58,6.2871794e-07,1
f6b85cc76f64,7.59223e-07,1
2bbf56d25369,6.7265273e-07,1
3834c50b6fb7,2.705477e-07,1
fe8c6e18ae63,2.8847944e-07,1
a24195d14c23,2.7811404e-07,1
e94f63579328,2.1225352e-07,1
9b76315e1938,3.6787847e-07,1
fa0b0fe08e8d,5.529174e-07,1
51d9c315c53d,4.9638027e-07,1
c02cf95938aa,6.950552e-07,1
9d7f16c7e63b,4.6793937e-07,1
cd1806b501a6,6.463867e-07,1
9103331d0dd0,5.401006e-07,1
f9a0276610ea,3.563803e-07,1
7920a60d79aa,5.146684e-07,1
8158b35ab9fa,6.02797e-07,1
914852280fc3,5.1837327e-07,1
8dc5c254f6d1,5.30726e-07,1
7b2fa12a98f1,6.7359423e-07,1
526c5ed25903,3.9081408e-07,1
d5d735f71165,4.090374e-07,1
ed170be11206,3.305489e-07,1
44a5033b9046,3.8164026e-07,1
c328de57d666,5.2029645e-07,1
400e81e45ea5,5.464632e-07,1
3ebd2b46ba0a,6.0739615e-07,1
527c8da699b9,6.658081e-07,1
4b84e0543b47,5.099123e-07,1
8fccfcda778d,4.454424e-07,1
38cfa4b9b16f,4.0691435e-07,1
ad2814fc1e27,4.2620294e-07,1
130c231dc16d,6.75775e-07,1
b65c338a07b8,1.353885e-06,1
a223f2678247,1.3584396e-06,1
32fc01c6c410,1.3367811e-06,1
9334db6bee80,1.1449994e-06,1
d6fb53db080b,8.4984316e-07,1
a4732cbe3c41,4.836129e-07,1
c2a44feb8a53,3.3596928e-07,1
dddafedf4779,9.819606e-08,1
f0e653fad563,1.2736461e-07,1
6726e0d9d396,1.4209031e-07,1
abe3f1007e48,1.8761042e-07,1
a947da4b0a00,5.6344004e-07,1
854e5bc041ad,7.6242975e-07,1
49b0141f3d54,6.836046e-07,1
6ef07646ee1f,7.8190084e-07,1
052473ac0c49,6.8180606e-07,1
8579a18c5ebd,2.9271942e-07,1
362610018ec7,4.529584e-07,1
d278e46fc8c6,3.834404e-07,1
6a92bd6ec9e5,3.254388e-07,1
1ed687f98c45,3.1980838e-07,1
89a19772c9ca,3.2517235e-07,1
61496f2566f0,4.0656838e-07,1
b9e6d81f7579,4.008332e-07,1
7a96667c85ce,6.038708e-07,1
7078e805423b,4.9221796e-07,1
6394459a17ee,8.086679e-07,1
4ea323ffa47c,7.8050783e-07,1
8dd4a1c02314,8.551552e-07,1
b2d176e93774,5.6712594e-07,1
bce7b4eac671,5.946388e-07,1
1318528c88b4,3.5217866e-07,1
aab85f93f1e5,4.881043e-07,1
b44351df231d,3.8944557e-07,1
bf88b1aae218,3.488255e-07,1
0bef3da4061f,3.7999737e-07,1
1517ff6c8952,7.119572e-07,1
2538942860e9,9.0770635e-07,1
2914b0485788,9.082355e-07,1
8e53a0a21bb3,9.95919e-07,1
9d7db9b79607,7.552344e-07,1
cdf614f9ee3a,7.5012383e-07,1
c707124349c0,7.6767185e-07,1
ca4c1b784309,7.1733547e-07,1
b9c1d1b8269e,6.1741696e-07,1
0c48b1dcc08f,8.4511066e-07,1
4466c8aab5ad,4.971452e-07,1
4902ef5a3792,1.0385397e-06,1
fea57736c764,6.4803845e-07,1
e5da10604da6,4.790664e-07,1
ed5ab1b094f8,6.6015997e-07,1
b4c26291f407,3.6328058e-07,1
89c8f2a660e7,5.191221e-07,1
589d36493a4f,3.1805357e-07,1
6e8a4ba6ebc1,3.5789435e-07,1
c6c5d07de25b,6.683573e-07,1
45ef2356a6f5,8.506515e-07,1
5dc3ff4cdccf,6.717424e-07,1
17d9188796e2,8.3025583e-07,1
db157f304792,8.685933e-07,1
a07d96b97f60,4.3428273e-07,1
8d2695d3d376,2.6695534e-07,1
d9d026cae231,4.6785559e-07,1
3ca3e691210f,4.7566238e-07,1
b81e87a2ebe5,6.7511786e-07,1
aae09a6c55e9,4.268706e-07,1
288dcc58c1dd,3.7764966e-07,1
e28b48406ffe,2.2826305e-07,1
9e483dc34e2b,3.924331e-07,1
e17c42bd1f89,4.18963e-07,1
fa8ab51e1108,3.3588125e-07,1
b8f1e4fcb779,3.8204806e-07,1
1cabccabd744,7.0641045e-07,1
80a78a4d4708,7.646951e-07,1
c0e49a208314,8.334355e-07,1
4277c9b8ecb6,6.534277e-07,1
68936d4d25b6,5.903147e-07,1
7685c66cb795,4.271132e-07,1
6194fe04a072,3.512567e-07,1
4b04466d7347,3.4640348e-07,1
1dabc63e6ebb,4.404104e-07,1
112a00a248b9,3.9461918e-07,1
3cc0835aa899,3.26626e-07,1
40c7e465a502,4.516212e-07,1
a3731652b920,4.1633956e-07,1
5fdec76f7f00,4.77592e-07,1
8c9e38f19440,2.8675294e-07,1
b55398ac0b99,2.8650956e-07,1
4a428df56f8c,5.6855436e-07,1
a612c28837e4,7.583087e-07,1
e41f95ea5c44,6.064132e-07,1
f4e2a5530b1a,5.9757906e-07,1
27567466a5d6,3.222295e-07,1
568a26335e59,2.6455757e-07,1
b6dfb73b18a3,5.8467265e-07,1
5048e6978bca,4.3111683e-07,1
8245d6905147,3.753465e-07,1
d28c529b3d03,3.3688124e-07,1
3ae946aa7e05,2.994603e-07,1
8b7ae8f4cf82,1.9675802e-07,1
f504bcc10acf,1.4294419e-07,1
a605357f1c9f,3.8264804e-07,1
3f34b8afdc9c,5.3322964e-07,1
0393b562d9a8,4.822271e-07,1
30eabe1e7f2f,7.5739786e-07,1
3913327fc041,4.824244e-07,1
9cd977d467de,2.7013502e-07,1
0d3b5d7ff0db,3.0348582e-07,1
0d090b2a32fd,3.1303156e-07,1
3ac21e7e3800,2.9634887e-07,1
8eb05cdefd4d,3.3455223e-07,1
9eea078f9489,3.2168012e-07,1
6ca35af9f26e,5.796281e-07,1
ec41815dd148,2.5154822e-07,1
81a6a4233543,1.943583e-07,1
0dd95974e9e5,2.02622e-07,1
394e8de2df42,1.3833515e-07,1
fb5d9da8f6a9,5.7475273e-07,1
690853106df7,5.792336e-07,1
025c9f723f8a,6.599747e-07,1
8ddc96925e22,9.4315504e-07,1
f7624b74c4d9,9.191604e-07,1
d265bc2c8484,8.9949907e-07,1
ccef4bfa89e1,6.571032e-07,1
879267894e8b,7.737544e-07,1
5216b14f98a3,5.930069e-07,1
5d7ccf45c3bc,6.550491e-07,1
246d1a243a68,5.3229815e-07,1
c6832fc1fcdc,6.665456e-07,1
0808dc808b9e,5.0635003e-07,1
daf14d2f3225,2.2376462e-07,1
831726599d58,3.3225348e-07,1
733d463bbe0a,4.1615704e-07,1
01fdbc08a7d5,6.065685e-07,1
1fed79c3a042,5.7905766e-07,1
692069a4cbb7,6.154644e-07,1
2d767c4b8414,7.2778647e-07,1
b8f0e91e1bf0,4.071317e-07,1
f29474e1b0f7,8.4657967e-07,1
cb5cbf787606,7.897122e-07,1
b94749b14e1a,9.463215e-07,1
8e0b02637ad6,1.1196436e-06,1
638c54af3c5a,9.48907e-07,1
c97bff25ca9a,6.00045e-07,1
ff19e6755ef9,4.83321e-07,1
0861674f6ae6,3.6476393e-07,1
cf8ea8787591,3.3074807e-07,1
1a1dbbefd147,5.379876e-07,1
c5b40ae92387,4.907981e-07,1
c19ba2534ea4,3.7428242e-07,1
3abd667511da,3.8300564e-07,1
c7327b754bc3,7.255405e-07,1
a7eb9f0ad4a7,5.93634e-07,1
ae5dc16d0562,5.7306556e-07,1
91729c303398,5.0075397e-07,1
a6137961185e,4.6589113e-07,1
3a68f6a7230b,4.2442983e-07,1
12372fd3d0f8,4.6009004e-07,1
06a32e472851,5.2530714e-07,1
31241200000b,5.314117e-07,1
f693001b69d4,6.7255905e-07,1
4429036429a7,4.9516785e-07,1
a11f518872a8,5.851846e-07,1
b255052daf4f,4.1266142e-07,1
5d442188f54b,3.5886467e-07,1
87da3dd5d56f,4.8229214e-07,1
f1bb1a676fcc,4.3372313e-07,1
a9beed3b9760,5.945777e-07,1
8c7d53f39e5a,5.7618354e-07,1
bf429fd6df43,5.1311207e-07,1
6dce4b7e7632,5.880554e-07,1
fd2b9a137131,7.884857e-07,1
3f84ea61f801,9.900201e-07,1
39126881a490,1.0847126e-06,1
9ebb27bba5e1,8.268562e-07,1
32f218e37d2b,7.560271e-07,1
99bcfab4c763,8.6056974e-07,1
a2a4bf84a122,7.524317e-07,1
400430026eee,6.231721e-07,1
a84f83a8dc2e,5.208961e-07,1
d04f9a58fe11,6.404605e-07,1
7c252756ef06,9.328434e-07,1
47bf559a249a,9.384443e-07,1
2be2de41ef2f,8.885477e-07,1
c3209464438f,8.354894e-07,1
3ab627daf4c8,8.9826307e-07,1
509623b93eca,8.085443e-07,1
88f2a79f56dc,7.649558e-07,1
82c855187cf0,7.385553e-07,1
a5b25180cae1,5.05764e-07,1
cb2b1725b222,6.199674e-07,1
4f44cb4ec7c9,3.8780067e-07,1
3c99e3874745,5.2104775e-07,1
973f3fc8adc0,6.9064e-07,1
b2f6f2a946e0,5.633075e-07,1
22edc613a63c,6.2104715e-07,1
c2f3099c7cb0,8.596668e-07,1
212ddd7a6231,7.332139e-07,1
281dc46e6e4b,4.455569e-07,1
96925d275415,4.745559e-07,1
f709ac4275ea,3.9996132e-07,1
ad28231d744d,7.1179454e-07,1
a024d8699be8,8.6215505e-07,1
37f7f844bc39,1.1637856e-06,1
0b18ad221b26,1.0463143e-06,1
78d7cb206577,8.70454e-07,1
6c611031fd42,1.0535713e-06,1
80af2d97aa09,7.5768725e-07,1
20087c0e9b48,8.2704065e-07,1
f6de5dbc79a7,8.774673e-07,1
ae68b86cf590,7.113027e-07,1
19bfe71e0f4b,8.1730917e-07,1
0d3a22137011,6.317375e-07,1
bd3130f84b19,6.548414e-07,1
80d709162827,2.6230393e-07,1
5576bd012845,2.550652e-07,1
cf3fe71b0d98,2.1979433e-07,1
03755b3b74b6,3.666558e-07,1
0287005c4307,6.245659e-07,1
abdcbdaecf67,7.526436e-07,1
3939ee5fe9a8,4.931891e-07,1
123663bc4177,4.4426613e-07,1
09e3337f5636,5.3414334e-07,1
cb39c7c12587,3.6046762e-07,1
31fefff3da28,3.7478313e-07,1
88dc6ee48310,4.176816e-07,1
17a9d3be4a9f,4.3952627e-07,1
2f40c13bc3c2,4.340028e-07,1
ea3a6da60088,3.0591684e-07,1
069e85f6a5d6,3.3259127e-07,1
5bf73fb6c5c0,4.9243187e-07,1
10712421d0f4,4.5397312e-07,1
cb6f50247739,5.3977976e-07,1
b6a2205bd374,4.0126656e-07,1
7674ee493205,4.236837e-07,1
4e94a9eab9cf,3.5714626e-07,1
2ae8f89954d9,3.9730705e-07,1
50f10de0de6a,4.1821093e-07,1
37862d898b1b,4.0694107e-07,1
ffa734886598,2.540409e-07,1
5f7a396de91b,4.289931e-07,1
33a2df006843,3.9939746e-07,1
32e6cecb8e7b,5.172804e-07,1
6593aee10078,5.98798e-07,1
e8fd27b6b463,5.398231e-07,1
5b8f0c93cb73,4.0942044e-07,1
b90dd8873611,3.3475578e-07,1
34d30cc079fe,2.1744977e-07,1
be8c6039217f,3.645557e-07,1
e7a3b6650dca,5.519233e-07,1
13355041a3e8,5.237298e-07,1
56cfef1c520a,7.7664316e-07,1
32046bab63b5,6.6536444e-07,1
6a722b569eea,4.803118e-07,1
047faa720715,4.1959717e-07,1
e0548f0faad8,4.49482e-07,1
f36fde50cdbe,5.386616e-07,1
2ffe9b9929bc,5.4194015e-07,1
d1732870a7c1,5.3259436e-07,1
df2e6a4b20c1,6.3568706e-07,1
12d105c4465b,4.8494576e-07,1
6a41c1cb4b2d,5.1668934e-07,1
672cfb8d6755,8.2701536e-07,1
c9c4aeaa426a,5.482193e-07,1
fef582f032b0,9.709645e-07,1
c53d7a8318ae,9.820944e-07,1
e3afbab99cfe,8.5643035e-07,1
12a3e6c3dde4,9.266083e-07,1
8338c85a5d08,6.8702843e-07,1
a69220de651b,4.6488182e-07,1
63576213260c,2.6049676e-07,1
6c2035860b65,3.771218e-07,1
146a87228340,2.78246e-07,1
bccb50427b00,2.7833218e-07,1
ee690a314d9a,5.482052e-07,1
dbc1b4392fd5,4.486997e-07,1
65327850e4c5,6.7052736e-07,1
7a7bc38522c0,9.914417e-07,1
ce268a234905,9.833287e-07,1
e7ec32191eb4,9.0623377e-07,1
e1f245962b02,6.000591e-07,1
d548bceb0ad1,6.958476e-07,1
9f28aef636d8,8.0645265e-07,1
d38e68c2b1ef,5.52408e-07,1
0836749a1256,6.8471365e-07,1
edc53563b2cf,2.9783743e-07,1
3a634e2b0471,9.549493e-08,1
15b5c0f5b97e,1.6722854e-07,1
756fb4f1687f,4.8692425e-07,1
d41e8a7cce7b,4.797146e-07,1
c8c213bce7dd,5.398182e-07,1
8bfe53e39535,5.228718e-07,1
24d8844f4757,2.0344501e-07,1
00f4f6a0740b,2.8210434e-07,1
0bae36139419,4.2946814e-07,1
e68c29a6f4f4,4.8479217e-07,1
27f4ac8e5f83,4.0734363e-07,1
2a8b4c015306,5.3925055e-07,1
5cdb31613bae,6.408102e-07,1
24bac450e200,7.3996193e-07,1
b2b5592c8689,8.595629e-07,1
6cbdbbe296e1,8.652494e-07,1
a6df25c14e27,8.0341204e-07,1
a172f277441e,4.0487896e-07,1
48226a2c9395,3.1685863e-07,1
4c740ca7927c,5.5043733e-07,1
6f8a53901a02,1.8245022e-07,1
87eb4c16c80f,6.349452e-07,1
64227b5d39be,5.2858167e-07,1
530d99a4bd3e,6.3182875e-07,1
7fb3033400d9,7.627512e-07,1
62346c2a0d19,6.1970144e-07,1
5786baf92301,5.239938e-07,1
bc72209a5bee,4.5598713e-07,1
76bf1faf35ec,4.33952e-07,1
9d55b3b90f62,6.3339377e-07,1
c6e69554fe1a,5.814787e-07,1
afe669cca52c,9.454947e-07,1
79c1b2679926,7.1721826e-07,1
29736ec0bc49,9.249779e-07,1
c8dcb435f7ca,8.6740556e-07,1
f23a3d69b6cf,1.0133949e-06,1
79e050d9e251,6.8796567e-07,1
65ac5b63d451,5.545895e-07,1
9c64b4b1f0b0,4.3367066e-07,1
5c56223fc141,4.524311e-07,1
434033ba38b8,7.865198e-07,1
3bdf06b666c7,5.8238624e-07,1
ece4f4e33649,1.1160209e-06,1
fab973ba5989,5.1891203e-07,1
7b0e2182bbe9,3.6820362e-07,1
25202cc05d5c,9.733312e-07,1
ffba16b15020,8.045961e-07,1
21f61779a605,8.151827e-07,1
fdc161c7821b,9.692068e-07,1
aaca7f7710ef,8.1645885e-07,1
2c0b243ef333,7.270095e-07,1
3c6cdac743fd,7.143725e-07,1
f5e834c88a68,1.0157378e-06,1
dc558fe5f344,9.0993206e-07,1
ed6a3543c6c4,5.953038e-07,1
2f1fc2f5ada9,7.095452e-07,1
bd6289fc8cc7,5.3204786e-07,1
43226f685d71,8.21166e-07,1
1c4913b8abc9,7.886839e-07,1
8ff3a513fd5a,9.3990604e-07,1
acd3445c5b7e,8.349081e-07,1
dd759b35f366,4.8181914e-07,1
52f8fc0c28ed,6.74501e-07,1
498d6474496b,6.268706e-07,1
631b7b233cb1,3.398145e-07,1
a5ffadb4e256,5.4449237e-07,1
54366482ea7e,3.890905e-07,1
02db94f49656,3.4406062e-07,1
bf8915f448b9,5.3521177e-07,1
7b3fd9c91272,5.207124e-07,1
6f514f3f8dc7,5.495265e-07,1
bf24feab3ae4,2.981637e-07,1
66d4d36e51bf,7.303162e-07,1
05def3bbfd94,4.729638e-07,1
f1c93a0579c2,1.0218803e-06,1
2db0116a825f,6.9109575e-07,1
5bc9e70d5068,4.4269783e-07,1
2a6dae0ca3be,5.367322e-07,1
1872efe59784,6.8862863e-07,1
bd266d741d7f,8.363306e-07,1
61d49b130aed,8.055434e-07,1
f20da5cb7f95,7.4809554e-07,1
b609b4262b34,4.457124e-07,1
a1853f5acf50,3.2063883e-07,1
101939802251,6.0924424e-07,1
af38fc238eed,5.923435e-07,1
757cf29b0cf3,5.6276065e-07,1
98c1df2e389a,7.1587505e-07,1
4b1dc51ec465,4.886719e-07,1
c5549ccb1c20,7.77164e-07,1
f3474ee6b5e1,4.9261365e-07,1
d559d512464d,5.6287416e-07,1
b70e880384ed,4.1438594e-07,1
f99c2608fedd,4.5398505e-07,1
3cd25649074f,5.037162e-07,1
6a1a685ce913,3.032326e-07,1
e1db09db5165,3.1940363e-07,1
7999cc323358,7.3910144e-07,1
234a5c50ab16,7.7678135e-07,1
15816098073f,7.139026e-07,1
39c3371ded46,6.9732397e-07,1
3746a77e8a05,6.059738e-07,1
a034ee5dc3a4,5.553726e-07,1
d0b55eb11d05,5.0568985e-07,1
b0e779967432,5.183994e-07,1
48038ed8e421,4.992667e-07,1
7f8aba682073,3.2098632e-07,1
0a38026e606e,5.347285e-07,1
cebee0ee642a,6.394513e-07,1
bc76943f1ec6,5.0210315e-07,1
5ecc13797a7e,6.2105676e-07,1
ef417e615c16,4.483788e-07,1
e7600a1cf63a,4.978794e-07,1
3e9abd6a412e,4.781429e-07,1
c69eefb74ec8,4.8730215e-07,1
c6652d89f593,5.4083e-07,1
c8d26c289dcd,6.751743e-07,1
b4c2845ecf96,6.6333513e-07,1
acd8e814b10f,6.783022e-07,1
6ca97f561ba2,9.4129484e-07,1
fcf0b424843a,1.1752996e-06,1
c9225630a5c1,1.0162281e-06,1
aea76658f511,9.3124584e-07,1
c1fadbcc976f,8.4077584e-07,1
328b2579f708,6.149062e-07,1
3b8aa23fd1ca,5.822849e-07,1
cff20280e9e0,6.171989e-07,1
6c0f1955acab,3.2955566e-07,1
1792873efa83,2.1959897e-07,1
e2fc884ad981,2.0268251e-07,1
f24035c05388,2.3116398e-07,1
ba841ee5d90e,3.3325946e-07,1
d923495fa13c,4.277696e-07,1
85191e494424,3.6567488e-07,1
9f7d57894f9c,8.051988e-07,1
88fc234d8fa7,3.9097634e-07,1
b4991560a813,3.11525e-07,1
3276062309fa,3.8728382e-07,1
c58813acd347,6.085901e-07,1
100383b1d008,4.9893424e-07,1
bd86211ff073,3.769705e-07,1
1094ec757df3,4.2767775e-07,1
0b39328c5e44,4.421281e-07,1
c812126e8ce3,5.1251544e-07,1
d5548d343115,6.305757e-07,1
c7ab98def562,1.1452546e-06,1
03aec83e65ce,1.15224e-06,1
657294f1ecd6,1.2583316e-06,1
76d3466236d9,1.1194326e-06,1
fb6beadbb6ab,5.9141126e-07,1
a2545f2d793d,3.587031e-07,1
a09a3b754fa5,3.675501e-07,1
2beb754f3d37,6.6484506e-07,1
53d7ae7d9e08,6.5793756e-07,1
d1d945d1c1f5,9.239461e-07,1
0ee73d1fb44b,9.3987074e-07,1
8d8749eafa07,9.782259e-07,1
bb14602c62e9,5.716482e-07,1
ac79b104f488,3.441932e-07,1
415abfcd6f54,9.680648e-07,1
c5298d3a261f,9.333724e-07,1
c57bfb40ec0f,1.0418639e-06,1
26c0f0c2f974,9.3790516e-07,1
f6875c2cfb7d,8.527904e-07,1
e92715b0a40d,2.636064e-07,1
28a93d13b894,3.8933072e-07,1
d830aabded11,4.980561e-07,1
187a17c90bdd,5.0879055e-07,1
86a3bcc75254,5.420375e-07,1
8a9d7bbd2a00,4.265043e-07,1
74935e4e3fd6,4.1452878e-07,1
03e13a137e88,3.3243035e-07,1
b7d019820d6b,3.6938107e-07,1
d10cd556db80,4.9789537e-07,1
281321d5689e,2.7645646e-07,1
ff85217ddc39,4.5125745e-07,1
387687a1a9ad,3.2333583e-07,1
64c48b1dd5c6,5.4700206e-07,1
e6898d6de068,8.1835697e-07,1
29624071570a,9.883894e-07,1
6f0d84199af1,8.473692e-07,1
bc78be426325,7.768797e-07,1
9e1e404fd7db,9.33356e-07,1
355ab4c4d997,5.9337935e-07,1
c2353089b35d,4.8770977e-07,1
199ec20e0834,3.6137493e-07,1
d5fc75708fc7,3.999933e-07,1
9fa1311e6ab6,3.4416104e-07,1
8e3a7818d04d,3.8288397e-07,1
7ef78e674b25,5.307478e-07,1
2ac0b014e685,8.42914e-07,1
2d869aa91db6,8.79135e-07,1
8bb06ac4b47c,4.8269703e-07,1
c16194d0bc60,1.160726e-06,1
645824e0cf03,7.7462244e-07,1
203a0e32ab92,5.6602784e-07,1
b3be532d70b5,6.874542e-07,1
9728a955ef55,4.6703263e-07,1
f57a8580dc19,9.018328e-07,1
52182742fe9f,8.0911786e-07,1
996cd55f3e5d,7.463357e-07,1
6bc20588bb4e,9.0929944e-07,1
09dcbfbd9b08,6.885414e-07,1
22686dcb0317,4.9832397e-07,1
056ffa9fba5c,7.2550046e-07,1
c27deafdf12a,6.9839956e-07,1
2012301fd89e,8.9049803e-07,1
180a1baebdd9,6.6219525e-07,1
77e8396af599,7.50402e-07,1
f1dff5f8ca61,4.7485906e-07,1
51877fd47492,5.193031e-07,1
51a91d211d06,4.6729156e-07,1
961a2b5f5378,4.3431405e-07,1
dd4b09699401,4.1891758e-07,1
aabcf87a22f1,3.265421e-07,1
2d17b0afc517,5.6107694e-07,1
6ed8c53356ae,5.7693404e-07,1
315c0b202a5c,7.929236e-07,1
86a133651a6e,7.9959716e-07,1
d0ae631d9063,8.575583e-07,1
d8623e2820bd,8.8926697e-07,1
c891138bd33e,6.284297e-07,1
e07d38a9f200,7.040517e-07,1
8e2f4a5ce34c,6.4415065e-07,1
fbf4715154ca,5.1235094e-07,1
409cfeeaa071,4.991105e-07,1
00682e376f29,5.9701085e-07,1
adc6914da390,4.3665935e-07,1
b893e99a0cd7,5.2499865e-07,1
e921c2430502,5.435117e-07,1
66e11aef1df1,5.5182676e-07,1
820a510d8f0e,5.919756e-07,1
5a26e01285c3,6.8921094e-07,1
a9cf56a8045f,5.7128653e-07,1
65a759fe82fe,4.770249e-07,1
a6fb3295d1c8,5.527554e-07,1
ad545ee7312c,3.8156753e-07,1
94ce76c89a50,5.2876544e-07,1
8a8e09a439b3,7.1758e-07,1
15f4943560d1,4.4380204e-07,1
99800583b796,3.8976205e-07,1
dc1ab0d11ad2,7.396279e-07,1
7aefb9a455bc,6.75175e-07,1
2168f602dddb,7.4189774e-07,1
2fcdc5d08942,1.0216389e-06,1
056081756da2,5.3490226e-07,1
00f66a9a4937,5.510345e-07,1
4a70c6e1725f,4.2535078e-07,1
532e059e3faa,2.3485205e-07,1
dc8a42f131cd,3.687857e-07,1
becfbdaa17f7,2.0699515e-07,1
a3b0a9301dd1,4.8123576e-07,1
53053fb43121,4.884002e-07,1
9be626c1c23e,4.2945308e-07,1
1da6f4415aac,8.30903e-07,1
dda582c06832,6.2303434e-07,1
aa382606ce2a,7.7704163e-07,1
80231e4fd46b,6.820274e-07,1
aac14d9c1ed7,3.7971083e-07,1
301358ddd64a,6.840223e-07,1
4a7ba5eea6b2,3.8243027e-07,1
3b4501fff0b6,4.5351544e-07,1
2b35ce280e98,4.6007747e-07,1
f369cd4209dd,2.660312e-07,1
d74ebb0e44e2,6.4801725e-07,1
c17776d48074,4.1823128e-07,1
641d0f79c7eb,3.8415425e-07,1
e82eeed05cd9,4.4120992e-07,1
238c9dfd8f1d,3.655941e-07,1
d4556fe8dc9a,7.252053e-07,1
cfc49bbe9a86,4.4307083e-07,1
be38341118f4,5.1977344e-07,1
2e3fe328e6a3,5.5797926e-07,1
4bbbb8179e40,5.7035015e-07,1
1fb6a196d53e,4.955692e-07,1
18c987c492e6,8.729535e-07,1
0b3201c48e5f,1.1695132e-06,1
a0484071e1d1,8.1409803e-07,1
cf5d70632328,9.252902e-07,1
f61e7b494869,7.13901e-07,1
9b95668448c2,3.1684328e-07,1
6c9403f99b75,4.3852293e-07,1
8dfd162d3b95,3.3976534e-07,1
15a6212daf44,5.346086e-07,1
e645f6ff0828,5.055179e-07,1
ae297748d471,7.091289e-07,1
66eb277e9d24,6.782847e-07,1
ffc1d8c2decc,8.1356916e-07,1
039154ae103e,5.9495983e-07,1
237863ce5b23,5.6043905e-07,1
b1d65c4b3ece,5.184351e-07,1
1be05ca4027a,6.3945237e-07,1
03542a705a33,6.779768e-07,1
3e5496b4b9fb,8.0077854e-07,1
b2e7693743ac,6.2079675e-07,1
b27e85552830,3.641825e-07,1
ee719dcb8794,2.6494055e-07,1
27f979177ace,2.0836549e-07,1
fd1cd4521b26,1.7698288e-07,1
b10f40aa2139,3.3421975e-07,1
de21478f356f,3.6999788e-07,1
a8a0946be1fe,3.324605e-07,1
74160e3f6b35,3.263115e-07,1
f696d6915609,6.8799784e-07,1
e4e3572ab67c,7.228469e-07,1
832c19077df5,6.543302e-07,1
b02c1c6c7430,5.4772335e-07,1
02b8f7562a48,2.0755597e-07,1
7a153ab8d623,2.684488e-07,1
c5a048500209,2.9156934e-07,1
3d6a73df38fd,2.6893426e-07,1
ea99f5765b33,5.82968e-07,1
ef2bbfb62ff0,4.4966256e-07,1
06829ddb40ab,8.027301e-07,1
e09af73cc5d8,7.94856e-07,1
ccb5a8cfb1c0,6.908706e-07,1
eeed8c272c61,8.8449116e-07,1
49cefba1d641,4.3494114e-07,1
aca1f2eac93e,4.346961e-07,1
e2adb2f768af,4.5442852e-07,1
a7fcf229bf03,5.230668e-07,1
b110dec82ab2,5.63167e-07,1
40dc4d8fad4c,3.66272e-07,1
a17bd8607100,6.5689994e-07,1
f9f179010779,6.45208e-07,1
2acc33ef9327,5.47881e-07,1
74c811f38976,4.4513612e-07,1
b26f3f0d6a54,4.5065988e-07,1
f58b734cd565,4.7483553e-07,1
3da23d13bc59,4.6934312e-07,1
c3955ba59523,5.8133844e-07,1
be3da457ea75,5.335403e-07,1
68793d769fe3,4.7350727e-07,1
9bfa74d458f3,6.3139737e-07,1
4c7b906764dd,7.747918e-07,1
f75779dd5f38,7.018852e-07,1
520f09d21e26,7.845631e-07,1
add4f579aefb,5.605838e-07,1
835f29631e15,3.3808803e-07,1
caa716325091,5.2106185e-07,1
924b3c42f0cc,8.4803577e-07,1
8b6508abc732,9.376308e-07,1
636a148a3675,8.584264e-07,1
5113bb5e2407,8.782605e-07,1
ceb12280921a,7.214142e-07,1
60d0e20474aa,7.197463e-07,1
5b6c78f7a0fe,5.895064e-07,1
a85495553b13,4.5595056e-07,1
491fca81392a,4.831186e-07,1
d06ac4dd8ce0,3.8179854e-07,1
0b7e79de2eca,4.910876e-07,1
de76f072afd5,7.4255803e-07,1
f07ff576657e,8.353623e-07,1
5587dba78ba8,1.0547309e-06,1
daffebc6ba9b,9.2655324e-07,1
9401b2adb93f,9.3501893e-07,1
87ce553c5302,6.7298924e-07,1
e4df3ae76433,5.521643e-07,1
ae9d695a1495,6.10477e-07,1
31cf048a01a5,4.1171475e-07,1
4197c30f7d38,3.817579e-07,1
5fdcb4d4ea38,3.2507498e-07,1
449b5e59c6eb,4.424402e-07,1
0d74b1ed536c,7.2684077e-07,1
c9051103ed83,4.2313414e-07,1
438e7d73413b,4.9633707e-07,1
fe363b292c71,4.215837e-07,1
956f0a95aa96,3.3082642e-07,1
7d08084f966d,3.5843442e-07,1
7618626133e3,5.361186e-07,1
fd70be11c246,5.1533044e-07,1
a3035db1e358,9.051473e-07,1
caba2ff66979,8.496158e-07,1
1e458a3e0eae,6.2697393e-07,1
62831f98f976,7.59928e-07,1
f383d117098c,6.798886e-07,1
8300582c2871,5.4397077e-07,1
9a225f2d5d3f,5.14073e-07,1
ecaefff38ec2,3.5485638e-07,1
685d5945df36,3.5301034e-07,1
2a81a2274160,3.2276964e-07,1
4b3a65ea5e51,4.481744e-07,1
d3de2d9864c3,7.561869e-07,1
f84b5eac3d8d,7.780692e-07,1
c1df7ff295ce,1.1936977e-06,1
82acea2e9d28,8.359236e-07,1
0f8646fd813c,8.601476e-07,1
32b4074ce2f6,5.636745e-07,1
81f2700279eb,3.0887995e-07,1
76c82742bce9,3.1472663e-07,1
64aeb52b3b87,2.8178417e-07,1
e8e8f729d5eb,3.7669946e-07,1
875e980ef21d,6.0082164e-07,1
b885f8a2e517,5.164764e-07,1
0224746051c8,4.4240997e-07,1
0af136300f88,4.6705856e-07,1
992220203842,1.0519042e-06,1
9071f511de48,7.448781e-07,1
15ece4d26a4b,8.704678e-07,1
c68af0375cef,7.22378e-07,1
66d32e767c00,4.297659e-07,1
c66de6ead814,1.44148e-07,1
29e18182da37,1.8356403e-07,1
66a0bf079db3,3.4675776e-07,1
c336e107afd6,3.2591743e-07,1
692ef46c3a1e,4.810816e-07,1
1c11d2d6828d,5.4970855e-07,1
8eef40e9ad4b,4.917758e-07,1
e8688f93c8a8,4.3449728e-07,1
15a8b208481e,3.6472537e-07,1
87bedaf531b7,4.5318112e-07,1
ab1f700a176f,4.5971254e-07,1
aa6da667ebba,9.556007e-07,1
81a80e933254,7.6131096e-07,1
0cc5d0fd80d5,5.893838e-07,1
e40c7444da0c,7.46579e-07,1
b0c42ad1adf4,7.9402326e-07,1
033e9cf152ea,7.85085e-07,1
f1b650d20c93,6.4777066e-07,1
c0cc751e92d4,7.4740484e-07,1
f1a1b2f4ffe2,4.2790023e-07,1
ee158a2ee603,3.079876e-07,1
32fa4e713c2b,5.6658314e-07,1
d5a2fb935efd,3.5537334e-07,1
6fe57abb8a84,4.887149e-07,1
a3b406b5ae35,3.3165372e-07,1
95ba564dbd43,4.3214894e-07,1
fd7f7bec7e13,2.1440349e-07,1
335a255aef9c,2.767557e-07,1
5d3060fe09f1,3.8777458e-07,1
49160bb1d8ac,5.420186e-07,1
67dcbe8da29a,5.7598004e-07,1
134ae2f27074,3.9949995e-07,1
7a187ce704b1,4.6287894e-07,1
60c50298e325,2.119796e-07,1
8d35363c251b,1.8706264e-07,1
db85c7dfa744,2.0873141e-07,1
e65c13b52564,2.8462748e-07,1
c21003ab230e,2.8744128e-07,1
cc45362270f4,2.7599486e-07,1
e6cecb7dbc65,3.3397114e-07,1
5f9db1ad1656,4.2333568e-07,1
8f42a16403d3,4.6723545e-07,1
5683953f8dd3,4.8250024e-07,1
796e2192ad4d,4.376414e-07,1
6797e4b2074a,5.360331e-07,1
780c000d84a5,2.9824483e-07,1
bc2ce9ec633e,4.798369e-07,1
750eda026f7c,5.384875e-07,1
f495c643768f,6.890239e-07,1
b121d34a82eb,8.370243e-07,1
90276a6b5515,7.4723033e-07,1
b3290b0df76c,7.70635e-07,1
271948758e65,8.557287e-07,1
e95d2bd07751,5.473365e-07,1
c4e99a6c55f2,4.9991337e-07,1
e70ff5083c9b,4.778603e-07,1
3d20f21091fe,5.562005e-07,1
3ad0a228bfd2,5.754771e-07,1
117c74498e3a,5.9619805e-07,1
df0783852062,6.940369e-07,1
c310fb9787db,7.280597e-07,1
4dba0afe9d9e,8.464925e-07,1
ed4e304ccbe3,7.306954e-07,1
d86ce0561cb0,7.453768e-07,1
070f288f1259,9.19222e-07,1
baf57c039adf,7.857364e-07,1
064d934f834f,7.223604e-07,1
06a45e2ea474,7.139039e-07,1
7dcef2d09c57,4.7402347e-07,1
bd819ccd351b,4.7628689e-07,1
09c736233586,6.339058e-07,1
0ac21411533b,5.74595e-07,1
3136bdc19aff,4.118941e-07,1
302dff1afec9,5.194087e-07,1
5647e72f2e2c,5.749256e-07,1
9c155d20a45c,4.345545e-07,1
1ea2c8abea18,9.01061e-07,1
47dfb41a96e4,4.0979566e-07,1
2fa511632de6,8.3677395e-07,1
fa6cd40478c6,6.895064e-07,1
06b516a1963e,1.3064573e-06,1
bbe353e91d25,1.1091275e-06,1
09670011615a,9.93176e-07,1
09bcf30f0b2b,8.3725297e-07,1
d7051f16c3af,6.670535e-07,1
04d30d94325f,6.3609025e-07,1
8babff4c5ad2,5.2352004e-07,1
d4d48fc12a51,6.392155e-07,1
1c256fef5f8c,6.2570234e-07,1
20cf059694ea,9.465362e-07,1
5193f489b60c,5.897525e-07,1
8ee8ae4fd721,7.355026e-07,1
dd20ba2c942f,6.554877e-07,1
e11ca758d6b5,7.535215e-07,1
bebf04c1a24d,1.0304929e-06,1
00e2235e7f1e,7.814417e-07,1
98fa08024075,8.920237e-07,1
64852efd8b71,4.7262665e-07,1
6f419dd03619,5.305007e-07,1
bf670d1b9c28,6.278542e-07,1
ca68e4db1b4f,3.9823112e-07,1
306675d86c9d,4.0292062e-07,1
d247657f7733,3.4388628e-07,1
9e142c1ffde6,4.6859233e-07,1
3aac9ca587ed,5.458632e-07,1
72ea603ead78,4.2470234e-07,1
94763943c3cf,5.2173374e-07,1
390475bd13ca,3.3215017e-07,1
cf6b66ce3cd0,4.32213e-07,1
9a83bfbcefa5,4.8939904e-07,1
e82ce45433bf,4.898819e-07,1
3eade9a4698b,6.1155845e-07,1
c4a115953ea9,6.7124665e-07,1
11d7401ecde3,5.433304e-07,1
fd2a09279dd0,3.998302e-07,1
ccaacea48de0,2.5511446e-07,1
44a7bee0fdcc,2.615289e-07,1
d667e756ba95,5.058408e-07,1
95cdf3c65a55,6.222805e-07,1
a376c9170754,5.081945e-07,1
dd4bf8957b82,5.2911656e-07,1
6fa48c714c74,5.1477207e-07,1
41f011416293,3.8638706e-07,1
1dd7982e7550,4.980575e-07,1
a0a879bf5e72,4.4133094e-07,1
573401d89ea4,3.815224e-07,1
dd75be1e561f,3.5417824e-07,1
c62eae6aa396,3.5753072e-07,1
62298db6ab3a,3.9118834e-07,1
71cde02fd3a7,4.5216808e-07,1
88c464f5b41e,3.919404e-07,1
9bb8b65cebe1,5.15182e-07,1
f83163d10ee4,5.7151624e-07,1
d7fd50fc8435,5.4012196e-07,1
3075b742bf79,6.183052e-07,1
9dd21db4702a,6.763658e-07,1
184b19084e5e,4.394683e-07,1
54e29cd9770c,6.140805e-07,1
a76c8fda2924,7.2578393e-07,1
7e1bf3f654ec,5.972763e-07,1
dcdbe4c11a0c,7.069241e-07,1
e03e3204526a,4.5920396e-07,1
e59c6a1d0c87,2.719889e-07,1
dd1dff06668f,5.621003e-07,1
02890002b49f,5.972951e-07,1
137b31c74914,5.337576e-07,1
20a10aa329d5,5.4274045e-07,1
1dec2f919d51,5.7486704e-07,1
ae0330f65036,3.920784e-07,1
50bd739baa86,3.4966476e-07,1
e6b5132ab147,3.780476e-07,1
c5419c2b4d77,3.2508342e-07,1
3c01ed8a3a22,5.709413e-07,1
da74cefc8d20,4.0007035e-07,1
5bc868c15334,3.0697404e-07,1
a5963ba97c34,2.7239872e-07,1
1a1f6a0c87f8,2.5076082e-07,1
93ab5bdf9e23,3.8783443e-07,1
f01ad5e89e28,4.2735707e-07,1
8ca068de0169,2.7431545e-07,1
ebbae25a4977,2.9540502e-07,1
5e35241a490f,3.1714256e-07,1
a37778719b5e,3.5428667e-07,1
03819a4fed30,6.508329e-07,1
956acd19cc8d,6.775442e-07,1
876741d94f1a,6.752262e-07,1
dc70569af72e,1.1050541e-06,1
b50ff61e5504,7.983496e-07,1
c15b12c7a09b,1.0340501e-06,1
ecf94086339b,7.571697e-07,1
d768b025882c,7.1998596e-07,1
9e8426cddee2,7.06629e-07,1
1768eef4ad64,3.9609196e-07,1
87acb55359a7,5.317704e-07,1
37542534231b,5.880986e-07,1
07a3f29ad94a,6.2104476e-07,1
d6008ed2022a,7.0713384e-07,1
6fdcac594ccc,6.7944956e-07,1
0b34938916db,8.8179974e-07,1
9ef0e18060da,5.7110697e-07,1
2c34f297870b,5.4787745e-07,1
75b549c0eb74,7.231899e-07,1
e8eedd7dc470,9.671012e-07,1
0610deb38245,6.038143e-07,1
82f612df0768,4.731281e-07,1
d661fe3841cc,4.436738e-07,1
628b9c90470e,3.8213736e-07,1
9e60e2f392b4,3.2640256e-07,1
c29a316050ae,3.0735626e-07,1
3be57b0d385c,3.4957063e-07,1
5b4ed95226e1,3.0697493e-07,1
25a1d721f450,7.0040824e-07,1
fbfd0c8d9c8e,7.395463e-07,1
ec7a150a59e2,7.6669573e-07,1
f07793a643a2,6.6440447e-07,1
69134c24b342,6.633397e-07,1
84bf37dc7254,4.756213e-07,1
cfefd50b06fc,4.5504916e-07,1
142ee63d288d,4.0674644e-07,1
1409227086cf,3.3921168e-07,1
574850916463,3.406202e-07,1
4a1dcb172fef,2.527674e-07,1
ed038613b6d5,4.7620102e-07,1
dcf934992ab1,9.123798e-07,1
fd9428e62890,1.0067641e-06,1
b24f45e66cbb,8.907778e-07,1
a7dc32cacd10,8.743312e-07,1
ce6f96708694,6.735381e-07,1
ec80ee9fc4d0,2.5816965e-07,1
59e8e2c127be,4.561531e-07,1
d325cd17c213,4.898307e-07,1
7ca40becea5c,4.9305294e-07,1
0a22641145e3,5.099479e-07,1
8428a0f1bd10,4.4888844e-07,1
ed0857dd8aef,2.6617826e-07,1
081daf9889c6,1.15516464e-07,1
c3339102948b,9.4265786e-08,1
f4ed3034a2d2,2.0900491e-07,1
8b71ed720e42,2.4825522e-07,1
0f78ee072458,1.2431168e-05,1
6a35d20d3622,1.0714033e-05,1
7ef4e8690983,8.96696e-06,1
58dee830acca,8.182694e-06,1
5b527dadf3e2,3.0078302e-06,1
298d0e4cff22,9.394869e-07,1
c3731c1981f1,7.8735934e-07,1
444e08b79009,8.106918e-07,1
5921a1d6e48c,1.0054107e-05,1
a2eb83824f3a,9.262481e-06,1
7c30e431c18b,8.903457e-06,1
61b092aae5d0,8.626273e-06,1
9c5cc5c17534,3.3983806e-06,1
1c79de1eb720,7.0131944e-07,1
290f386936d4,6.946924e-07,1
db0bea208bc5,8.916198e-07,1
ae8aa0f0f744,8.771775e-07,1
98ffc8495dde,7.5548473e-07,1
f9dabfd1891d,6.0806263e-07,1
fb64f0c683bd,5.422801e-07,1
b4a2001fdb61,3.7848443e-07,1
d5af246cf913,2.7048281e-07,1
cb78f583a333,4.2326556e-07,1
cf4b62481961,1.4525632e-05,1
475610b2ebbd,1.083643e-05,1
ac0b546bf6f8,9.454872e-06,1
e5a62055866e,8.573149e-06,1
b52a55c95347,3.64783e-06,1
a34f0bf82ecd,4.3961734e-07,1
4d73ae72fd3a,3.9600155e-07,1
a41a614bd525,4.540245e-07,1
10978cef4aa3,4.5545215e-07,1
6b9cf6866ba1,3.8875626e-07,1
2517472f0f4a,3.4288303e-07,1
d7b45097906f,3.6486776e-07,1
313f188a2bc0,3.6136987e-07,1
15c50f22a84d,2.6306796e-07,1
235333647528,5.210628e-07,1
a4b2a91fcb34,5.31051e-07,1
41111d4c282d,4.9293e-07,1
e6865912d7cc,5.6624106e-07,1
bed461312b66,4.0643977e-07,1
ccca1cdc10fc,2.3762966e-07,1
ba1d8ef75e1e,2.061637e-07,1
073c3cdeb55e,4.835405e-07,1
a06f7499d64a,6.6086545e-07,1
35567ff91ca1,6.494491e-07,1
cb59dd29b2d8,6.292915e-07,1
bcb0ff90ecb7,4.0854016e-07,1
1c21e0d11d87,3.4676268e-07,1
f34387c77808,3.7455928e-07,1
e9dc0da66618,7.3328493e-07,1
baef19ff0a26,4.7070574e-07,1
edb058629791,8.277709e-07,1
d787bd895cc2,6.5654183e-07,1
d43bd38ccf68,9.292415e-07,1
57ae6031ea0f,7.413136e-07,1
42d32a95b5ad,6.2529875e-07,1
3e623f8a1b4a,9.543327e-07,1
0f638b0b0c35,7.885457e-07,1
9ff86835dc65,1.2288284e-06,1
157806fec232,1.1946013e-06,1
2a5a40e94e45,4.874328e-07,1
606f72f7bd26,5.7526614e-07,1
db66e5279f31,3.981294e-07,1
7f17e5a7b0e5,5.490693e-07,1
d669cfd3612c,5.3929165e-07,1
ea10c7e5277f,3.663792e-07,1
5b980df8e901,4.9573157e-07,1
f73db118fa5f,4.0414864e-07,1
d555adca13aa,3.4234827e-07,1
8c4f38381034,4.1767308e-07,1
3b212554e67a,5.1313606e-07,1
5d03081a341f,3.7280677e-07,1
34c2248238b4,4.0020683e-07,1
5c678cb62082,5.296061e-07,1
e11a42d94660,3.350073e-07,1
493f91069591,3.8661213e-07,1
040b0696482d,5.874633e-07,1
91c3fe717206,6.332419e-07,1
c9e72ebe4caf,7.6991506e-07,1
36e2de67236e,8.3602305e-07,1
ecb3f6d17e79,7.8765567e-07,1
605515931e7c,3.0969298e-07,1
55b26e4c2b86,6.165754e-07,1
f9b503677b84,2.8228774e-07,1
c08552123b6f,2.1858578e-07,1
8894a1891e59,2.8357667e-07,1
7fc89ca6c301,2.8200802e-07,1
5251146f6536,4.3953108e-07,1
6dfba7987ca2,3.827168e-07,1
4b0d9108fd3f,8.7632696e-07,1
5379073b5421,7.14117e-07,1
e80a2fc1962a,7.445758e-07,1
9409a5a6e18a,7.579808e-07,1
bf59804c3e66,6.639711e-07,1
6c4dbe9cd5d9,5.1451997e-07,1
8154437920b4,6.164081e-07,1
ecf112e69f84,5.2348497e-07,1
6cc65615eceb,2.3330826e-07,1
41865a7bf598,5.243026e-07,1
65a3101b8f55,5.532455e-07,1
941f25085cdc,6.221084e-07,1
fd77eb559fed,5.4530216e-07,1
f2fb8f76419f,4.5945123e-07,1
7dcb4fc94e4f,7.476105e-07,1
f9864f4e48f9,3.6557591e-07,1
ccc23262cc09,2.7056964e-07,1
5e22450f0123,4.675336e-07,1
df8c20f29205,6.6231473e-07,1
65e2997594a4,6.041871e-07,1
1b82eeb39b49,6.6875026e-07,1
893314b0cb21,5.464902e-07,1
67e95f43fd90,6.7888357e-07,1
30a47b00effe,6.1508973e-07,1
6a0f8225aed0,5.714746e-07,1
854f925fa516,4.7365262e-07,1
123e140a988d,7.078394e-07,1
f3af605e351d,7.061706e-07,1
58400ab4ca6c,7.8210496e-07,1
7c7f13c7408f,7.557008e-07,1
0a221a975c9c,8.785963e-07,1
73146bcda256,4.367782e-07,1
b4a05a4c1b26,4.5761217e-07,1
d6cf25776d1f,4.9402144e-07,1
6234613f12fa,3.0906685e-07,1
cf7e4ded6953,3.15919e-07,1
d03d28f6306e,2.4235354e-07,1
af7762009e28,3.3221224e-07,1
5dbbd94c9da8,2.2284196e-07,1
4738935e800e,5.73259e-07,1
43a3b02c6371,3.4821994e-07,1
9a39ce1a98b3,3.1263713e-07,1
e5bf70cd55b5,4.219122e-07,1
d7959e41e344,3.146937e-07,1
0ca7d8ced667,4.803636e-07,1
b1391741f137,5.1887474e-07,1
4660d42d5e77,5.943922e-07,1
151e2902d774,7.6515715e-07,1
8109294956fb,3.0383057e-07,1
67eb166812da,4.008076e-07,1
1e6a3455ca97,2.91665e-07,1
e29aae031351,4.1357816e-07,1
f5da4a78873d,4.4698635e-07,1
723386021120,4.020892e-07,1
e26b6d4e15ed,4.8728685e-07,1
6e876a00d946,5.76979e-07,1
3ef32a398ea4,7.631544e-07,1
2be575887bdf,6.890511e-07,1
573dbbe50174,5.5720005e-07,1
feb6eeb60410,3.9601426e-07,1
08c2f5152691,3.1859173e-07,1
f0aedb9fa49a,5.6644797e-07,1
38bb17bf6ef9,4.7127446e-07,1
af74dab9018d,5.6742033e-07,1
b8932a8a8eea,2.460494e-07,1
263e8b69b8b5,3.2895394e-07,1
3d908d1f71b9,3.0722435e-07,1
62a343842e9b,3.1594698e-07,1
e4b0ef62b74c,3.9325536e-07,1
172cb7e52a57,3.787637e-07,1
f5ebe25991f9,3.378294e-07,1
cff36940923d,4.7960407e-07,1
320543d76da5,4.916639e-07,1
93533e0d6293,5.514191e-07,1
bffe2cc1734f,6.940358e-07,1
5156588d40f9,6.7782145e-07,1
e59c6fb6378a,5.2517794e-07,1
8a858ea77272,5.6020957e-07,1
d80d62e0cb31,5.3152803e-07,1
127dbc9a7c0d,7.034035e-07,1
67fa76259433,6.097225e-07,1
ab0207ee0a50,6.1436015e-07,1
0d671d88da5a,4.768107e-07,1
092e7d020f3b,5.714081e-07,1
4e45009e822e,7.431952e-07,1
b6d44b617809,1.0187398e-06,1
5e118154a8c1,7.357032e-07,1
1e6b3b8bdf97,1.0109915e-06,1
9a2f5aadbed3,6.5476814e-07,1
f6e4fc71bc0f,0.0013513967,1
d940180002d3,0.00135224,1
8621f5623164,0.0013509104,1
e82bed611171,0.0013476202,1
0c7edfff2776,0.0013395476,1
9461928b4f17,5.1721236e-07,1
2b7efb8f05cc,7.300016e-07,1
45453f51582f,6.858618e-07,1
8601aae36b89,8.432537e-07,1
af07b34c1f58,8.229534e-07,1
46242646dc1a,3.172375e-07,1
2e1477bfabf5,1.28687e-07,1
59f80e8d1e90,2.142416e-07,1
e895aae10dd9,5.3035063e-07,1
cdc4a5a01c83,6.7710084e-07,1
ce98967f1fbc,1.4896743e-05,1
88d572d09bc0,1.6969287e-05,1
42a8510c8018,1.8213095e-05,1
a20d332d118c,1.7736465e-05,1
514988cf465b,1.1319905e-05,1
a772949f106a,1.3927586e-05,1
d65e6ea0990b,1.5711894e-05,1
49db382a7c46,1.5788404e-05,1
13b11614fa7e,1.7981549e-05,1
9d38b455c2c7,3.3520394e-06,1
d8911b0e542a,3.3154977e-06,1
56542a53a947,3.331636e-06,1
6749dc0dc279,1.0778226e-05,1
ae41be48b858,9.561128e-06,1
a0946e4da73a,7.3679053e-06,1
1f6ec37eee24,3.0029516e-06,1
a0c3d94d6b36,2.087989e-07,1
7a5d37b8f8c5,3.1959567e-07,1
379a59e302a1,5.147899e-07,1
c9826114c012,5.006336e-07,1
66997b881891,7.1045685e-07,1
b61e1c0e05a3,7.021759e-07,1
be5eb18e9db8,6.1170533e-07,1
87cd6e1bfe60,6.3132404e-07,1
08e0257b7bee,5.1191154e-07,1
fca80adcfd89,4.600559e-07,1
dd6c4f23e548,5.3249147e-07,1
925b12743087,4.911889e-07,1
c53a003f9b93,3.7549202e-07,1
7ba33d00ed51,3.9788395e-07,1
ec99018086ed,5.8840953e-07,1
69e62f9fa8ea,5.1997586e-07,1
64d222050efc,4.63089e-07,1
15548d076fb5,4.1946393e-07,1
460c8e4e569f,3.2016942e-07,1
d4aafd16a0ce,5.4972435e-07,1
e28ba339bfe5,3.7991884e-07,1
79a52ddd9ac7,2.638861e-07,1
f73adbaf067c,1.0082913e-07,1
5a2e29b9d925,1.100596e-07,1
e4b791ccfdd8,2.0713287e-07,1
bb877c69bfae,3.3172415e-07,1
93fd02d3ee6c,6.0016885e-07,1
61468df376ea,6.9430513e-07,1
22ddbe4f5f2c,7.05471e-07,1
aef1c9f8a221,7.279053e-07,1
758725c73467,6.988384e-07,1
0bd6122b29ad,6.3441524e-07,1
97d9e9dbca24,1.1132121e-06,1
735268675aa2,6.9770624e-07,1
9025837f7044,8.103312e-07,1
3f6470aed7ef,5.3538207e-07,1
6d1726305ae0,4.492551e-07,1
761f281ea182,6.10149e-07,1
d3bc9774a706,8.1671675e-07,1
c7d2ec64ee3b,5.4487674e-07,1
830cb0e17aa1,8.042225e-07,1
de43d5c2bfc7,5.6750054e-07,1
b3a833b9078b,4.7790036e-07,1
dc0bd8d2570a,3.657988e-07,1
8a85ec029217,1.2540352e-07,1
1dadc8d4794c,4.0044984e-07,1
40006e604f5f,3.998857e-07,1
8e6bd948f9ad,4.6301201e-07,1
d542cfab8beb,4.1254765e-07,1
466d193f7f19,3.5209246e-07,1
da1e5d300b80,4.0140327e-07,1
21cc4dfe13c2,8.1684215e-07,1
ba9b26d65754,8.19122e-07,1
af2fdc3bbd6b,8.6165295e-07,1
2213a4760ee4,5.9780365e-07,1
fe0374a6e246,7.2164806e-07,1
380cb50ea95a,5.143617e-07,1
bc6ed03b6b93,4.0466506e-07,1
7b3f8f15ba56,1.7867173e-07,1
f8017a66f4cd,3.8185772e-07,1
1062be4fdf11,7.977754e-07,1
47b1233ebfa5,8.283671e-07,1
9d4afa05a934,8.748612e-07,1
de72abc9d9c8,1.1045283e-06,1
a8080a41f855,5.524207e-07,1
00a82fb5a7e8,5.493709e-07,1
9c5e7b45c6db,4.8655374e-07,1
2d8630eb07f4,5.347579e-07,1
52b926d36036,6.9045257e-07,1
7e3373c936c9,5.570904e-07,1
2a801d93a531,3.9690588e-07,1
68632aa1131f,4.4930093e-07,1
49b77283f1bf,4.949043e-07,1
a97b6f7f8aaa,4.3672233e-07,1
4b63c52d6a7a,6.256944e-07,1
a3448dc84a60,7.8161844e-07,1
c61297f62e9b,6.8272766e-07,1
75dfce9d6ef7,6.355677e-07,1
980a57f7dcc8,7.685375e-07,1
2ab338347600,5.6134996e-07,1
7f3c2caf085f,3.9998295e-07,1
271d290baa25,4.734192e-07,1
c1f512d8a213,5.192097e-07,1
98324f09afa7,3.9014634e-07,1
af0db57c83ef,5.6115454e-07,1
215af5be4a5f,4.9116665e-07,1
3862663e0d77,4.8909493e-07,1
c14f847a472b,2.7085338e-07,1
4610aac83959,5.7270205e-07,1
a58dc1b5f957,6.206486e-07,1
337e965dc2ad,5.3755616e-07,1
e41eb12faa79,5.4961356e-07,1
a36700b3462e,2.5650007e-07,1
0bc002e7ac6b,2.7025962e-07,1
fc540efe8f9e,3.119688e-07,1
0da33120efd1,1.1772599e-07,1
3b73702edfd1,1.5139435e-07,1
a916692022ff,9.1687966e-08,1
351551a20a45,4.2580345e-07,1
fe88fa5f5b40,5.995569e-07,1
340579f57199,6.283964e-07,1
36df299b6103,6.018133e-07,1
7273ace9ebcd,6.5982994e-07,1
49e246485f29,4.3765556e-07,1
d1c1177a19ad,4.2498814e-07,1
00f5bea66035,1.6187664e-07,1
58017d5375af,1.6362998e-07,1
72552beb230d,1.6615843e-07,1
0c2c394669f9,2.5558035e-07,1
cff3fb5f2612,3.4801215e-07,1
b5579eae30c0,5.782217e-07,1
c7d6db9b7c78,6.309793e-07,1
b22836f871d4,4.608527e-07,1
3403751261e7,6.017986e-07,1
63db8a4e5043,3.8602283e-07,1
5bdeaab6098e,3.366708e-07,1
ff44fdb54f17,3.9916972e-07,1
9bfc021094f3,4.895589e-07,1
90f8740512ca,6.165394e-07,1
af527c74d163,5.894482e-07,1
e61476a7d2f6,6.3319e-07,1
83765279023f,4.294029e-07,1
ea7cd421a010,2.5106414e-07,1
fbba03dda47e,5.9595334e-07,1
425c696e459a,5.9108214e-07,1
f5154cf6c6ff,7.1825485e-07,1
a3f500f0eccf,7.599239e-07,1
cf869e2a9ab2,8.3132096e-07,1
0302966bf1be,6.756064e-07,1
f23a152f34bb,9.4337884e-07,1
69333ad56dfc,8.736855e-07,1
64b58fcecb33,7.150822e-07,1
2ec7c6583fa4,8.2893285e-07,1
aa7856759b4c,3.5714683e-07,1
0ee401d25a5a,4.588255e-07,1
99c951c9c1f7,7.5896855e-07,1
29ad63fa953f,8.4285e-07,1
b062dced92cf,8.248042e-07,1
f7e9375e195b,8.4916775e-07,1
42d12ea7fd12,7.0969963e-07,1
8b64fc5df365,5.152159e-07,1
b7163d68a5e1,5.338435e-07,1
ebb9a8324c98,5.8918476e-07,1
d72d178d0eef,4.950033e-07,1
92743a3d297f,5.360745e-07,1
e63259cbfb98,4.828259e-07,1
9e756c69183e,8.738786e-07,1
2aa954d7c11b,7.808738e-07,1
63a58e4f01d8,8.526937e-07,1
7aaa10927e22,5.6302645e-07,1
960fc65681a3,4.3190536e-07,1
7d4c800733fa,8.439876e-07,1
0bb52d78470f,8.970305e-07,1
101234695d88,9.944572e-07,1
6539033fd238,8.599899e-07,1
4c0e201c41af,6.179451e-07,1
14ffddcd05d3,5.327255e-07,1
27ffe968c0f9,5.634098e-07,1
68fe47814f22,4.989648e-07,1
79d1049fea59,9.1905633e-07,1
89647196364e,5.1953015e-07,1
d1425482452c,7.883376e-07,1
dc20f1b5a873,8.047985e-07,1
372b12ac7929,6.5391623e-07,1
fb7325313de2,6.767016e-07,1
6c524b2ed5ad,5.685109e-07,1
696794dc8ac0,4.3518307e-07,1
a671fe9473c5,4.129135e-07,1
4afe008ecc9f,4.3695863e-07,1
014658e2d0f4,3.3830815e-07,1
3e9edf339b62,2.3443386e-07,1
3f6f41aeefe5,5.782718e-07,1
6d27ccb89048,6.005484e-07,1
22fc1a4a98b6,4.6222786e-07,1
1522b1fe71b8,4.760442e-07,1
58f8a1898c62,5.645171e-07,1
cdecc107bf77,6.3859846e-07,1
96ca37098992,5.2338066e-07,1
c2f2c72089b3,5.6929076e-07,1
ac01ba46062a,4.4413608e-07,1
ff6294c30c5e,3.1140152e-07,1
3186f25da7d0,5.8296297e-07,1
707050f1b54a,8.111527e-07,1
ba2fd6946f2e,7.511172e-07,1
b4c5d7bb7bb3,6.714692e-07,1
742d7cc5fd18,6.8596324e-07,1
282e8e937151,4.6475506e-07,1
f3752ee45f01,5.243922e-07,1
9e676502c5e9,8.700789e-07,1
8d2e5ccca9dc,7.9521715e-07,1
805f91b1d718,8.279885e-07,1
82ac2850074b,5.875634e-07,1
37d439d6c180,5.8902555e-07,1
f58c85a96dbf,6.895674e-07,1
bbe8b0e85ebb,6.199918e-07,1
de15dc5b28e4,2.3097033e-07,1
507006ca3932,5.764006e-07,1
ed8142d5e3cd,6.6267233e-07,1
7f46e13a8c11,6.160728e-07,1
42a2c45095bf,6.614387e-07,1
ab11fb3632c5,2.2857665e-07,1
06fc09b0b8c9,7.6941126e-07,1
e6f495eaf0e5,8.431696e-07,1
e5dd9e511bd8,8.3116265e-07,1
5a8207d56baf,6.184529e-07,1
99bdb3fdd525,6.4022794e-07,1
20edd6d8abe7,5.337105e-07,1
dbaa5544d70d,5.2002343e-07,1
5f653390f8d4,4.907875e-07,1
a9b95286ff84,3.392451e-07,1
954ce657c4b3,3.7037108e-07,1
70437e7423b8,6.954321e-07,1
7a75b96f1211,1.0144603e-06,1
f26d798f8c74,1.0684765e-06,1
21fa3faebd88,1.0479225e-06,1
8617d6e30b40,1.0061901e-06,1
4a526d6f7efd,6.709797e-07,1
b7a6987780c5,5.8242887e-07,1
fc26b635c246,5.640731e-07,1
656faf55d51c,5.7413877e-07,1
6181de099657,3.8017993e-07,1
1467d2c03640,2.975728e-07,1
f7996a57fc96,4.5640058e-07,1
9271cddfdea5,2.4808259e-07,1
03320974e00c,2.9198085e-07,1
9aa93733869f,3.9972994e-07,1
d0c29a768413,2.8464626e-07,1
86ab92515e60,4.4073937e-07,1
78b22f5424dc,3.6201584e-07,1
8add7d85f10a,5.02351e-07,1
6d244537493e,5.4865757e-07,1
dc648fdc5863,4.1010077e-07,1
57b20f6157d8,7.382043e-07,1
39f8ec873a7d,4.4328652e-07,1
5a411365a379,6.033733e-07,1
6becdd60f92c,4.443884e-07,1
a54503483e9e,5.1221446e-07,1
ceff3932fb2b,6.025687e-07,1
a3d9e0eaef95,8.41249e-07,1
c22d807d5dda,8.295017e-07,1
cd0b9e20ab23,6.3117517e-07,1
b5c297e5a5aa,8.4030205e-07,1
95aa23948328,8.696241e-07,1
2fe0f1b42cdb,8.8206036e-07,1
3718ad02fdf4,9.327151e-07,1
bcd4adce4f50,1.0651675e-06,1
edfce24c248d,9.774186e-07,1
aa7d614cad57,8.0393556e-07,1
7dacbf46136b,7.54578e-07,1
05eec3ce673f,6.719423e-07,1
a6864181557f,6.267698e-07,1
60f11fddb6a5,5.732076e-07,1
39a6ee98550e,4.2608707e-07,1
ea68d352e3c0,4.0494282e-07,1
245a193becf9,4.1121712e-07,1
615e44cbefe0,5.031462e-07,1
8a5e2de2223b,7.156106e-07,1
e9a632c0ba17,8.7076415e-07,1
5b3090ea0afb,5.330691e-06,1
ab9d176039ab,4.9250007e-06,1
05faff40550b,3.7411364e-06,1
0b4a28787abf,4.5260135e-06,1
75819a9a1e59,4.0641808e-06,1
07731f865881,6.58022e-07,1
a4ef1e9d11cf,5.0757893e-07,1
d92a3ed1dbe6,4.5406182e-07,1
7070aa3c4360,4.2055123e-07,1
b15a99f30196,2.8665855e-07,1
88a7877a1f23,4.48426e-07,1
96b8c5589276,5.9763283e-07,1
b4dcb6af9cd1,4.12903e-07,1
31fcf7ea95fe,5.1329584e-07,1
2dbc47321012,3.703131e-07,1
8c5d00409b97,2.970923e-07,1
2285ecb2b485,3.4676862e-07,1
bf4a4aff6060,3.0848076e-07,1
6ace916e843b,3.6599957e-07,1
4db232d07e69,2.609509e-07,1
7828b2835a6e,4.3305545e-07,1
93750d1d54e7,3.6531867e-07,1
13d3bb9737a1,5.4841485e-07,1
ff6f90d5505a,5.1782496e-07,1
53e5784416b2,7.670999e-07,1
3b748dbf0089,6.176841e-07,1
7790c719463d,5.864761e-07,1
6a757e392d86,7.274118e-07,1
4a8be350cf86,6.156618e-07,1
5e02b10c086c,5.676272e-07,1
723e7a71b482,5.866101e-07,1
3254f7830e46,3.5281127e-07,1
e33cb0bb0c20,3.902149e-07,1
1d387d26f62e,5.1241983e-07,1
0a5803b5c8c2,3.4219752e-07,1
115c4e288944,3.4375515e-07,1
95bc2af8f133,7.921958e-07,1
9904c60cf586,7.65759e-07,1
b63c7a24829e,7.9781057e-07,1
32a8f7cab860,7.8234956e-07,1
8cbe0081b4d1,6.694059e-07,1
47afad91d2a4,5.703901e-07,1
1fc7d3ce38a4,5.002577e-07,1
1f42e2c7d6e7,6.2412175e-07,1
c3a1cdf7a576,3.5905148e-07,1
2a0e02b24697,2.752505e-07,1
3265349796d3,5.005194e-07,1
100f420df105,4.8669267e-07,1
620c301c5d96,2.5046344e-07,1
2dcd5c58ff41,6.713061e-07,1
12d8ee79c378,3.4728077e-07,1
d9a7471a8894,8.4869833e-07,1
4184d288c17d,7.3113495e-07,1
806529048be1,5.619399e-07,1
7c4b72c58d91,4.838562e-07,1
98907eed1c18,5.921717e-07,1
790bf9d5b8f9,5.3811516e-07,1
8b70dee5b3c0,5.578188e-07,1
09f77b9fc769,8.9025815e-07,1
e65a34bdb2eb,9.4945e-07,1
c4ede058162f,5.082944e-07,1
97276940b950,7.025095e-07,1
e874d86f9047,5.04041e-07,1
7234c5b7097d,7.141185e-07,1
b4b3f042d34a,7.5810823e-07,1
bf8cd190d252,6.0132476e-07,1
fad1ed338222,7.60069e-07,1
7ae4e434937a,8.3436123e-07,1
1c104299c9bb,8.936961e-07,1
82e2f20678de,6.4080075e-07,1
2c6e18436921,7.392615e-07,1
7458a8730d10,7.0313314e-07,1
1e8f000105d7,7.2030593e-07,1
5a32cfe66617,7.740081e-07,1
81995b30a3aa,9.220339e-07,1
781b9c027752,8.417869e-07,1
f266d57c6e48,1.1485591e-06,1
10e305095cda,9.625917e-07,1
b815009c04ae,8.9490896e-07,1
b700dd77b7fb,8.5222564e-07,1
e7f5a95bbfc8,5.764003e-07,1
ebde3ffbf3ca,6.2563356e-07,1
4965635d971d,6.9158705e-07,1
cbab9baf4ab2,7.0700105e-07,1
0a1fdc00b152,5.910554e-07,1
ca735306b03d,7.2325565e-07,1
ab7e11c2d0e4,5.642611e-07,1
7d9e16aaddd4,4.7235372e-07,1
e414ee3eb360,5.5572195e-07,1
0b88baeaf994,5.0462455e-07,1
cd837b0a66f6,4.4046408e-07,1
daa7180b4fa2,6.708786e-07,1
8b64e777e8d1,7.8623896e-07,1
b299dd1f6eeb,6.1193856e-07,1
22cfc7e6991d,6.8390017e-07,1
63e74ab283e0,7.1664476e-07,1
43f9984fc692,5.9276755e-07,1
a4a0c556d687,6.4622617e-07,1
ed4515b45887,3.1184018e-06,1
012cbfcf8ac1,1.2836618e-06,1
9e2bf2cdb67c,1.2526554e-06,1
0aa4dfffdb5e,4.78635e-07,1
f30eb3186388,4.232301e-07,1
a52b028f4d0a,4.987727e-07,1
828b3ce58ec7,3.5504263e-07,1
05d166e676b2,2.670677e-07,1
e75d5985a5c7,2.0993315e-07,1
5651874a569e,3.6398876e-07,1
2af0d5b268fd,2.2935407e-07,1
1639cc5ad0b1,1.2010454e-07,1
388fcbc40386,1.4413816e-07,1
95922e4b53e8,1.7251482e-07,1
6cede4f452b5,3.3798534e-07,1
6cbf7b8214c9,6.286257e-07,1
2248564c299b,6.056466e-07,1
a051d6781a32,3.9258924e-07,1
39a5c4549171,4.6205363e-07,1
43b8d4fb06c9,4.5904787e-07,1
bf94c07a6a70,4.1991228e-07,1
4bb8318c57b1,6.1904905e-07,1
e373c434cbb2,5.224514e-07,1
4345a97da470,7.654709e-07,1
b7e308296358,6.617663e-07,1
ff00b7226e75,6.0219753e-07,1
2f9db983b02e,3.8951993e-07,1
14d165ab6242,1.5962834e-07,1
7c626833015f,2.0071299e-07,1
3e5665b9bc1e,1.7467569e-07,1
ff3093fe5cb9,3.5036226e-07,1
b40b3eff137b,1.787944e-07,1
e2357b1caaa1,8.294503e-07,1
11def9016064,6.138534e-07,1
38cd8e53b1da,5.307308e-07,1
fc0d7097e66b,3.9202868e-07,1
7cf8c7cf27c8,1.9057791e-07,1
8435c171a0c2,5.625827e-08,1
a0ce1574e1b3,4.0492427e-08,1
103a0a487d36,9.912467e-08,1
ee7fd3c846f7,2.2690563e-07,1
04e4b38919fe,3.608926e-07,1
53ea39f749da,4.468452e-07,1
cf31a28a30a7,5.3161904e-07,1
671451e6714d,6.7294786e-07,1
859d79a5e5cb,6.4948796e-07,1
6882d76c586e,3.4922445e-07,1
b9b8f0d25edc,4.4657818e-07,1
aa75781ed918,6.087782e-07,1
6df9ee0ad75f,7.057084e-07,1
6b79eb5e184d,2.8131322e-07,1
7652b21b5bd7,2.1748161e-07,1
5cae99508c49,2.628912e-07,1
28d85b282184,1.9626349e-07,1
22ae94e72a4c,4.9180977e-07,1
99f473d226cb,4.952544e-07,1
3aa55990552b,2.5227544e-07,1
f42e0462e96e,5.4025384e-07,1
67cec4d1d3be,1.6759103e-07,1
b04ccf634374,4.791198e-07,1
3ef91a2f1a14,5.188855e-07,1
35ccc6dfb9b3,5.1086727e-07,1
9afc49b36aac,8.453547e-07,1
8ad6d29b6fc0,1.2360463e-06,1
8535283982ef,8.110117e-07,1
11972ad75140,6.808806e-07,1
b31b56ea01b8,9.0616027e-07,1
b6b4ef9e8c2c,9.838741e-07,1
3d6ee47d1c26,7.774172e-07,1
9fd09238e076,1.3175902e-06,1
7c7a7d46b981,1.3888667e-06,1
51a728770aad,1.3534202e-06,1
660e67a5f748,8.1624523e-07,1
2173d27bbab6,3.849791e-07,1
6ab138227eb8,2.9442023e-07,1
47ed0b4f86c4,1.6331886e-07,1
3a1b320928c8,2.1679108e-07,1
97415cab7d9b,1.78651e-07,1
f675e61424f9,2.1204936e-07,1
32305ff96697,2.7682805e-07,1
f5c5d4a8d3eb,3.1642494e-07,1
be2721a48739,3.0629198e-07,1
c1dd662c6164,1.2534981e-07,1
56bab9fdca65,2.0642392e-07,1
d409dd25c6ff,2.1703963e-07,1
f74087097fed,4.6793917e-07,1
0d37371d4eb3,4.8521684e-07,1
ed9dcc9f43c7,1.3635575e-07,1
e2b64ab83d7b,3.2665258e-07,1
397bf30dd9f9,2.852478e-07,1
426ba057f069,2.2313439e-07,1
797c1b2a5286,5.389986e-07,1
37629257e810,3.0883484e-07,1
45f4ac4db2fa,3.1983072e-07,1
65ada9af42ab,2.8568925e-07,1
991ce2d4dca3,3.357979e-07,1
08483d7f0caa,1.5191779e-07,1
9b94f7c805a5,2.0218647e-07,1
8b4e5b74724b,2.4367134e-07,1
4bf17b27232a,4.3181578e-07,1
1f74d996f6a4,1.1842417e-06,1
fa2b0a9e2d4d,1.3119553e-06,1
a5346fb82856,1.1058945e-06,1
695710ac65f3,1.0400773e-06,1
d67eb3f39916,8.2726876e-07,1
674ad2fd368c,6.550473e-07,1
9fc82f85ac18,9.0970786e-07,1
426b041f9bbd,7.409439e-07,1
bbec5a244a75,5.3365994e-07,1
4202f1b03195,6.3199974e-07,1
44b4b0d1ad50,2.2969648e-07,1
96fe212bbb14,2.75966e-07,1
da8677e6a451,2.819438e-07,1
edf0671a8510,7.796678e-08,1
5a618ce62c64,2.1417127e-07,1
a8e0de1937ed,2.0283883e-07,1
6e10dd7fbd67,2.4770287e-07,1
6f2895815d8e,5.3315495e-07,1
13266f6cf7fc,3.3584686e-07,1
f36446649c4b,2.4510075e-07,1
5459c053ecd9,2.386326e-07,1
196ccbdca7b6,1.8654679e-07,1
2cdbe5aa170d,2.0455083e-07,1
74d5d0715a9a,4.307292e-07,1
988b42adfaa7,3.286631e-07,1
b4e726a3fcec,3.7802477e-07,1
a49bb8df2aed,3.1026806e-07,1
08b4de7e8dee,2.9440253e-07,1
fdbe2cfe2157,2.4130227e-07,1
ae30cb3b937e,4.232132e-07,1
2b14c0ed2ae3,1.3847384e-07,1
c2d0a983dc00,5.7851577e-07,1
7b1d71a0b9c1,5.9425537e-07,1
e24b3beb1ea3,5.4331065e-07,1
8eaabbf9b457,4.7457996e-07,1
e3adbb8cb7a8,4.6664616e-07,1
0227d00ed799,4.7292517e-07,1
435e94fa90fc,2.8249664e-07,1
7200cc103943,3.305083e-07,1
e5bcf03272eb,3.898637e-07,1
27a6ced73ce2,2.8545395e-07,1
83edf9047e8b,3.0587165e-07,1
113a64d792f5,5.8859985e-07,1
54eb609eac5e,7.932064e-07,1
fc4ae13a551e,1.7041133e-06,1
aa59137c9e3f,1.391005e-06,1
3b429f5dca31,1.0628515e-06,1
7e562b03dd19,7.063928e-07,1
660504d2f1a4,3.525729e-07,1
e8a8c2bde066,3.233758e-07,1
5e67d3c36e3c,4.5651473e-07,1
8c1b378fa5ff,5.0426223e-07,1
f9fb2b04ba42,3.6901523e-07,1
80b1f7077e68,3.9217016e-07,1
96649686ee90,2.5917277e-07,1
8b9c7e3759a8,1.3668816e-07,1
babf87b21acb,1.8362789e-08,1
8510d076fb68,8.222146e-08,1
b0f050a2836b,1.5118793e-07,1
45b9b53b8827,1.5978502e-07,1
0e0b5cf65ce0,1.6313179e-07,1
7b9f9996ec3e,3.2735068e-07,1
f34e1606408e,2.4581624e-07,1
dd5f7f16bdd5,2.1988848e-07,1
5ccb2ec2e229,1.6428879e-07,1
d89f2f1cd04e,4.8586935e-07,1
6b59c4fe4d58,3.7555643e-07,1
db97470a23e4,2.8810553e-07,1
4ad3f9a9dbfe,3.3927344e-07,1
05d3ae24e3eb,1.6543366e-07,1
d9e24928baa1,2.3660294e-07,1
d1a889169deb,3.5552964e-07,1
04f210db95d6,4.57326e-07,1
40b74206c2c8,3.9941824e-07,1
064977a00a7c,4.315308e-07,1
41fa40cdbd1f,5.6935517e-07,1
f38650a70c3f,3.0929016e-07,1
5b3a244e4ff9,1.8905814e-07,1
2e955a77145c,1.4989146e-07,1
a168e7fa8117,3.834795e-07,1
720e025fa769,1.4763602e-07,1
eaec6d3a5846,1.285931e-07,1
9d3451b14080,2.9470073e-07,1
c2a234f66217,3.171102e-07,1
e5c71dd1c91d,3.5995623e-07,1
7fd8435e09e1,2.9494532e-07,1
1d4a19b4614c,1.6815234e-07,1
9559eda864b1,3.7510276e-07,1
ea8bdd7d0f82,2.1998916e-07,1
d086c56cef6d,2.0207624e-07,1
3c38c519822c,4.538676e-07,1
8d749ba32d60,3.7678979e-07,1
48c80b842908,4.013586e-07,1
146d514716b1,4.6343584e-07,1
9c98c7e75234,4.6988237e-07,1
d76b277be771,4.6747047e-07,1
a6d6ac066fd5,4.08143e-07,1
77a99bf0ea50,3.2167122e-07,1
21ba2f01336c,3.1557764e-07,1
a7f9a408d8cc,1.0802884e-07,1
8f452250e186,7.9701785e-08,1
2b28225435d0,2.0203558e-07,1
da50cc0ef876,2.4859597e-07,1
745b6c5e194a,1.633339e-07,1
f81e9be02dc3,2.7325e-07,1
4c2afb47ae66,3.8101047e-07,1
2f741150975a,4.249505e-07,1
148219f49a7c,3.7077402e-07,1
63f22403ca85,4.0089103e-07,1
d9bd71d1f282,3.2997934e-07,1
a9d60c10b240,5.3284856e-07,1
f3ddcb141186,4.7675397e-07,1
48834845613d,3.7594495e-07,1
693b40f8f5a9,4.1296036e-07,1
9ec65b8333fa,2.8439905e-07,1
21409295c41a,4.937945e-07,1
fbf662e3f3e1,2.4757713e-07,1
2f9cf6503cff,1.3402264e-07,1
27a87f0ff449,3.763018e-07,1
3d56b4e03dd6,2.9696804e-07,1
4c2811b67c1a,2.8346392e-07,1
2ad08bf03210,4.5038402e-07,1
ee7fe1ecee97,1.509913e-07,1
4abfa1ba686d,2.8654753e-07,1
7462dfcde395,9.708544e-08,1
4448e67ad24b,8.8449866e-08,1
71efd9b956ad,9.359596e-08,1
0964690d9380,1.6971433e-07,1
6cc4a977c88d,1.8778825e-07,1
2178a5b23605,9.95418e-08,1
f135f019b024,1.4200003e-07,1
402466f6ec0d,1.0815923e-07,1
1c9d8cc74202,1.3528619e-07,1
de4097c2ed7a,1.9041644e-07,1
7c2c8f26a32a,8.0078024e-07,1
d311961e404a,7.681897e-07,1
b30db469bb79,7.011862e-07,1
aea5b0fb7792,6.5421597e-07,1
6b6cbec84b05,5.3782446e-07,1
659608f8aeb8,4.1038095e-07,1
1f16abf6052f,1.926178e-07,1
1c0427f8cd79,1.7455656e-07,1
0bb9044925a8,2.9888082e-07,1
e0a3e0c3ae20,5.688575e-07,1
2f52b1500719,4.5318095e-07,1
18e323f1534e,3.6121028e-07,1
da2d0956a0c6,6.458023e-07,1
419a7ff9957f,2.8060998e-07,1
f091272f4aa8,4.3720001e-07,1
6792b35b6559,2.3549904e-07,1
0610220b2578,3.392666e-07,1
06821439caaa,4.4818856e-07,1
6146f6fe64fb,4.3651184e-07,1
6999fe9f4f59,4.1616835e-07,1
f3bdce7597e6,3.2495024e-07,1
0e82547cc111,5.2628883e-07,1
c32b80e06303,5.4148035e-07,1
f7b666f64995,6.3792976e-07,1
f3fb9229c7f5,8.256144e-07,1
65beaa680da3,5.7687754e-07,1
9388874eb208,6.485874e-07,1
8bcb47fd5334,4.9077335e-07,1
dac8f4627536,3.5372926e-07,1
c609434a678f,2.3613542e-07,1
c8e293683e54,2.1064865e-07,1
b1eb18cd225c,1.4157405e-06,1
a117fcfe6bf5,1.5375095e-06,1
57d5c76eaf3b,1.3050914e-06,1
f7a47c0f9929,1.5833205e-06,1
d6cb277d9f01,1.5748947e-06,1
2ba6bd694fd9,8.554727e-07,1
35950b154b74,8.8775164e-07,1
b56cb37558fd,2.402128e-07,1
2ff56308fe04,2.1463265e-07,1
26b96dbcb569,5.3111523e-07,1
427a69c96d41,2.0901162e-07,1
6129a0d57f14,4.026889e-07,1
b1329ad2d719,4.0195044e-07,1
5eaff16710b0,3.869999e-07,1
a494a0ea62bc,4.503758e-07,1
ad39d834d1ed,4.826322e-07,1
b61b21722ee0,2.5936333e-07,1
e4748f7323ce,6.1843696e-07,1
01fdf196b391,2.1733374e-07,1
226226d2ad6d,3.4148096e-07,1
945142b12472,3.8299763e-07,1
ed67b21fff76,2.2620635e-07,1
88ee3c72c70d,3.759884e-07,1
5bc4a6ee697c,5.1972705e-07,1
e7f3579a635d,1.9259338e-07,1
8f8e5afa2946,1.911826e-07,1
ea3646ec47d7,3.9813773e-07,1
4c0903878183,2.6853112e-07,1
e4ec79ec5ca1,4.2330726e-07,1
84a329b43b5e,3.1464424e-07,1
71c52b637d9a,6.599732e-08,1
8d144d409821,1.3796846e-07,1
7e8c35557872,1.3644468e-07,1
dde0aee8c22a,1.6665774e-07,1
6c11651d27c3,3.760476e-07,1
ad613924795e,4.0645511e-07,1
617ed11ff991,4.9518803e-07,1
6acecfe090f3,5.1457835e-07,1
3948ab8d631b,5.3865875e-07,1
268461f0026b,6.0611706e-07,1
f4a29a3eb1b1,4.2927263e-07,1
611834377949,4.1590124e-07,1
d5c2119e8497,4.048782e-07,1
b39da8df6f7b,3.2032875e-07,1
669075e64df6,4.2160224e-07,1
770e8a289c25,4.8568234e-07,1
eac921bf31a2,3.3024205e-07,1
f8770dac503f,9.422183e-07,1
51f74c741bc0,1.1459991e-06,1
39f72b13f8dc,9.689179e-07,1
ff4d5971ea68,9.425696e-07,1
1999250f1cb3,6.7671135e-07,1
60c8683520d9,5.2207326e-07,1
2d4ad5ced2ad,2.7910448e-07,1
be6e2e66da27,2.4854896e-07,1
6e0d4da16dc1,8.911249e-08,1
c1064d9a2760,1.6437747e-07,1
4ed2b0f62411,3.9466377e-07,1
3099c2db80ef,4.1617915e-07,1
f03750a15630,2.469191e-07,1
fec2f334ce32,2.675359e-07,1
2e65241e784e,1.5555922e-07,1
b7473efaec9b,8.136129e-08,1
0dde32cbb648,7.0344775e-08,1
e3f8ce9671dc,1.3676538e-07,1
4717809fd4c7,2.2959e-07,1
b1d88270b6d3,2.2390834e-07,1
a2ca4e0b9034,4.2760138e-07,1
bc0a2a1f5d35,3.4581214e-07,1
c94feac2ce1f,3.846207e-07,1
c56a28e43324,3.9148307e-07,1
87e58ab2dec1,2.0843393e-07,1
47f6c4110868,5.219677e-07,1
de1f0c09c14f,4.9792493e-07,1
5a71797f50d9,5.8698095e-07,1
77b7fd5e44f3,5.0421045e-07,1
bc2b056c113f,2.849842e-07,1
953f7436a6c5,1.1910238e-07,1
4374bd13ccc1,1.8353113e-07,1
cd2151b2030f,2.9946267e-07,1
cde1946f6cba,1.7021536e-07,1
1d6497af93fe,1.9925149e-07,1
042305a0b196,3.7510696e-07,1
5d31c2433503,2.3241229e-07,1
799826a1a197,5.0772866e-07,1
9c8e506cbb3a,2.676427e-07,1
adc65f9b6b5a,5.0970164e-07,1
e124c2fd424a,2.1892065e-07,1
73415c4e81e6,2.3922973e-07,1
de20416acb80,2.7896215e-07,1
99c92181fe82,2.514383e-07,1
a54d215a0117,5.8001655e-07,1
2cded6952f7a,4.9166255e-07,1
4d2df2e8c64f,1.3154229e-06,1
215608915429,1.4034272e-06,1
6f0f7c4bb028,1.3652865e-06,1
e9214779ff60,1.1564416e-06,1
5e0006944b06,9.61528e-07,1
08e8c729c03f,9.157823e-07,1
a28f9cee7588,7.899592e-07,1
dfbff8b6001d,1.236066e-07,1
6e0d6f5c97f4,1.5830382e-07,1
4db9b71df798,9.8685916e-08,1
0f650e36a3e6,4.53186e-08,1
cb901d5a5dbf,7.046715e-08,1
2fe6b0553f96,2.8192179e-07,1
ddd19003d2f9,1.4623352e-07,1
ad8f3b45ae47,2.250967e-07,1
d294bc00ed45,2.1457487e-07,1
864628bc31f1,3.5374353e-07,1
df34b9b42f78,1.5820342e-07,1
ca9eff78b88b,4.3668223e-07,1
51ecf5a4799d,2.0121514e-07,1
e66d96d124dc,4.0646768e-07,1
2cd5603f4d29,4.6844735e-07,1
af1aa0fdbe4d,3.6773451e-07,1
259029ff5aea,3.7556322e-07,1
77f347739594,4.2969424e-07,1
ba513acd453a,3.7267313e-07,1
2abacec246c2,2.3214334e-07,1
0257f2474e27,1.7205748e-07,1
8d47143bd513,1.1460971e-07,1
9a1a2863fa1e,4.3569523e-07,1
e6623e132023,1.7697326e-07,1
ab486f7eb16d,1.7279956e-07,1
d3474f2156a9,2.7432955e-07,1
1f87c759d764,9.8665346e-08,1
6cd6648a5ea6,1.7700535e-07,1
2def62f9d59d,3.1674475e-07,1
352f82bb359e,2.415744e-07,1
1419f4fa27b2,3.2802367e-07,1
4257bcf14b98,3.9959986e-07,1
21d76a658911,3.5987367e-07,1
6e4456b416eb,5.38564e-07,1
6f5ca7f0ada0,5.4963823e-07,1
fbc9f28189ea,3.2904677e-07,1
43847b207a51,4.2456963e-07,1
108c37326562,3.800471e-07,1
e720fe94de86,3.9921716e-07,1
221b63a9288a,3.438312e-07,1
9819184880ea,3.147029e-07,1
a6613d0aeb69,3.097678e-07,1
bc8469fc3a16,1.8637122e-07,1
72f47a76c5b5,2.1787679e-07,1
66620feb9ede,1.3745931e-07,1
849b3c34a90b,1.554258e-07,1
53c3d2b0c751,1.3215043e-07,1
23187ecb15fc,8.89221e-08,1
f0cdc4ce11d7,8.7271286e-07,1
9ea31c2d4b02,1.3044454e-06,1
37519d6a55f5,1.2424723e-06,1
cb7c1054a320,1.0815942e-06,1
3a2fb0753e80,8.8196725e-07,1
dbd421eebee1,6.115278e-07,1
33362fb1a543,5.0178005e-07,1
305d25ecd6eb,1.8608198e-07,1
c041a0976090,1.02694514e-07,1
28acd2ca5e4c,1.3008231e-07,1
1b05504b9c3f,2.877084e-07,1
42c4d9e789c1,3.064806e-07,1
356913cb4c84,2.2627617e-07,1
26edb2d41104,3.746485e-07,1
875860088685,3.6496846e-07,1
80d4117066af,1.6020492e-07,1
f8d99e368de1,2.4639658e-07,1
8e0eda828c01,7.7204726e-07,1
846396df7c81,6.274194e-07,1
21552cb3a5cb,7.41287e-07,1
51de473216bf,6.115532e-07,1
60af98ed6ef4,5.8371467e-07,1
3b60319791d3,4.50868e-07,1
8b56b32d3fe6,2.1100705e-07,1
afc740d500a4,3.053279e-07,1
9e52a9b23d13,2.0138765e-07,1
28cd730ac08f,7.717801e-07,1
61e767dfa386,5.753081e-07,1
713b36636d95,6.0036155e-07,1
a0f0d1c48c4b,7.9622833e-07,1
2f1e689a50d0,4.2373276e-07,1
4bf2b88f481e,5.3846094e-07,1
315e1e95d287,6.11158e-07,1
f9fe0a0b6757,2.0029177e-07,1
a23f4704d133,2.416062e-07,1
9da115b5c397,2.0067588e-07,1
ddd686c16b6c,3.3228926e-07,1
8df7a9fba129,6.188225e-07,1
fda922e4483b,8.02379e-07,1
96d211a8e153,9.550953e-07,1
f8b3c2fc1db1,8.306718e-07,1
ad51e0b8fd0a,9.1673996e-07,1
76d191231bc5,7.8385193e-07,1
35f9eb244249,4.4856287e-07,1
d2e1e47a3730,1.2463286e-06,1
8a6b0f7ba396,1.1559227e-06,1
763020b6bb0a,8.6762697e-07,1
15f0773cb3d6,9.465046e-07,1
507f83f94abd,8.5325325e-07,1
ab286acf2576,4.545243e-07,1
d51246ab54d8,4.343722e-07,1
604931a95120,3.0214954e-07,1
1dcd4817ec53,2.5017835e-07,1
315f8946218c,2.9420806e-07,1
da3f6fc1036e,1.16830584e-07,1
bc6d663da927,1.224357e-07,1
4e4f94c26707,3.3661036e-07,1
4228f27b74be,2.6578226e-07,1
530360de11e3,4.1929573e-07,1
aa3c3fb9ef16,3.2537162e-07,1
639a7f6dad0f,5.8941517e-08,1
c6079c1f82ef,1.6992105e-07,1
ada30b5cf719,1.965847e-07,1
dba258b2377d,2.1412974e-07,1
5603ad34815a,2.1245958e-07,1
2b2cbefd97a1,2.4399694e-07,1
eff279b23445,2.0396976e-07,1
242ce3194f5d,1.2764049e-07,1
e2c825676c86,1.1791294e-07,1
8e084f48e198,2.0061377e-07,1
e6f6d2efd60d,1.3424224e-07,1
054e299f9311,2.4075206e-07,1
249b5c15f956,2.822292e-07,1
5c32d796ce4e,2.48604e-07,1
5534981bf4c5,6.2758846e-07,1
a46245d2c8ab,7.003911e-07,1
a89cdadcaeac,6.5044026e-07,1
065cfbd2e53c,6.805293e-07,1
b491354db2a9,4.0368863e-07,1
2892d0437a31,3.5919575e-07,1
2ccf0903c02e,3.35437e-07,1
08dfbc8db342,1.876071e-07,1
55cdcf01de48,1.875185e-07,1
205b21f925f0,1.5708271e-07,1
f5e544fb6af6,5.2774635e-07,1
fa04734071b6,4.3314398e-07,1
8b7b1f35068a,4.672803e-07,1
191a823aee38,4.966278e-07,1
06ca45cf1a13,2.2967319e-07,1
99578fa5a5c7,2.325022e-07,1
63c84c4ee458,3.6629268e-07,1
43825d2ed5e1,3.2720567e-07,1
3fe49974c420,3.0343494e-07,1
2c675ae03fab,7.1845375e-07,1
b06b9ff46e40,8.0557345e-07,1
715742c11214,7.5739797e-07,1
b43a5738db22,7.514071e-07,1
b36b54df57d4,4.990871e-07,1
b2788884c660,1.975346e-06,1
257696b618f6,1.8368388e-06,1
3435f557a283,1.5675527e-06,1
4a5b59f6b4bd,1.2687202e-06,1
81929a2d0c4a,1.0409882e-06,1
5b822535c8ea,4.7440864e-07,1
6f5c0a07b18a,4.4502713e-07,1
356747dbc879,6.422991e-07,1
1951bc7502df,6.92045e-07,1
8788154c7689,6.8152707e-07,1
5be75d3e522f,5.822969e-07,1
6b21209cbe5f,5.1418533e-07,1
c9c58906dbc6,7.526252e-07,1
ad3d420d7bff,7.2300065e-07,1
21d319c1c621,6.933701e-07,1
e1c6b1e9406b,7.194655e-07,1
bf026d4b59e8,5.207373e-07,1
1d20914e6dbd,5.240344e-07,1
8e7de06a9ad2,3.1917716e-07,1
bd3274119ea6,4.027709e-07,1
d70b70030b46,4.6626613e-07,1
06c42b50cfdd,4.2821762e-07,1
b61fc45d4ccc,6.3316605e-07,1
8132415faa7f,3.539311e-07,1
980cc5c9f0b9,2.7847727e-07,1
998cc2342931,2.9739795e-07,1
0a38c0ab6e07,2.9353117e-07,1
eb8ab4c74ab6,3.0060764e-07,1
bad89546c67a,8.414499e-07,1
e0d891fbd50d,8.056323e-07,1
33bd2a112076,7.3422086e-07,1
29d91766d35a,7.1931953e-07,1
e28d5d5907da,5.754627e-07,1
663b631651f7,3.5659124e-07,1
f1ddc1510d1f,4.1826402e-07,1
2852bc47d7ec,1.1547251e-07,1
f65ac7c5b31f,5.2054943e-08,1
8d2741b9689a,2.296333e-08,1
f089db12b02c,1.658065e-07,1
ab299cc7814c,3.492542e-07,1
9b58beac8f22,4.103806e-07,1
ab295999145f,5.552247e-07,1
e6f36eacc523,3.6949623e-07,1
5682e00feea6,6.0120647e-07,1
849c4788d206,2.1917467e-07,1
ada78e13b32b,3.0247728e-07,1
44110482593d,1.5708838e-07,1
f7c4a6e202bb,1.2082184e-07,1
30a3a9996291,9.829848e-08,1
71e7414d3e8b,1.6859552e-07,1
a2074b903a84,1.5792652e-07,1
7dc70caadb26,1.9549385e-07,1
21c7f9561d02,2.5482956e-07,1
375acbac6708,1.0232085e-06,1
17fc44edf799,1.265408e-06,1
ee31fa9bea55,1.0238256e-06,1
44a07b129ef8,7.1682564e-07,1
79ccfe81ec5d,6.3128965e-07,1
f765bc0992d9,3.513033e-07,1
2323d13f93d1,5.2693224e-07,1
1f60b2e6b18d,4.0306236e-07,1
00a080d5fc7f,2.2231829e-07,1
fd43f822ced6,1.489851e-07,1
93287380f130,3.2721067e-07,1
36f02803b1a4,5.272736e-07,1
07ab2ed892a7,4.7744925e-07,1
f03af68c5c82,5.049061e-07,1
8506b1c47d6b,3.7792145e-07,1
829992b2ba31,3.8679786e-07,1
fac564c89b9b,2.9617055e-07,1
51deafcbcd80,2.758529e-07,1
cfd3a48def60,2.8218867e-07,1
44062ea82817,2.8811942e-07,1
6d84a70560bd,2.6775595e-07,1
9ed6d82ad12f,2.903945e-07,1
b3d70b518717,2.3873326e-07,1
dda5f2831255,1.4524437e-07,1
4eb6cce9c870,1.2864699e-07,1
4de1875f5209,3.1234265e-07,1
9675c4d54c1c,3.7929888e-07,1
843328882922,2.823534e-07,1
9ae0f8582a85,3.5094783e-07,1
ab86807cd809,1.4709052e-07,1
5f759f312712,1.9833703e-07,1
604aa9524232,1.4495734e-07,1
5cb370534d27,3.0341744e-07,1
89439bd6ee79,2.7444588e-07,1
5301bf0e4e60,2.7558312e-07,1
ac6f862a046c,1.8650714e-07,1
e12e44b61c9e,1.5746409e-07,1
03057fe7d953,9.9725355e-08,1
7bc53d66cb17,3.4627095e-07,1
bb2a48a49415,2.3666686e-07,1
63fad34739f0,3.408964e-07,1
99f24b03a1fb,5.6465626e-07,1
ac58e9fd26e3,4.6339494e-07,1
c7b9098446e5,5.8704217e-07,1
a6b52ecc98c8,6.105218e-07,1
cdec057aa170,1.3882899e-06,1
b9a4d56e127e,1.4526834e-06,1
2a46238a63ac,1.1918194e-06,1
5a9ead845db2,9.843284e-07,1
96596bef971c,8.0713437e-07,1
fb312b8d4155,7.8321506e-07,1
bbc9b6492f46,4.5804404e-07,1
67479e6462cc,1.6798836e-07,1
613836c6bacb,1.3498301e-07,1
3074a5728a5f,1.7863061e-07,1
0ded42d2a8b8,2.7054773e-07,1
8fde5f0e26a0,2.732229e-07,1
457e697e5fbe,2.8194668e-07,1
fdd64f878cce,4.6121187e-07,1
93474830d48c,4.7742446e-07,1
9377a4caba25,2.886496e-07,1
f711d09f44ef,2.3162951e-07,1
3b140c0a901a,2.305452e-07,1
3bb37445069d,2.9709503e-07,1
c9ed98415c1f,3.020233e-07,1
ec165ac3d8b5,5.8178176e-07,1
a87349363c74,5.980919e-07,1
402fe8d674e5,4.9156796e-07,1
fa3e99709721,5.6773143e-07,1
c32e2ade733c,2.7230215e-07,1
4399e09f1b0c,5.939836e-07,1
77724cda0c7a,3.270566e-07,1
f595c749ded2,6.0892063e-07,1
e9ffb321e1df,6.819284e-07,1
18cf1c9932d3,8.528078e-07,1
fc3b6485f297,7.639156e-07,1
bebfbf486718,5.3638587e-07,1
8cf1d32d6d6f,2.0212265e-07,1
f513cdb91f13,2.7630753e-07,1
e7448539e6dc,3.562269e-07,1
a65a41c7955f,4.986848e-07,1
f47e4d6ac3f7,3.6107824e-07,1
da0f4e6c8c4f,2.853299e-07,1
653e50b0c8b2,3.0841852e-07,1
abe51596c227,1.1249373e-07,1
e996b192622b,4.1219567e-07,1
1628aa712c49,4.6498585e-07,1
2a5cbe23a619,3.3178168e-07,1
2f1d7b1fd1d0,1.4710575e-06,1
5b059cdcc37c,1.5627136e-06,1
f820c08a649b,1.2816528e-06,1
c7549cc0ab23,1.0039316e-06,1
acb9fb22d87e,6.622806e-07,1
c77aebbcec4b,3.6575634e-07,1
ac7099d95196,3.1772535e-07,1
b7bcfe9a1f20,5.011746e-07,1
41677d5d48bb,1.8286113e-07,1
472e07cfe173,3.3503227e-07,1
414a9c910bc1,6.5300566e-07,1
c713deb637f5,4.0116342e-07,1
c46fb5b5e014,2.6384183e-07,1
fd8cec045a0c,1.8604678e-07,1
dc7e6a2a842d,1.4861352e-07,1
42ffa94e4827,2.4469844e-07,1
739a77cbf7ea,2.2988155e-07,1
cb0aa3bc2289,1.752299e-07,1
624c9f5172fe,1.0278422e-07,1
65e12ab89d19,4.0126583e-08,1
9b5ecfdc180e,1.9148665e-07,1
d220791c6578,1.5170993e-07,1
fe0910987176,1.710881e-07,1
9ba9a0b3ee41,2.3465584e-07,1
45bf929c3849,2.8250582e-07,1
b3029e4eda11,5.666797e-07,1
a1e4f1dc7411,7.628137e-07,1
5f8da095e36f,9.698991e-07,1
a51bccbac5c2,1.1468478e-06,1
2ccc9b02ed63,7.1323285e-07,1
5c0f9f6a3dff,6.0516544e-07,1
39a263600e33,4.7672057e-07,1
d43c4f2e017c,3.525412e-07,1
f6f7bf5e0734,1.781563e-07,1
9a6633edb329,1.9068476e-07,1
a078828e0ed9,8.1906485e-08,1
24a11ba48b3f,8.388382e-08,1
e6963d596e95,1.9060433e-07,1
b08cb73248f5,1.0928175e-07,1
ee19c73f34b7,1.06685505e-07,1
db0cc61ea343,1.7883025e-07,1
9c21e2672e49,1.2072401e-07,1
ae447e33fcc4,3.8893947e-07,1
c18445d747be,2.8651937e-07,1
a84888c1a477,2.1322931e-07,1
5795ebdb9fb9,1.626174e-07,1
bbc46abfcd49,1.7629817e-07,1
b6850ffc0b32,2.3806443e-07,1
6cc7b9e912c2,3.0532988e-07,1
640154439cdc,4.879311e-07,1
d3d1a07c3bb6,4.6983948e-07,1
e0b584c7e8ef,4.822197e-07,1
8da9001b8e26,5.092119e-07,1
0a776f3af87c,1.05270665e-07,1
91912f9eef39,1.7693223e-07,1
f09d933b5a80,4.5711676e-07,1
75c86e8e9648,4.776523e-07,1
0c749b5c7098,7.276915e-07,1
efa64a97bb7e,6.7138996e-07,1
0e3812e8b302,2.4839443e-07,1
4ca441851fb1,1.6368986e-07,1
f1f4285d83c7,2.7794033e-07,1
3fa3a9085ec1,1.4577478e-07,1
6692f297ab2b,2.433022e-07,1
b3cf7ddc64de,6.966733e-08,1
b263b182fd2b,5.023172e-08,1
a23a1dcd0218,1.0291007e-07,1
753a0c61596c,1.9558128e-07,1
ce789e2725d8,3.0090337e-07,1
5e084d14f65e,3.9700265e-07,1
4872b72bc422,2.8124163e-07,1
312e050be735,2.7112648e-07,1
d4caa18831fd,1.3577917e-07,1
cb9f0015097b,3.4738562e-07,1
2a97cfce5b7c,3.80624e-07,1
cc747c94f69b,3.5226228e-07,1
07bb1eeb490b,2.923425e-07,1
12e6de21d482,2.387751e-07,1
883f9d2bf79c,2.1591728e-07,1
efd4d1eb0133,2.9308555e-07,1
1847a62dec1f,3.3855e-07,1
7373539561a2,4.909451e-07,1
1c2d8782db68,6.5876554e-07,1
973a16edfd30,8.2016265e-07,1
1484be1fa05e,6.350186e-07,1
d4656ee2448c,5.169549e-07,1
79c60c420bb0,4.705937e-07,1
4e348fb32dd2,6.13317e-08,1
1e7bd2a9eb25,9.7538866e-08,1
d13e9fb70f44,1.0204661e-07,1
3892201fc1f2,1.091293e-07,1
29e7a000743a,1.346479e-07,1
976958e9b46c,1.223999e-07,1
a80dec33a56c,2.468805e-07,1
daa570924446,3.2073808e-07,1
177875737338,2.6332296e-07,1
1eff44a49730,1.3018489e-07,1
99592b704968,1.6478698e-07,1
b89b5fbdb10a,1.8079236e-07,1
0d04435c7fa3,4.289584e-07,1
744b56cd6032,4.2299553e-07,1
3f0643f672d3,3.84396e-07,1
2675d186fb07,4.6157263e-07,1
1dd8aaa35658,4.3787563e-07,1
572bbd7dca51,7.378763e-07,1
9a41f468319b,5.822765e-07,1
2fe7f3c61064,4.6329933e-07,1
a546f8e15db5,2.8270816e-07,1
0adb7ff71a0d,2.6881384e-07,1
216dc6a549e2,3.582184e-07,1
c62e80029076,2.442147e-07,1
01eba90816d7,2.486303e-07,1
8ac65a030173,3.212105e-07,1
14f29416b48f,2.6177722e-07,1
4b70be89a1a1,2.0751202e-07,1
7e2d1c4b66f8,3.7450332e-07,1
8977eb56e95d,1.922562e-06,1
95505b9b8b5d,2.0709113e-06,1
c0cb7e289fc7,1.9808813e-06,1
bd5b3d686954,1.37435e-06,1
255ad84353f1,1.3659094e-06,1
24bbfc877120,5.7348126e-07,1
e9e71a8878e8,7.3852374e-07,1
2402fba2d152,4.9176913e-07,1
fbb22934905e,3.2274966e-07,1
695694ffdf06,2.6345353e-07,1
a57b601989b9,2.4439487e-07,1
23d0760bab00,8.445592e-08,1
438695e5e90f,9.033471e-08,1
323b365ce1e6,3.810208e-07,1
a4f963d029ef,3.9638434e-07,1
dbd8b5002541,3.4062415e-07,1
fe9e5cb7135d,6.4809467e-07,1
b3a7dae3fb42,1.1887191e-07,1
a8ade416280f,8.934778e-08,1
735b570090f7,9.788443e-08,1
54704d053740,9.839034e-08,1
e82afc6fae1d,1.3677777e-07,1
66428ad88ada,1.3467069e-07,1
0a1126adbcd5,2.0430522e-07,1
7368fecb6ef9,1.1903845e-07,1
809005c5afee,8.312193e-08,1
e302ebbc339c,8.4907306e-08,1
e8472bba1682,9.69958e-08,1
52b95cd83d02,3.2836383e-08,1
618277e4a8d4,2.9362351e-07,1
7b7dea035999,2.9328314e-07,1
ffa1eb69fd6b,2.3693296e-07,1
5f789dd8bebb,2.2556435e-07,1
00409ec37124,1.5156836e-07,1
f32b8e4cdf70,2.947772e-08,1
5257842ab4dd,6.849491e-08,1
e75548dfd78a,1.8882373e-07,1
b67cbfcabc34,1.888022e-07,1
554756a2eb72,2.567286e-07,1
96e3f1b73974,3.431244e-07,1
d7200bb368d4,4.681752e-07,1
e632d0acbc3f,4.1765043e-07,1
56ae3c718446,6.853056e-07,1
fe657b974fa1,4.593084e-07,1
04b5fa6429fc,4.4455913e-07,1
f436dd17eaeb,3.608889e-07,1
815293115cd8,1.2073284e-07,1
8156ca99ba52,1.8686815e-07,1
f3be26a9bfcd,1.3037261e-07,1
a0eb89b61097,2.6511196e-07,1
ae8475e350c0,6.850744e-07,1
accf01f9b55c,8.0346274e-07,1
fe78ffadec44,7.869472e-07,1
15f79b6ec317,8.6459056e-07,1
df2d6feda502,2.8121548e-07,1
8626dc1505c6,4.509651e-07,1
59c2cbec38e3,5.7840947e-07,1
b4d4514428c3,6.6626865e-07,1
e2d3d030922b,4.073032e-07,1
acf14abff210,3.533703e-07,1
3b393ac84663,1.2704695e-07,1
42814d86d116,1.6641994e-08,1
963724381063,8.975744e-08,1
4eda46bcd9f2,3.631389e-07,1
2c4674547940,2.716391e-07,1
886e2256c768,6.0604356e-07,1
cc71f909171a,6.7480585e-07,1
8a946d50d37e,7.938077e-07,1
e655f0225949,6.7688615e-07,1
edf4ce9ab224,6.111664e-07,1
a6f56151ce2f,1.8768878e-07,1
116d39305e8a,2.3593252e-06,1
2add2c0f3144,2.4779997e-06,1
80d15d548ac6,2.1318447e-06,1
ec2b6afc6545,1.6006496e-06,1
daeb4ed13f25,1.9778317e-06,1
7666d45a60ad,7.856993e-07,1
3d4b5781c13a,5.6528523e-07,1
38f650049ba4,6.849632e-07,1
4bd315cdfc7c,4.370899e-07,1
1f3dbbf841fb,3.8897787e-07,1
363b0bd961a6,6.3598446e-07,1
39d5005f4318,1.8457904e-07,1
6482d1c4e6e3,3.3009357e-07,1
5ce90eb4eb7a,5.0792517e-07,1
abe61f60d12b,6.08244e-07,1
d7f78f471737,4.7855167e-07,1
59792eb2e1be,3.9556812e-07,1
2fe19a98ddf1,4.790427e-07,1
ba440210a36b,3.9626332e-07,1
80ef4c85fb92,4.2518676e-07,1
81b85d0b894d,3.2418424e-07,1
a3cbc85a8a9f,1.6102653e-07,1
66498ba5592a,3.621562e-07,1
809b3b13a9e5,2.779057e-07,1
1dce97083d84,2.8759746e-07,1
d9148de21b75,1.1286301e-07,1
60160ed9c0cc,9.302697e-08,1
b1426cdcc119,5.694667e-08,1
2763b3d42363,1.1715802e-07,1
355bdd327e08,1.8035206e-07,1
7b8ae4970205,5.943166e-07,1
f90ff82e4a3a,5.479828e-07,1
bdef37b65e51,5.667895e-07,1
6c5c55d722ea,5.1366055e-07,1
32e9de59ca59,1.9696968e-07,1
3ba08cf8201f,3.031735e-07,1
4ff919ded75a,1.2190044e-07,1
a1adc013771a,4.6021754e-08,1
d7c0f1e2a5f5,5.524105e-07,1
af96da82067c,4.7240718e-07,1
438e3b292859,5.210592e-07,1
8019d2f5dd56,4.921152e-07,1
94c3bfbe2cd9,3.744187e-07,1
a7f711da794f,8.829378e-08,1
4cbfc1b5bb8f,2.92164e-07,1
74b3bdd091f4,3.8268155e-07,1
0baa5e3a809c,3.880815e-07,1
134cb8b60354,4.7872237e-07,1
fe46e12254bf,5.001349e-07,1
919d139fedb9,3.531341e-07,1
371fcdbaf226,2.6623817e-07,1
a2a19707ec78,2.4347935e-07,1
80f7be0cb081,2.5559248e-07,1
39bc8bbbccb8,1.8595095e-07,1
8e4c560b28f4,2.2519293e-06,1
417350871c81,2.1947678e-06,1
3284bb36b2e8,2.0461553e-06,1
61639b05dd6f,1.4443293e-06,1
a75f57139087,1.1053005e-06,1
92ec2bb101b2,3.498617e-07,1
ca7e05d43f2c,4.3939676e-07,1
6fc952d2585c,5.34403e-07,1
526c17db0656,6.105194e-07,1
6a35fc688d2e,4.0687095e-07,1
ab9036ae2dd5,4.3699123e-07,1
23fe71e72813,4.7630277e-07,1
16ac31315e2e,2.6557663e-07,1
e038b4c3940d,1.8234981e-07,1
cf4144ea3aa0,3.3823957e-07,1
9703ec1249b8,4.993992e-07,1
af00fcdac89c,6.8874317e-07,1
777be2a06fd0,9.168445e-07,1
9af2bcccbb90,9.323837e-07,1
da2fea74f024,7.675037e-07,1
af5ac8fcc073,5.4606244e-07,1
a1cb484a59b2,4.5144932e-07,1
9edc80632e28,1.6734197e-07,1
ec832f751911,3.3059388e-07,1
9e2db54c997a,2.4752248e-07,1
f867e6d49c41,2.5316083e-07,1
a7ab986ec523,4.7445988e-07,1
351e7d5140d3,3.350846e-07,1
5adba2945437,3.9151422e-07,1
122724a05dcc,3.2297757e-07,1
08c98370f882,4.292404e-07,1
0f923631a03b,3.76487e-07,1
53df27061220,2.533606e-07,1
ed74dca51d15,1.1606253e-07,1
509515104bbd,1.88306e-07,1
00ab774613b9,1.5256758e-07,1
f827efdcd7b4,2.5857082e-07,1
06c801ee5070,2.8484735e-07,1
59ac2fc1d34e,3.7445633e-07,1
9c60e598d9b0,5.408532e-07,1
7885565afac4,4.6401613e-07,1
1a02d82f4a1e,6.542243e-07,1
e56d95090923,5.558311e-07,1
513207ba49b4,3.3063486e-07,1
652b63be5bab,4.7017357e-07,1
da093123b709,1.7144955e-06,1
1b927fcef1c6,1.8333689e-06,1
0b4fb95ab2a4,1.543661e-06,1
437f12c69bb3,1.2506405e-06,1
0946fb94d688,1.1578161e-06,1
a90fbf02e6a0,4.6488483e-07,1
8cef5eea991c,3.093527e-07,1
ef80f11e82d4,3.538998e-07,1
98a24654ee58,4.0506026e-07,1
8d6f8c47532c,1.9776085e-07,1
00d51b4950b7,4.3940895e-07,1
ab69bd5142f8,5.771652e-07,1
b7ec73067836,4.4788436e-07,1
26fa9a96e542,1.0514952e-06,1
a69231fb20f3,1.1065766e-06,1
b2a0fdeca4dc,8.793254e-07,1
caa5dc9b7900,1.2250089e-06,1
885a0494de55,1.2634962e-06,1
64e6b0bf901c,4.3480594e-07,1
9feafb6516b2,5.6205005e-07,1
85e534d07ce3,3.0922857e-07,1
8014ed4345cc,3.4838158e-07,1
32575f490502,2.3437062e-07,1
137c68abd924,5.03578e-07,1
a039e3fb6464,4.113446e-07,1
48e06e145ad4,3.2343513e-07,1
21f4eb8631ab,4.1163162e-07,1
63645bf8f13d,3.4097218e-07,1
f028d7b3df57,3.3359683e-07,1
1e9c650c45eb,4.986707e-07,1
c6e31e8da2ef,2.6378447e-07,1
b166c81e2251,3.5273285e-07,1
fbb8bc003db4,3.2920124e-07,1
515f020f1561,2.236378e-07,1
7442825880e0,3.420172e-07,1
04f217a9f518,3.9193253e-07,1
db7edcd08ab5,5.192499e-07,1
f746114e585a,5.2498183e-07,1
68c16b76faed,5.336656e-07,1
e3c1f993f321,6.269511e-07,1
f4d56827c331,5.90402e-07,1
e9adba81b1c2,5.7699083e-07,1
e71652adfdcc,5.1705655e-07,1
1c6837e35f61,2.6479017e-07,1
8380dc1dda0a,2.2097875e-07,1
eebba72a8010,2.669166e-07,1
0a7bc6bbafc3,1.726474e-07,1
2d443d48ce76,1.6106353e-07,1
ee986d023d6b,1.7784907e-07,1
5b24cbd7ce41,1.9028167e-07,1
2b2fc98ba604,2.8606652e-07,1
c8bd252653ff,2.9205913e-07,1
6f1254d456d6,2.8386313e-07,1
8d0243288546,5.561919e-07,1
9b4795f34004,7.884362e-07,1
c821502b98ab,6.68597e-07,1
e83d29734319,7.0859716e-07,1
eb375b529563,7.681737e-07,1
f14083a75536,4.4189295e-07,1
8f5ebb8fe71f,4.0073382e-07,1
c95a96ae9033,4.0391703e-07,1
0be9fdb2979f,2.8247723e-07,1
96de3a9a4e34,2.656724e-07,1
a4952d935487,3.4239096e-07,1
35271323a0ed,4.6049132e-07,1
26defa2d4a90,7.056267e-07,1
f43cd36e9a6c,5.429951e-07,1
be29ab2d133c,4.282916e-07,1
77b61997a93c,3.849404e-07,1
7e50242fb002,2.683064e-07,1
eb3ed67d5f57,5.5065084e-07,1
60a5f7c6070d,7.7763553e-07,1
8d776adb1639,7.129082e-07,1
dafd72eceb66,4.6639153e-07,1
b7f559125e07,3.9801114e-07,1
627bd3b5c060,1.2961804e-07,1
1bafb8772401,1.2188315e-07,1
25dec6c5d7c0,1.67545e-07,1
a10a3140517f,1.898891e-07,1
441402f84047,2.1796657e-07,1
4fe6f6c2fa6f,2.6237575e-07,1
307517a98d6d,2.8195652e-07,1
2df59d7b0196,3.6479506e-07,1
28d0f210a902,4.220645e-07,1
5009f4bd7cb9,5.0723946e-07,1
242720af68f0,3.9371977e-07,1
6e880b87a1b2,3.330596e-07,1
2b3d98a3734b,3.3051563e-07,1
10da8607009e,2.1944366e-07,1
39671ea3bcda,2.5563824e-07,1
2f5ca5aa892e,1.6271895e-07,1
eb15307690bb,1.8850226e-07,1
4429ae3c738d,2.1015403e-07,1
caf7ed0243ed,1.3872312e-07,1
eaef711f0c43,8.60256e-08,1
d67c74adf588,1.443236e-07,1
34591d860f33,1.8936193e-07,1
26c5adc28a5d,2.4607525e-07,1
3e384cddd0c9,2.1483365e-07,1
ab879680f6df,1.4804029e-07,1
cc82802064ec,2.1812437e-07,1
0b34e90487ca,2.206609e-07,1
842f7b0936ff,4.2504135e-07,1
3fcf4adc4e88,3.4457022e-07,1
9a44870669cf,2.3764633e-07,1
5e3431c94a04,2.519755e-07,1
eddc41473126,1.8759152e-07,1
c711857787f7,2.6913784e-07,1
31207204e7ad,2.8653528e-07,1
6e7479341d2c,5.2930915e-07,1
c48b995c76c0,5.9103877e-07,1
f36560c6e001,1.523158e-06,1
86c496297a24,1.3511413e-06,1
9aae64652328,1.3672961e-06,1
fae3e4b47c99,1.4114903e-06,1
96d419d29e57,8.550473e-07,1
38cfc36cbd89,6.7489384e-07,1
656c9f046081,5.550211e-07,1
4b0ae9ba69c9,4.612268e-07,1
3429ea9cf779,3.386666e-07,1
11b6f0f41326,1.7965424e-07,1
f621d4b3ca8a,2.8952468e-07,1
daa8f4f15c6a,2.574777e-07,1
1880b35f8467,3.7989477e-07,1
a3ac4d3dd3f8,3.2534277e-07,1
b6f27bf6e656,3.243757e-07,1
f063aefe2883,1.8414981e-07,1
3820be2fd257,3.4934357e-07,1
2318bb2c7666,2.0633233e-07,1
2605aa9cdcd7,1.266927e-07,1
0ca5e068b08a,1.8793536e-07,1
5627ebf38041,5.5743303e-08,1
18cc08dc7af7,2.503656e-07,1
0245a908f2ce,3.0665743e-07,1
def546ac4940,2.8616518e-07,1
0cc71465b23b,3.6404253e-07,1
7bbb38d3f5c3,5.1504526e-07,1
f849876947c2,5.130622e-07,1
f0d211cbb9cc,5.0095167e-07,1
8c97dab47734,2.7584778e-07,1
f65b04b7d87a,5.0117444e-07,1
8aade0bba4e1,1.6184438e-07,1
ffb1ac7ec5a0,2.2386011e-07,1
fd29e9b1a6e8,3.427972e-07,1
4ca9577d1648,2.8121497e-07,1
1b20e090e7bd,1.7857471e-07,1
138135c10d21,3.172552e-07,1
0a8e0a30ee53,2.2373848e-07,1
10acb1755edb,4.6949063e-07,1
f821a6fcbe84,4.0607395e-07,1
7a0e616ca9c1,3.549726e-07,1
f34c085bd42d,1.7114819e-07,1
531a1d0d07df,1.3772843e-07,1
9cb33e0341a0,6.396664e-08,1
c5ee26a61652,1.6668749e-07,1
149443801946,3.1513395e-07,1
101662231618,2.3632661e-07,1
0195498388b9,3.437971e-07,1
219400caf701,2.2661658e-07,1
41149f739ddb,2.914865e-07,1
7a5a20c91578,1.3841291e-06,1
fb20241d7571,1.4989354e-06,1
830850024b84,1.192717e-06,1
4cc2d037b960,7.9951855e-07,1
fe668bedbcc5,7.739399e-07,1
4228cd104fc1,3.7471008e-07,1
e388cffaeb36,3.1073105e-07,1
ffdf15fc09b8,4.4529227e-07,1
01e6974bee14,2.8193168e-07,1
eeeea8daa144,4.347353e-07,1
8089bc8bf5d8,3.2814836e-07,1
2e697ccc940f,2.3988963e-07,1
751744e79370,2.733197e-07,1
a6ce281540e1,1.6495807e-07,1
fa9c3ac1b73d,7.3256984e-08,1
840433d77a07,1.4950125e-07,1
cf8abf23441a,3.067181e-07,1
68caeb6dbccb,4.6049306e-07,1
7462cebd3ba5,4.720286e-07,1
d3e2d665e2f8,9.239429e-07,1
58cd2cd18df9,4.6547115e-07,1
e3170ab25a7b,4.4775663e-07,1
564acd851fc2,8.496598e-07,1
a9062f4e1678,9.0519194e-07,1
356cac33073b,9.71834e-07,1
a019dfcb93aa,6.1062514e-07,1
dbf9efd5bfba,4.2630674e-07,1
2d7772609cd8,2.4413544e-07,1
f94d2f4b1f64,2.6635794e-07,1
c63b3a5337ad,3.0748814e-07,1
71b8c005b486,3.6690872e-07,1
d3f9845c277c,1.143495e-07,1
caa548c88edd,1.017214e-07,1
fd7283554981,1.6892567e-07,1
ab41565d5442,7.29296e-08,1
0298188dd789,6.0341387e-07,1
d812f06d7842,3.149592e-07,1
7810797c7148,1.7104686e-07,1
8becf1be214c,2.2964866e-07,1
074ea1b99a4a,2.3498702e-08,1
e871544946b9,5.192174e-08,1
88f968d4425f,2.7427205e-07,1
de628af936ea,4.69036e-07,1
4318366e4c94,4.5880796e-07,1
9eb6ddf73d57,4.1144497e-07,1
9e9bb0d24b44,3.867761e-07,1
0f0bf4a63ab7,3.5068163e-07,1
779b50906e5a,2.9286593e-07,1
2a848d5b311a,4.4974308e-07,1
02a473416199,5.688303e-07,1
b08459bbfaeb,1.9766289e-07,1
0499c88c2683,1.377797e-07,1
8f101f2e5ef1,8.840546e-08,1
0d4738e3221d,2.7267023e-07,1
cad340fd0037,5.474342e-07,1
977f875a62ab,5.59745e-07,1
2d0bf502f963,5.585125e-07,1
ca312f044e0e,4.2651064e-07,1
d94c05ace37f,1.9769702e-07,1
b4b6757af980,1.1556491e-07,1
ce342a9e919d,1.4260696e-07,1
31fa0684ce22,1.8694466e-07,1
78c9b7407f87,6.8438476e-07,1
0cca47266e91,5.985285e-07,1
3288fe72e4cd,5.5456957e-07,1
e858fad94674,4.8217674e-07,1
86754062f29b,2.9894582e-07,1
02a42da11e8b,2.0521429e-07,1
95b66cd2c657,1.8959342e-07,1
e6b183383451,1.9077152e-07,1
528020194389,1.9623813e-07,1
d50796cba128,1.2947397e-06,1
f0993d705071,1.647735e-06,1
d6909f3ac765,1.5712535e-06,1
b39e2c2e8226,1.129374e-06,1
15b68d9b2413,9.974045e-07,1
c4d67a9d9bf9,5.8250004e-07,1
d818426de196,2.6447336e-07,1
efa1f4c5b283,2.311147e-07,1
edae0515660e,3.4197657e-07,1
610c64b49cbc,4.4645813e-07,1
ac02492edb50,4.5118344e-07,1
cc9171c67f3d,4.7903364e-07,1
bc285f49b0ac,5.719931e-07,1
1e7cc9c6d0bd,8.545664e-07,1
a4eec1654022,1.0118514e-06,1
d694eba5d47d,9.874103e-07,1
f9e520c88206,9.693487e-07,1
3dfde16eb375,7.636213e-07,1
d0b7f1584614,2.9452818e-07,1
5892eacbdc35,1.6233528e-07,1
4f5bfa9269a1,1.8183559e-07,1
ded860d1381c,2.770844e-07,1
157f8e6d7330,3.3658145e-07,1
c00e2c79d36c,2.7469937e-07,1
359bc6c12949,4.5700514e-07,1
26f3477d0e7f,2.9443822e-07,1
10cc976dc305,2.9952267e-07,1
81261f10def0,6.887568e-07,1
9857627c0d28,7.1924285e-07,1
45cd4660d136,6.007461e-07,1
fa970a070a5f,6.5950843e-07,1
bb1eaafd64ec,5.555137e-07,1
929122406ec3,5.5924454e-07,1
a28a21d73a72,3.744804e-07,1
1c20e4ed316a,3.695293e-07,1
c7e668be1a8f,3.7746935e-07,1
47b3e5826221,3.626047e-07,1
1ad661501916,3.0828616e-07,1
a6915ca853b3,3.0592798e-07,1
7b45f8c6daa0,3.8200716e-07,1
b94d94aa5217,3.3752468e-07,1
84dbfcb0a979,9.253963e-07,1
6197cd8368c3,7.744986e-07,1
01ac5090845d,7.538444e-07,1
1eeebe373432,9.2873563e-07,1
7aa44d984452,8.9663286e-07,1
9e24c35afbee,3.2256915e-07,1
ab18bd9bfbd4,5.367066e-07,1
c56449e2d1d4,2.4071517e-07,1
0e6a1e76537a,3.3439522e-07,1
d2869ba88746,5.49742e-07,1
4b93a27469c6,4.4594034e-07,1
8d326f1b6a53,2.207119e-06,1
6f4882770d22,2.6056014e-06,1
e6e4247f4c5a,1.8929385e-06,1
f4747e53d6c8,1.6884659e-06,1
d6a51344eacf,1.1892278e-06,1
6b3c130dac7c,5.7245967e-07,1
190dc1f290f0,4.8794044e-07,1
786645ba0adf,5.34352e-07,1
5adba14eb058,3.7931795e-07,1
5124a4d01b5b,3.3083148e-07,1
7786924d8252,7.825453e-07,1
e6d54e890158,3.0667024e-07,1
26088bf20247,3.6800793e-07,1
b9652cca1e3b,1.4689628e-07,1
391eaf7c7066,9.349614e-08,1
c72a84466ae5,1.0027636e-07,1
a7a6459ff9b5,1.4779688e-07,1
575b805ccdfa,1.4056889e-07,1
be56a4b9e4d7,1.8261399e-07,1
ba9e9ab48ab9,2.1855288e-07,1
aef2f96aa45f,2.3157142e-07,1
63b4fe3c3c74,1.3473117e-07,1
c6377470321c,1.6187393e-07,1
4bfe07fd68b9,6.78997e-08,1
0c9eb3b33669,4.2730372e-07,1
16d747d01e26,3.371989e-07,1
3a705137bd3c,3.3881668e-07,1
e82cfbc1b351,3.4063876e-07,1
170b3295aee1,2.2556083e-07,1
5a6e51aa9eb3,2.092354e-07,1
2a8e3ad69ccf,2.9773307e-07,1
7639640603bb,2.412509e-07,1
d6e523e29572,1.261602e-07,1
8503f9020577,2.01126e-07,1
6cc7a4f44a32,4.235665e-07,1
61401c0b6b9e,4.143106e-07,1
3e9c7402d896,5.2483205e-07,1
60d5abc0c1de,6.758658e-07,1
600266a71c17,5.5864774e-07,1
296ac8063161,4.0135265e-07,1
3868667ea4ae,4.235876e-07,1
b84ea62d8437,3.923241e-07,1
67b36f718fb9,2.9225308e-07,1
a57ca1a4b910,3.046762e-07,1
76ebc9de27e3,2.770953e-07,1
19602f386022,2.766025e-07,1
196366066319,2.368702e-07,1
fffc712373ce,2.6704993e-07,1
3d78289f9742,1.5586878e-07,1
d07c062b681c,1.307129e-07,1
db3e0e0a3483,8.182023e-08,1
5429e2e04a99,3.624829e-07,1
6c3c3e396ae4,2.004276e-06,1
715b3320685b,1.8123634e-06,1
5db262d2212e,1.7636753e-06,1
164b68e3f630,1.3698256e-06,1
3b777265c45e,1.3770668e-06,1
f22bc4b08842,8.4568586e-07,1
832e17c4ae41,6.1283134e-07,1
93536ec517b7,6.8567124e-07,1
2b671b319127,5.8199026e-07,1
9185ab4ba84b,5.1227977e-07,1
500ae1975680,3.733284e-07,1
2a744a8b9cf0,4.0398626e-07,1
bc3bbe31a3ea,2.0454718e-07,1
84249f4b1b21,3.266789e-07,1
629719698ece,2.2096845e-07,1
3387a13ef452,1.5052436e-07,1
7a4a72cbe3e2,3.9702033e-07,1
521485b99f47,2.5832492e-07,1
1c777f3ae10e,7.2137215e-07,1
a5964d28789e,6.9162843e-07,1
55fc98983e32,7.2717904e-07,1
60759e5f34b5,5.434292e-07,1
8f170fe8ec56,2.2529926e-07,1
5d97f48f8e5c,1.9863197e-07,1
5de8234c59e6,2.6833663e-07,1
23ad920f60b0,2.968277e-07,1
8ff5516c0d04,5.85948e-07,1
33d6f60b6ba3,6.228273e-07,1
097f431aa980,6.7022444e-07,1
366b83c51e3c,6.053938e-07,1
fec2663c0e2c,4.2763997e-07,1
026ec6e1052c,3.1110187e-07,1
3340584939b7,4.6852537e-07,1
4db402529501,3.7194198e-07,1
21c107039c60,5.3737915e-07,1
6d2ce6b85291,6.2167106e-07,1
57004bf2b1f5,5.4715576e-07,1
eb2277d481c3,4.77935e-07,1
95961c6e8f55,4.3675348e-07,1
445bed2de21e,2.9320316e-07,1
82e2ce14eccc,1.5404427e-07,1
8971c0ddd89c,1.2856634e-07,1
138a246a7754,1.6335544e-07,1
fe0ff32f40d7,2.4414703e-07,1
b8212ab275d5,3.391328e-07,1
ede412b002d5,4.852525e-07,1
a604f0b322d9,5.732939e-07,1
b13c80396eda,4.7309774e-07,1
431ee796142e,5.4560786e-07,1
ca54c898f5a3,8.01321e-07,1
34a1d03b74cc,3.2707754e-07,1
18054b3d9ec4,4.5062893e-07,1
c7a6bf1dac53,5.757086e-07,1
34bfe9b2a8a1,4.951662e-07,1
dfcc52d3d957,3.0951284e-07,1
ac8caf164d22,2.5270145e-07,1
3943068ef351,3.5600184e-08,1
d4fa1c51b94f,8.320288e-08,1
2afbcd4f5fb8,1.0433865e-06,1
e171140d8931,1.0694865e-06,1
834591196468,1.1841156e-06,1
0bd7ebb8afdf,9.37969e-07,1
30c00a4e2424,6.796675e-07,1
0d2e69fe005b,4.5829856e-07,1
57a6bae56aa2,6.068276e-08,1
6c393c15066c,2.2859015e-07,1
bf930f3ad9f2,5.298441e-07,1
e60b401872fc,8.265299e-07,1
7ec9acdd0996,6.813095e-07,1
b4c232e0e317,3.3938088e-07,1
042326d15458,1.9581196e-07,1
a317a949350d,1.3752769e-07,1
f29970aeacf0,1.470903e-07,1
03a5b324021e,1.8262945e-07,1
5097bd186f87,2.3350475e-07,1
20a0b7ec8ec1,5.215044e-07,1
d25eed20ac80,5.203058e-07,1
d500198dc6a4,1.1077949e-06,1
ad70e221055a,1.0248265e-06,1
d50f253d85a6,7.586807e-07,1
3cdb1dac81a4,5.5314786e-07,1
5ca60f1dc2f5,4.689367e-07,1
423be5c095b6,3.3362642e-07,1
8a25a35f1c9a,3.8532625e-07,1
5b2d3ee5181a,1.2258099e-07,1
dd257afa339d,1.7448747e-07,1
ac490f92ba9b,2.8073052e-07,1
88aada1957b9,2.8259078e-07,1
77ae367f077d,2.1411569e-07,1
f7e915c9dc63,2.5309996e-07,1
3c443b1ffffb,2.1838648e-07,1
bf05ad682860,2.1492141e-07,1
0f9bb78841be,4.086156e-07,1
79a7ca35c1c0,2.706539e-07,1
26cd719f2257,3.9910375e-07,1
b28e2e2f61a2,2.5158639e-07,1
bd2eb3ed9f7b,1.2482485e-07,1
c224b9a434ef,3.3461032e-07,1
3ed1f87a0411,8.5814565e-07,1
ec42f9d9eabe,6.3023526e-07,1
8d8d80f7cc22,1.0515506e-06,1
cb8ddd2c451c,1.1188964e-06,1
f9f5f27fd6fc,1.1015536e-06,1
b23346891f99,9.69738e-07,1
be05b7ee5730,5.942192e-07,1
8cb0e54db069,4.5587217e-07,1
697fc7af9dd0,5.594686e-07,1
f90dda998f01,5.3452095e-07,1
0500dd41cb32,5.317265e-07,1
39ab26ffeafe,4.4729174e-07,1
08227bc7fa50,4.4158693e-07,1
c9ef13e0f35e,2.4878537e-07,1
a92a60bc62cd,2.1151064e-07,1
0211024de41b,2.986838e-07,1
991e307556d3,1.683495e-07,1
1896423d4624,2.1587525e-07,1
fef355266e56,2.5041405e-07,1
507bd0bbb330,2.2110126e-07,1
a116cd970f0a,7.6276683e-07,1
e52397414083,4.13446e-07,1
fcf742a29844,5.5623656e-07,1
0ebf31fde44d,1.2570172e-06,1
7a15312d5a26,0.0013595095,1
020019ab0069,0.0013610147,1
910e0612a880,0.0013604581,1
2ad7fa215977,0.0013574036,1
6175093ba455,0.0013468914,1
d97fc4ec229e,7.6840695e-07,1
f03ee1787aba,7.383761e-07,1
9f0cbf30f879,6.265398e-07,1
1ba84b0fd535,4.9640056e-07,1
a783eecaefe7,5.8180746e-07,1
2e6675b607ea,4.3673023e-07,1
156f6e4bd7d6,3.8460914e-07,1
1b369fff22c5,5.4181544e-07,1
043d81967997,8.9878944e-07,1
26ca6fe94093,7.79713e-07,1
936391cd1014,6.1503783e-07,1
8003de34b823,3.0194047e-07,1
76c7ad2ae8f1,4.1142138e-07,1
3c067e0fa788,3.8453314e-07,1
66ae6c2e5905,4.6571006e-07,1
8e5d2059e960,4.38495e-07,1
16586bb28f07,4.4593685e-07,1
ca8a863b7882,3.5018232e-07,1
fbc756fb857e,2.2500816e-07,1
68b2acffb158,2.1672581e-07,1
2af98ee630c9,3.0277062e-07,1
5138d327b8bb,2.2023728e-07,1
e753271c5fc9,1.973657e-07,1
24ae7e2f0a16,2.8323126e-07,1
8f69c15b26ca,2.1630895e-07,1
cca77b8b3176,1.4041228e-07,1
c950077bf308,1.6076493e-07,1
95e247735e1a,1.7456857e-07,1
405629808bf3,1.3727838e-07,1
6794c47b5250,2.450433e-07,1
79480cde9a3d,2.1369846e-07,1
af861530d3b1,1.3583971e-07,1
bd9d9ea41ee3,1.7662734e-07,1
33439c7cf945,6.4371385e-08,1
07c4b8b95f15,1.2327251e-07,1
b6c816acae72,2.7702274e-07,1
dfcf00243a48,2.387279e-07,1
aeb1113373bb,3.252026e-07,1
54425a928872,2.581124e-07,1
7305ba383457,1.942982e-07,1
56629e8c0888,3.48811e-07,1
5e3873390721,1.495798e-07,1
89b83e735e1e,1.7979653e-07,1
cd11f15d2ed1,1.9799302e-07,1
c3263a4f389d,1.6215928e-08,1
360505293f10,1.617258e-07,1
8069d0916751,2.2231718e-07,1
8b74795970fe,2.1970277e-07,1
8c462889a4d9,2.928752e-07,1
4bf10263445b,1.8812626e-07,1
5e071e7bfa9d,1.6032075e-07,1
6cd619afbcf4,1.09757664e-07,1
3da20b339429,3.0466154e-07,1
803e35d314cf,3.8760486e-08,1
db9a551f1c31,2.3192712e-07,1
109dc179bfc4,8.602527e-08,1
a09172988fd1,1.259133e-07,1
71a171e755e0,2.5240132e-07,1
1913cdb16d1e,2.9878487e-07,1
5c7a988ce9ad,3.2514976e-07,1
1766213b8a02,3.0875708e-07,1
024d388ebd62,3.320107e-07,1
1409af477709,3.18393e-07,1
968d9271bf3f,2.8851716e-07,1
6b980606b5b2,2.9655956e-07,1
87d7e7077ba4,2.614146e-07,1
0faa85cfd71b,1.0618355e-06,1
7dc1eba1af07,1.0620419e-06,1
9e4468c53524,8.7000285e-07,1
333c6c44d56f,7.2938246e-07,1
22d3aaaed4db,5.752189e-07,1
12885b27e18c,4.1925614e-07,1
ba32b2635e39,3.378001e-07,1
bc68b7089e80,3.5910276e-07,1
16bf4e24e34a,3.7989057e-07,1
8075830a55b9,4.069856e-07,1
7aca1121a166,6.487834e-07,1
1e1eeede0a4f,5.7161986e-07,1
7f923b87a14b,4.96794e-07,1
5739efbf886d,4.0281262e-07,1
ed14bbd5ad11,4.936001e-07,1
1c5322df8eda,1.9232458e-07,1
e5beb9bceddb,3.1479297e-07,1
2a26d183d33d,3.578569e-07,1
98b955fdf40b,3.855075e-07,1
98ad665d70c8,3.8881194e-07,1
c27c933029e8,7.0430644e-07,1
1fcd8af82923,5.2624904e-07,1
926acff49978,3.873424e-07,1
38210b11b727,7.0350336e-07,1
d9fcadc8bb08,2.0195412e-07,1
0e2a4693604c,5.3519057e-07,1
c907a2098bd3,5.511735e-07,1
9f12641aec8b,5.2755195e-07,1
1cccfbf839cd,5.8687937e-07,1
de3683b78f6a,2.6206612e-07,1
a109b30fc451,3.5181165e-07,1
08b8a6908434,4.975077e-07,1
4557d98dd0b2,3.2573033e-07,1
7a2fa48ef732,2.764294e-07,1
10670329d495,3.2071102e-07,1
280276437f20,1.3421865e-07,1
b5058c803369,1.1428611e-07,1
e96e6ba07870,2.2047205e-07,1
cca45b5a5690,3.7151992e-07,1
ceb8665279b5,4.929469e-07,1
ff6e5b76be7a,5.379379e-07,1
af6c63005c8a,5.2301175e-07,1
3e6ed6080be4,1.4925716e-07,1
6397a36352da,4.0808996e-07,1
db6f8c7fa7d2,1.9667065e-07,1
6a4eb93ca8c7,2.4185803e-07,1
8731dce500ab,3.6693325e-07,1
9172e5f11fd7,2.6535966e-07,1
07bee427bc13,1.8858273e-07,1
1f4502281943,2.481215e-07,1
fe998a9ef0bc,7.692465e-08,1
79b905179e64,1.2273765e-07,1
9869d83337ff,1.7148959e-07,1
d6b3ef33c927,5.068735e-07,1
c16e46c60fde,4.1413446e-07,1
3d469d38b947,6.2141135e-07,1
d9389429ac70,6.6790534e-07,1
d6b012f0aef4,6.6911514e-07,1
9d30e236a259,1.5562181e-06,1
e40a6f715438,1.5769174e-06,1
f912ca0dbb86,1.4027988e-06,1
d4c9ce804811,9.652789e-07,1
99199a3f71ed,8.247621e-07,1
9e3cc48d1714,7.493461e-07,1
fda6426473e5,4.1108433e-07,1
1bbe2f3f7be8,2.9573354e-07,1
03893245a44c,3.0214719e-07,1
46ead79c1a61,3.959516e-07,1
56b33fbbf4e6,1.8702686e-07,1
7c9572622e6b,9.751421e-08,1
d14b08b46fff,4.1445276e-07,1
52467cf357ee,1.4722865e-07,1
121bfaf435bb,3.5186315e-07,1
a00caf528c0c,2.6143812e-07,1
235ed2733af7,3.4025717e-07,1
d72638a2a57e,3.0772844e-07,1
aada5cf1be1d,3.5315995e-07,1
8de9850e3f60,3.530513e-07,1
976df7808df2,1.7891539e-07,1
f723e7b5674b,3.02384e-07,1
8c28d91753a6,3.3791719e-07,1
9fce7b0ba4e9,2.2208977e-07,1
372dac723dfa,2.684312e-07,1
752d7cab02bf,3.0441524e-07,1
f1477af2553b,4.4556793e-07,1
88a0788bf964,2.6510583e-07,1
adb4c8abeb87,6.7603617e-07,1
1c84eb7cb897,3.0228034e-07,1
3938a38366d1,4.2250426e-07,1
5899b8db0729,4.894023e-07,1
9074e47d76cc,6.528265e-07,1
55b95b259d2d,2.3660142e-07,1
0083ae5157d4,9.331172e-08,1
8e79e39a12fe,1.5785417e-07,1
c438f39c025c,1.5369554e-07,1
b8f865b8d185,1.9494409e-07,1
a9e75e6afb8a,2.7293166e-07,1
b5ab5ab082e3,2.6593884e-07,1
af5d02a61821,4.1614894e-07,1
d071271e104f,2.837349e-07,1
e10157f4ed1e,3.4527503e-07,1
5094862a3294,2.0996528e-07,1
2d97576d730f,1.8970826e-07,1
3ea21ea24e4f,1.7101496e-07,1
581ae65e7ec3,1.4815608e-07,1
b6338c1bfe59,3.391514e-07,1
9e0e55bf58f6,2.252107e-07,1
3b5d7d8506a8,1.6733097e-07,1
9bc5b0bbf213,1.270548e-07,1
b367b2b40179,1.1104531e-06,1
d0929a8af367,1.2476868e-06,1
6afa5d45eac3,1.0172733e-06,1
5473abf9fbd5,6.4512074e-07,1
9824e956ba22,6.513335e-07,1
de9b3ad7eac9,3.4692204e-07,1
ff105938c175,4.6954398e-07,1
49d653e6b4d8,5.635105e-07,1
4f7c0c723997,5.2675404e-07,1
0afaeb0e0db2,1.3923633e-05,1
f3c04bb40b28,1.3734727e-05,1
768bb76c1b7d,1.2628057e-05,1
d81e33278d8e,1.2763129e-05,1
0292f098b64e,1.3505296e-05,1
04ec45a94685,8.1439666e-08,1
bda1d604832b,5.0142245e-07,1
aec973dd1669,4.05043e-07,1
f1245fb658c5,3.3481632e-07,1
ebc373bed931,5.1315595e-07,1
a0529a2fa5fe,3.081706e-07,1
2140dee12472,4.4046797e-07,1
f2a9438a509b,4.3584149e-07,1
1343c85d5916,4.190741e-07,1
2d7c1855cc7a,3.3239508e-07,1
0f202010f6c9,2.1062395e-07,1
3b844e9bc349,2.0329851e-07,1
d9f26dea3a1e,3.150806e-07,1
39752d082c78,3.8263914e-07,1
c874d6b400c8,4.642939e-07,1
119301e6dc2e,5.405846e-07,1
cfc076dfad1c,5.4432314e-07,1
03d0cf5a44e6,3.6539475e-07,1
83747cb8ef3c,2.8210962e-07,1
117e70947774,1.7927884e-07,1
427768916ac2,2.840311e-07,1
286575bf2a2f,2.6652543e-07,1
13294b789fcd,6.534562e-07,1
ff3804b244f9,3.2724284e-07,1
a20f1324f3cb,4.5978496e-07,1
74fb6231ec9b,2.6431346e-07,1
5be3211aac68,2.485619e-07,1
e0828e8c598f,3.5559157e-07,1
a202a1ec1263,2.4682225e-07,1
7ce5db9b6599,3.3606557e-07,1
4cac2591f486,4.9532366e-07,1
195442bb0b99,4.3296197e-07,1
e2eb4423c042,4.6011593e-07,1
a289d8480257,5.254366e-07,1
24c2cda521f9,2.3080352e-07,1
c9d68358353d,1.1798187e-06,1
4e8e5571c088,1.1812009e-06,1
5262924a9da0,9.4926924e-07,1
e4ce3e3a36ab,8.341805e-07,1
9abcf2f53972,6.358288e-07,1
3b52edac0244,2.2951198e-07,1
1b162b8c7c6a,3.2954927e-07,1
976aa6f08acc,2.6939725e-07,1
7abfa08ad80b,2.015528e-07,1
01925218d04d,1.6396449e-07,1
2b4b8a18b06b,3.3774387e-07,1
9b2244629466,8.83369e-08,1
fc1c368d9380,2.4094842e-07,1
60d2673c4a3f,4.435766e-07,1
79e41625298c,3.0954666e-07,1
b9659f4cd712,3.1878727e-07,1
847e62b18414,3.5952817e-07,1
0534f7e60205,3.0308388e-07,1
b11c9b0b3811,3.390649e-07,1
f4367760b72c,3.6589879e-07,1
9b62b3dd918a,1.3716243e-07,1
52e29b9ed60b,1.879525e-07,1
60a847fc2eb6,1.2267132e-07,1
51bae5fef388,2.4016737e-07,1
76bff81c63ab,4.1480544e-07,1
25596b72ad3d,2.9901383e-07,1
21af7aa6680a,2.8170777e-07,1
1e6a33148073,5.0213106e-07,1
d5ad0b60bbaa,4.1739767e-07,1
4a63a7f0bf22,4.4686053e-07,1
91e448a6a707,2.6323568e-07,1
771d38bd92cb,1.073173e-07,1
ed7c90d82caa,1.2685548e-07,1
866e9c88a9b0,1.9961033e-07,1
530c20474d6e,4.4884985e-07,1
104c50b4bc7b,4.476793e-07,1
7cac29eb5522,3.2070125e-07,1
0e21bd44c25d,2.0294294e-07,1
56ff65b54ef8,5.27889e-07,1
0aefa828b765,4.4450945e-07,1
777175297b52,4.363049e-07,1
e27e54c85cdb,4.811242e-07,1
b3562be0d844,5.148039e-07,1
dc487417374d,1.9476788e-07,1
2f77229ee756,4.3575645e-07,1
3338c1d087bf,3.254216e-07,1
1bbbe9beaec5,4.6228192e-07,1
22b83c104134,4.4919165e-07,1
ef3841346b5a,5.958533e-07,1
fd7b3d28cb12,4.28486e-07,1
2d5cbeb998f6,6.7994563e-07,1
f0db07e4a6f0,8.174508e-07,1
712f851f1619,6.1597336e-07,1
9bc1bfef5502,6.918837e-07,1
f7c40b8343c2,7.346212e-07,1
244ee54ebc6d,4.85635e-07,1
090c7f106c7a,5.964747e-07,1
ce77fce6db54,2.8325292e-07,1
30b550b1edc2,2.669582e-07,1
df5d416dba84,6.6172856e-06,1
282326a443ec,4.6317687e-06,1
d8be2364c64e,5.44304e-06,1
20e36d287daa,1.7597641e-06,1
b4f92cc82661,1.5959628e-06,1
5cf6b2d3c478,1.2738856e-06,1
1f4e04c4f49f,1.0208971e-06,1
349cce8e0f72,6.48038e-07,1
4bd7cb4ac4e5,6.147942e-07,1
3a682f34e1be,7.14704e-07,1
23b80ae6575e,1.0551989e-06,1
3dab5deb48a3,6.472085e-07,1
f61ef5036d62,9.4709515e-07,1
1a75d964c6a5,1.1583251e-06,1
a6be9be4a9c2,2.1578057e-06,1
8f5781e6fad8,1.9294798e-06,1
c998fe4e4589,1.6170047e-06,1
d0906974771a,9.1670404e-07,1
11b5c14fa916,7.2762117e-07,1
fef2af4baa48,9.073143e-07,1
5702af9f7fb4,9.770956e-07,1
5010e0a9e2d5,8.1107277e-07,1
43a38dbe87a4,9.4947643e-07,1
0d07263670aa,7.411186e-07,1
e2cb6513a686,8.9828285e-07,1
8d15411fa27d,8.5994407e-07,1
3dcef15a2e41,8.7077524e-07,1
c9f81d73fdc8,7.798468e-07,1
58469c25cd86,5.165121e-07,1
f6a25bfbf127,8.368764e-07,1
cdf5f7d84cc4,5.5796795e-07,1
c1ddf0784060,7.743835e-07,1
4a2f2308698c,8.2823686e-07,1
350347ef3ab0,9.66947e-07,1
678fb2bbcb4b,8.9187785e-07,1
2a128565c634,1.4400376e-06,1
02a3964e7fdb,1.2824614e-06,1
1f199240ef18,1.2405952e-06,1
2d6c3c63b247,1.1304926e-06,1
4a57a5f396ae,1.1264763e-06,1
0aa33e17a66a,9.741184e-07,1
6e49ce353298,1.0472291e-06,1
594d1f73db63,9.310533e-07,1
3401d3a0d17e,5.0789384e-07,1
07cc2ee2b533,5.6354713e-07,1
33f7040f3977,6.165891e-07,1
6e1478d6e658,5.6912523e-07,1
6f2c8a3feefb,5.8833047e-07,1
eb67bd00ca0e,7.1832255e-07,1
2fc314c3eb79,3.0613285e-07,1
dca0b3580b3d,8.5589045e-07,1
44e6ae7993c7,7.9831165e-07,1
3805885e519d,5.803387e-07,1
7805066063aa,8.2529067e-07,1
9b8890c83764,7.252035e-07,1
fb5876e7cdbe,7.358073e-07,1
9db060710ea6,1.1620767e-06,1
579f21ec91eb,1.0367046e-06,1
e0bd84330440,9.71438e-07,1
b3a9abc2b285,9.5209975e-07,1
7d156486ce9c,9.897145e-07,1
36d441e1e470,7.9894414e-07,1
a63041c47916,5.807235e-07,1
aef83b4b6e1d,6.028998e-07,1
594b4d224688,5.3066657e-07,1
eae7e37eb4d1,4.3972088e-07,1
bdf3c4c5d854,5.9013877e-07,1
14eeec52bad8,6.2677367e-07,1
0e2e7d358332,7.687561e-07,1
43b8733d47aa,8.5887547e-07,1
aa70699c1c9d,6.7490566e-07,1
36de01e61e84,7.385037e-07,1
6d29ae811c06,9.280497e-07,1
259acb107d9d,1.1671444e-06,1
b53652e3dbdb,1.0419127e-06,1
2d2a6b66f5d6,9.2336956e-07,1
12703a6fa7c5,8.7142104e-07,1
12102fa65b6a,4.6702513e-07,1
00f8996a1c69,7.573415e-07,1
0081109820aa,1.0835786e-06,1
8ee851966e50,8.7269353e-07,1
04f3496da8e9,1.0750828e-06,1
a06575fcd73b,1.1060357e-06,1
a3a470cacf28,1.0755621e-06,1
8743ec0ca3f3,1.0269256e-06,1
313282a791cf,1.2060199e-06,1
26335702e72c,1.2688414e-06,1
8556d1a7ca86,1.1677521e-06,1
671f763b6215,6.047327e-07,1
eea311000765,6.677601e-07,1
827f889022a1,1.050825e-06,1
b326f8a311f2,1.121336e-06,1
f34b06c7ca71,9.892503e-07,1
88d274030fab,1.1040693e-06,1
5affb72691e5,7.9005497e-07,1
08a37ad830a1,9.449716e-07,1
c626b41df76b,8.6417367e-07,1
45c7de97c032,6.107511e-07,1
16a6f6a40995,4.2985786e-07,1
9be852d7efb1,2.9345415e-07,1
688bbb0437a8,3.087838e-07,1
a92e5801dce2,4.5206366e-07,1
90e864fff356,9.2541154e-07,1
0678d983b98f,1.0339604e-06,1
a61049fc4bcb,1.2640872e-06,1
e225743ba0e6,1.1421359e-06,1
18b2b8af806f,1.0572478e-06,1
0700df146e7e,1.0437345e-06,1
dc68cbc11cc9,8.678329e-07,1
a3a172421ae2,8.5879634e-07,1
69c690aa3a8e,6.9239684e-07,1
a81ec0b5711f,7.046429e-07,1
9376705acbef,6.6975525e-07,1
d77aca9da929,4.9316156e-07,1
cd3db61f77ef,5.0490854e-07,1
5240a316d27f,9.042425e-07,1
108841e0249a,1.0463399e-06,1
a07446661f51,8.2054993e-07,1
1c5d4e02a4b0,7.4292257e-07,1
eb72d386db75,9.4736833e-07,1
1f771e9e5c86,1.0307024e-06,1
f3c692ac7b31,1.0187491e-06,1
605d9e9ec7da,1.260788e-06,1
3dcf16912df5,1.1309698e-06,1
5507d4e3e2f0,7.402277e-07,1
cb948a062623,6.30096e-07,1
6b73940a8f14,1.0986072e-06,1
f7e7b47e7037,7.70762e-07,1
d2bd7764801a,7.00281e-07,1
507a449a9479,7.35175e-07,1
e1e2f4cad6fa,5.488944e-07,1
11feeb30c8f4,5.434226e-07,1
c067a8ac7540,4.1724982e-07,1
201400fb6a25,5.4496644e-07,1
829bfee32425,9.3272126e-07,1
f25eaebf8d59,9.272987e-07,1
f2797f9adab9,7.627241e-07,1
b54ead2ccac9,7.4968415e-07,1
36d701d53c01,6.6121294e-07,1
130e5ba7fdaf,9.2918316e-07,1
61cd1d0609bc,1.1527516e-06,1
ffd0e70acabb,1.2048744e-06,1
d173ad8b2d68,9.462157e-07,1
a3dd125f0609,1.0968995e-06,1
97b86b26737b,8.2819196e-07,1
738c058006ef,6.815687e-07,1
3829f5c917f7,9.1864194e-07,1
6ab93c7b692b,1.1379221e-06,1
71248a0f9752,5.479049e-07,1
55572a57ebd1,9.878559e-07,1
5207716a42c4,9.727491e-07,1
00ac24a63e84,1.1407908e-06,1
e10a7b902218,8.954533e-07,1
41e64d3b6ca0,8.0303033e-07,1
baf505378cf3,9.816554e-07,1
63ea5bd8b86f,1.005887e-06,1
90b8dcf88ba2,1.0117461e-06,1
2568f753faa7,9.713268e-07,1
5723372d17cb,8.048118e-07,1
c84ed3f85e33,8.4441393e-07,1
92f951aa4e3d,8.821537e-07,1
97a458746879,8.1544647e-07,1
ef88d03d2d73,8.068043e-07,1
eda93de44ff3,6.6787453e-07,1
1f9e0737f783,6.191626e-07,1
f84a6a903e58,7.413346e-07,1
48f42786c133,9.2902246e-07,1
aa48b01c912f,1.03028e-06,1
662bc4d9da0c,7.9992594e-07,1
66f1acf89738,7.703632e-07,1
5e4d2ddb9060,8.5941355e-07,1
9d09aca28e8c,9.5065263e-07,1
e60caec5b2f8,7.565758e-07,1
26704e960358,1.0190157e-06,1
3b1be9bbb096,7.140007e-07,1
31b18c7faf63,8.312511e-07,1
aa7d771bfb4f,1.0421685e-06,1
665954024b15,8.429304e-07,1
9d14aeea2795,7.4929756e-07,1
2feb250a95e6,9.3140636e-07,1
93467b646ebe,1.1073241e-06,1
7a7538a0884f,1.0813782e-06,1
5acebfefc5bd,9.0164946e-07,1
568d3b303ce7,8.3334504e-07,1
7fe856005b27,7.393206e-07,1
773fb58cce9d,9.463549e-07,1
729e1e9296dc,9.331396e-07,1
ffbab2cb41f9,1.135802e-06,1
0d98fa50c364,1.0790473e-06,1
7ba7ddaaaaf3,8.7658407e-07,1
80bb9e27ea4c,9.4585835e-07,1
7708b80a006f,1.1018803e-06,1
dee41993d27e,9.385416e-07,1
ac709d3f05b2,8.959338e-07,1
4672ef32ff52,9.971691e-07,1
dd5e5abf2b60,8.0949445e-07,1
9c29e229cb13,9.242386e-07,1
dc1d0f6b3d94,1.206234e-06,1
282af2d6b963,1.0859951e-06,1
fd6cf3457760,1.5187168e-06,1
58d63ef2945f,1.2914462e-06,1
d463546d1c17,1.0185156e-06,1
943d2521bb50,9.766467e-07,1
3e58e4ad01ed,6.4747655e-07,1
dafdddca1b83,5.962418e-07,1
2b8a53a06ad6,8.9394496e-07,1
8176ad382d08,9.2465723e-07,1
6fc9a9058a53,9.2854026e-07,1
54e5755b96e1,7.406815e-07,1
8a951b59e973,7.804139e-07,1
98ebe2bf6260,5.354277e-07,1
f09f89cfcc3e,7.2315356e-07,1
d5dc18b30e49,6.649322e-07,1
8425d87d3643,6.6466674e-07,1
d81cbe7d5a5e,8.3342917e-07,1
7b94b4f15707,6.462494e-07,1
c7a499d693a3,4.6517053e-07,1
a66c85a8118f,5.319431e-07,1
e2612d6a707c,5.3867996e-07,1
c2eb16d0c19b,4.878229e-07,1
6fd1ade20314,7.223832e-07,1
4de0047e2993,6.901557e-07,1
2d9c036b5d4d,8.2164297e-07,1
ed1027d37bc8,1.0632189e-06,1
d41e3e16f606,6.294186e-07,1
c097032ff835,9.347398e-07,1
204888c26d82,1.2064677e-06,1
ce6a7aa98d96,1.3099092e-06,1
488844fcf304,1.277369e-06,1
096f120b51c1,1.0857449e-06,1
62dacd15ba82,1.0050836e-06,1
4894025c699a,1.1810814e-06,1
4f467abd720b,9.98575e-07,1
b23e3072b43f,1.1599182e-06,1
332d33787920,1.121684e-06,1
1a2e1a02203e,8.903137e-07,1
d49d577c8a38,9.585143e-07,1
476c31985f57,9.1323795e-07,1
2a4a23a7df78,1.0258103e-06,1
27f034d3c281,8.7147885e-07,1
eb4fcdb7463b,8.4212115e-07,1
3265820c678a,8.07229e-07,1
ab5978c4147b,7.669986e-07,1
c3c7c0d55664,5.063331e-07,1
636b3e3ac90a,3.7182053e-07,1
764dc79e8ded,9.767849e-07,1
5b2f1d94705a,1.422831e-06,1
e52c43743f6f,1.5034377e-06,1
24e6f6ac188c,1.5574083e-06,1
c67ec99b7333,1.6905101e-06,1
4bc4adaaca74,1.3149655e-06,1
95e0005556e3,1.0747959e-06,1
f53bcf9db17b,1.0352322e-06,1
18f759b9dd06,9.973787e-07,1
ca7ef2eab670,7.992319e-07,1
25e7a9c09347,5.164341e-07,1
12938a9df6ed,7.739125e-07,1
cd2fee6bdbfb,8.209939e-07,1
20a6aba4b902,9.67525e-07,1
37bbfdfd02a7,8.016972e-07,1
89573db0623c,4.934087e-07,1
05678fbdddc8,5.425769e-07,1
7961b0442562,7.0331765e-07,1
0707b32e47fb,7.107386e-07,1
8a56ef154f75,1.0271528e-06,1
b69e487a6dfa,1.2202755e-06,1
a61a7eb45b3e,1.2872207e-06,1
9d500b2052ab,1.2555994e-06,1
16b5872f7cb3,1.4494606e-06,1
c1f7b69f55a2,7.035801e-07,1
e687b2fb2be2,6.5467987e-07,1
82daec9af3ae,2.01636e-07,1
8933ab10d9ed,2.463053e-07,1
282badd71868,7.471178e-07,1
839241649dc2,8.7837196e-07,1
e1593c146207,8.061519e-07,1
6843df23cee3,1.2877233e-06,1
4780ea23728c,9.989734e-07,1
6132d2dfef70,7.145822e-07,1
d0dba675b9ef,9.95014e-07,1
28453d76f3e6,5.269356e-07,1
bcc93d909082,4.3252112e-07,1
cec6806ab113,6.3592404e-07,1
7cd0da6208ef,9.861521e-07,1
bddf36620e05,8.7854914e-07,1
c110d19bcba4,9.92884e-07,1
27e1daddc73a,1.0688047e-06,1
d174d1f655a4,1.3738003e-06,1
628c5c72c4ad,1.317426e-06,1
2ce6cb561109,1.3066704e-06,1
26e24e2b076b,1.3852679e-06,1
f43c8c95a327,1.2839299e-06,1
55a43a18ec25,6.72579e-07,1
493c46ddac65,4.7865785e-07,1
e0ccaf67ba93,4.6356453e-07,1
c41fe38c787b,5.8504116e-07,1
a085a703526b,7.396984e-07,1
609461aeef4a,8.0758696e-07,1
e9f32635d4d1,5.5109905e-07,1
9b294ae9424f,1.2611767e-06,1
ef03b684ee17,1.0057997e-06,1
753aaec386af,1.0148067e-06,1
d96a194ea37b,1.1065741e-06,1
16eac1303e14,8.771736e-07,1
ae59ac19e6fd,5.186826e-07,1
24b09bb82d24,5.4124575e-07,1
e959627e1074,9.75676e-07,1
3e6eb995db13,8.350987e-07,1
432bc65c0b24,1.4413677e-06,1
23f23d529b4b,1.8396318e-06,1
24aaa2fdeff9,2.1753601e-06,1
a3c632c936dd,1.7749849e-06,1
64dd9c62015b,1.1112445e-06,1
a9da8140f2c7,1.1508587e-06,1
7e2565605914,1.2955821e-06,1
da4c43452f7a,1.3045735e-06,1
5415607448c7,1.237073e-06,1
498c2ca7aedc,1.7204264e-06,1
e80754346a23,1.2582756e-06,1
979f86a0195d,1.0600376e-06,1
cac39d44f6db,1.1174077e-06,1
e9dc9a2f2e30,8.72239e-07,1
c53528807a1a,1.2286508e-06,1
20f662f20c1a,1.0712263e-06,1
1046ce451067,7.2219154e-07,1
6f5486a098f4,7.941649e-07,1
c06ae3c35e89,1.1669792e-06,1
58d6d9600051,6.8002043e-07,1
94bfb5baffc6,1.0268218e-06,1
1fc8289bf55c,1.1443835e-06,1
dad7fe015911,1.4123557e-06,1
be521d59a822,1.1259134e-06,1
087f15449eb8,8.214243e-07,1
af8ca4896f26,8.609988e-07,1
5cd2136110b6,1.1065171e-06,1
40b5d4e03d77,9.81631e-07,1
0fb2e8a59d41,1.4451471e-06,1
05f8b4ab615e,1.4058676e-06,1
03a9625994fb,1.0265347e-06,1
a0f03a195aeb,7.2723117e-07,1
d5e707fdd11f,7.0019223e-07,1
8db61e3e03c2,6.68062e-07,1
f773a1f9b7c2,4.943261e-07,1
e3e0f3ad087a,6.2661496e-07,1
fef004b3bc1d,6.716462e-07,1
bbb3da9f283a,1.0103582e-06,1
10b7cb665c17,7.469942e-07,1
3b90b72fe881,9.0968916e-07,1
7af3909fb902,7.432908e-07,1
3f6bc83f4823,7.1089255e-07,1
ecfd0c02804b,8.804957e-07,1
67e1eb636b4d,7.728075e-07,1
f0f4852f1dc0,7.2077717e-07,1
d5c00ec3cb0c,1.2016619e-06,1
550175f5a934,1.3406452e-06,1
a37242083a5b,9.802503e-07,1
4592aee876bd,1.2275375e-06,1
8b1c75752550,9.077404e-07,1
f10c04c49241,1.2231181e-06,1
8f6d688e0b72,1.4571021e-06,1
45b714ccb54f,9.988624e-07,1
550b0c577c85,6.6303505e-07,1
fedd6ad51634,5.41615e-07,1
d7282114c4eb,5.344836e-07,1
adfd4fb6a66a,5.5844095e-07,1
24e44ae4df98,6.4114187e-07,1
61454e96a1db,9.762106e-07,1
9103fa5c95b8,6.8076764e-07,1
5032f9d74e2d,7.5161313e-07,1
08816a0b7243,7.6953256e-07,1
8a8223dc3d71,5.814967e-07,1
6c62b56f3874,2.4408067e-07,1
b38613b29b98,3.768845e-07,1
539f5d4d06f6,6.9961277e-07,1
d287b8e61188,7.387767e-07,1
422252f3b283,8.1952953e-07,1
9b859ed51859,8.787605e-07,1
b7f08e1bcfea,1.0678847e-06,1
ba992e909afa,6.284412e-07,1
211755d021fb,7.1320017e-07,1
c91e1286ed26,5.9161e-07,1
e2fc4b8a8c73,5.1966174e-07,1
f485c8d53dc9,4.775239e-07,1
13650a2c4503,7.073043e-07,1
d9924db3c6db,7.066488e-07,1
8a2dff6e283f,6.693975e-07,1
479b999792f0,7.2387485e-07,1
2d003497b237,5.7963166e-07,1
4b25d18baff8,8.7163244e-07,1
d666f394a8f6,1.2804821e-06,1
2731442e7df6,1.151405e-06,1
639b2ddd5294,1.0211937e-06,1
a7aad8e62082,1.2456588e-06,1
e79a78e45616,1.1974396e-06,1
6e39f7079440,1.0810093e-06,1
e3d0ec683b96,1.0932933e-06,1
cf3301efd7cb,1.0291047e-06,1
639bc11d3c2c,7.349655e-07,1
945e5d6693c3,6.224407e-07,1
2bc273acfddf,1.1121734e-06,1
f896428ee78f,8.556183e-07,1
c87e0c826f6f,1.2889619e-06,1
04c5d2d2956d,1.2544933e-06,1
cac99dcb930c,8.1194764e-07,1
9a52ff7cfc03,6.901946e-07,1
e8221574afe1,5.6128005e-07,1
722d4326a94c,6.943412e-07,1
f8bd6648378c,9.876962e-07,1
c630316d3c82,9.3640506e-07,1
3f8146611c39,8.5897824e-07,1
16390b3f1394,1.1767958e-06,1
7e12cd36ef32,1.1511394e-06,1
b554395ac107,9.091749e-07,1
21a511febfa9,1.2797343e-06,1
3102e81e7915,7.649744e-07,1
a8948a1e27fa,1.1720289e-06,1
8bfbdcb03e88,1.4151666e-06,1
e32358a75e91,1.1140901e-06,1
7c3a208f4612,1.1666416e-06,1
5fb584f3a93f,1.0330128e-06,1
37746117ef75,5.7578814e-07,1
f34c85049ef0,6.568984e-07,1
3de6d34fc933,7.6858356e-07,1
7bb7e981d2d5,6.410278e-07,1
728786ee5184,6.672816e-07,1
b835a594b154,8.383293e-07,1
7c56099da45a,1.1210296e-06,1
0c6d9a8c4431,1.0240076e-06,1
90f1189bfa24,1.2687661e-06,1
9da83d271e48,9.744922e-07,1
b5a0aae40c9b,7.359302e-07,1
2aa819f3d76f,8.199358e-07,1
173837de50cc,1.0317925e-06,1
5e0e5616abfa,1.1586235e-06,1
51eda7d147c0,1.1945792e-06,1
4c37fb0ee9c7,7.4845855e-07,1
d531d2d219be,8.955776e-07,1
baf173950e7f,7.29035e-07,1
cfaf28719d89,5.461858e-07,1
2d597583b95f,5.183669e-07,1
8bc14f0fca25,6.520775e-07,1
f0d87f58b33a,7.696736e-07,1
08e09ff0ed87,7.1779556e-07,1
4a400c33f509,7.4011945e-07,1
64a637abd05d,9.252842e-07,1
d5bc1e5be207,7.572367e-07,1
401c95125289,3.7004588e-07,1
25d82eb50d1d,3.2798442e-07,1
444c8a6f5cc6,3.0866556e-07,1
01c791b2e735,8.8839437e-07,1
8badd8697be9,1.2554056e-06,1
28709d9f16bb,1.4265936e-06,1
f948670bd2ba,1.1197084e-06,1
5baf886ef7b0,7.74514e-07,1
5411ff026a39,7.396686e-07,1
15147712e570,6.2836335e-07,1
c541b6940017,1.7847505e-07,1
a627e20f12ec,4.9628505e-07,1
d6f96871e46c,6.6088893e-07,1
6a4f64484baf,9.414199e-07,1
1b7641ebc2f6,8.67515e-07,1
0a51d880b31d,7.943621e-07,1
6e544442e83a,7.333863e-07,1
498771cad1b0,3.4100796e-07,1
5b838e19ae02,5.3732646e-07,1
915228cda3b7,4.4024515e-07,1
11c4e71ab163,5.1382744e-07,1
3cfc20dd1614,4.288441e-07,1
d2319105a643,3.8589891e-07,1
03de9324ddfc,5.860746e-07,1
197c804e0548,5.982413e-07,1
492f8bded1c0,6.201262e-07,1
e27bac405d2a,8.2344644e-07,1
aecb6531840c,1.2878933e-06,1
cd38cfc71977,9.0470513e-07,1
9afdb28bef3d,1.2722295e-06,1
2c87966d421d,1.0941939e-06,1
c06bc11b6376,1.1993748e-06,1
e596cccd7e4d,7.808338e-07,1
a354903e63ea,1.0310501e-06,1
c9f0d10700af,8.7702585e-07,1
4500b6a3af23,8.111825e-07,1
176f6d9c2ea7,6.208368e-07,1
137b73e39e9d,5.87026e-07,1
7d8d19e50bb3,4.2055302e-07,1
8f07aae7b34c,8.0356136e-07,1
75783671cad5,1.1999026e-06,1
3cf49258ab48,1.3202791e-06,1
27a2e66d139e,1.3644068e-06,1
f2d8d3f082f3,1.1469409e-06,1
2aaaf6b58b30,7.151079e-07,1
b8ad8f520829,5.3028725e-07,1
b9b1c0f4eba0,5.6371533e-07,1
d983f6e4c079,5.7212435e-07,1
1126c0aae235,7.682237e-07,1
275f45b813fa,1.298942e-06,1
e8fc3807e889,1.2614267e-06,1
492326a99285,1.4412083e-06,1
7ef8dd58a7bb,1.2017673e-06,1
53994b066abd,0.001352415,1
6217f4c5d6b2,0.0013535916,1
be5e10763cf4,0.0013519293,1
881b40d1f6f5,0.0013500687,1
76c5c17db3d8,0.0013415596,1
f2e0cbde35da,7.3739295e-07,1
7fc73e2ca082,6.5330806e-07,1
53e9fb2664dc,9.4985523e-07,1
409bc9d7ab4f,8.7915987e-07,1
d2fbe027d9ff,1.0012892e-06,1
2b2d8a7e0df1,7.1883954e-07,1
2550066aeac6,7.7391155e-07,1
6b86b7d06eda,5.5543074e-07,1
625d264b4f1d,4.8327564e-07,1
75e8a84cc6c5,4.6946158e-07,1
76ff3fcdc9f0,4.8612634e-07,1
bc33ae4fe3db,6.214586e-07,1
76baf3540b23,9.443705e-07,1
97e1b6077786,9.829772e-07,1
3fe44e1126f1,1.0159222e-06,1
78ef77ff729e,9.827808e-07,1
93285e985370,1.1076017e-06,1
5a530f22331e,7.8140556e-07,1
31a4cefd71b9,1.0777662e-06,1
567e8a248605,1.2669314e-05,1
69354d9347f1,9.47e-06,1
345f14550c7b,8.3468885e-06,1
7473be527260,8.110564e-06,1
9ea557dbcfa4,3.3659867e-06,1
397f2a356cc1,1.2079748e-06,1
283341c4b0b2,9.097085e-07,1
df8eabc832e6,5.665748e-07,1
9d9260ad61be,8.454174e-07,1
db21285a81a7,9.0646614e-07,1
216b66bff87f,1.0749452e-06,1
117cffb4f5df,1.0722866e-06,1
9c1909f40df2,9.98498e-07,1
72f80538b09d,5.888017e-07,1
0ef8b3a6a5e3,6.1789063e-07,1
4051ac2b0585,5.410003e-07,1
51d796e3fb15,5.1961666e-07,1
47ded258917d,4.890985e-07,1
9f5eabab7358,1.0266015e-06,1
1e1db905a533,9.840634e-07,1
147a92e7c701,1.0314747e-06,1
75d2033f9068,1.251094e-06,1
71d15cd8f759,1.3006876e-06,1
920ca36c2c7b,1.393298e-06,1
0f202ba84c87,9.1462397e-07,1
db08fb26626b,1.0282155e-06,1
cfc12a0879ec,8.229931e-07,1
d0503862c7a6,8.473779e-07,1
11fe8bc89236,5.619866e-07,1
510417df8d2a,1.018438e-06,1
6bdd792e59ad,9.640703e-07,1
0acd756fe0de,1.7673486e-06,1
a12c70c4cb40,1.6684577e-06,1
1a952ebb0f95,1.3498961e-06,1
a073d027a3ad,9.164893e-07,1
d387f7c4233a,4.5617955e-07,1
d0bab95964ed,5.422701e-07,1
8a01d0b29e85,5.539705e-07,1
d3db639f2516,6.799174e-07,1
95f21ce0d06d,7.518997e-07,1
3e8613a9b7ed,5.135838e-07,1
2f6ed2cd0b71,1.7810395e-05,1
fefc7fa2b63e,1.2756797e-05,1
d11a02ac48cb,8.722858e-06,1
0c915f465830,1.1774199e-05,1
bda86e75e7cf,4.1682792e-06,1
c617b17c81eb,1.7260338e-06,1
be37fa6ef0bc,1.8477468e-06,1
eba5a028163a,2.0691095e-06,1
872b9e850359,1.1631843e-06,1
2fce4e9a0f0d,9.68473e-07,1
05b2a1a8e52b,8.3103635e-07,1
026c134bb29d,1.2257093e-06,1
2a95593424a3,8.3158915e-07,1
f9c1c28b7709,7.8116614e-07,1
b70617f45bdd,6.3401893e-07,1
d7913c935398,6.882987e-07,1
b05cf4ae6076,8.717725e-06,1
25ac4785ca6f,1.3199263e-05,1
39ded43baa6e,1.1295278e-05,1
b59f060af93b,1.1357857e-05,1
80e5f8bcb5ec,1.0857638e-05,1
1e9929a25584,3.176647e-06,1
15ad53c4fb82,9.79594e-07,1
a842d9424033,1.0073192e-06,1
b0808c310538,7.9607105e-07,1
d300b9d7fd05,5.3490515e-07,1
048dadba0335,8.520548e-07,1
2b318dcf175d,8.64708e-07,1
95f960552f5e,1.1592692e-06,1
5cc8329faa57,9.111365e-07,1
88a9f7cd69b2,8.1117804e-07,1
c546bb6d883d,1.0630982e-06,1
a94e001e6040,4.3611766e-07,1
7cdc49e9593d,1.194745e-06,1
19a7f63a6eaa,1.2670351e-06,1
1fbeb1fc8ea8,7.5305184e-07,1
14467734e06d,6.338298e-07,1
6d4927a92f79,5.956239e-07,1
11111e488338,4.2324743e-07,1
1e9096b5df18,4.679572e-07,1
70b1ee8d7373,5.523904e-07,1
8c924bc8d372,7.988237e-07,1
91d5ebae70f4,1.3991042e-06,1
f9b339823fe5,1.7358636e-06,1
b2ca7a45a5e2,1.5259375e-06,1
a943be8d7fb4,1.7594415e-06,1
132435a43e31,1.229825e-06,1
930f7b9652cb,7.948681e-07,1
56edb33ee15b,1.0718197e-06,1
1e4e7c8315f2,7.2086897e-07,1
45931af49d74,6.0143e-07,1
20127a0268a1,5.474752e-07,1
f96865662082,4.978231e-07,1
421a611b212e,4.2775417e-07,1
1a1af557f4ab,3.6121273e-07,1
cfee8ea9dd40,9.5230615e-07,1
7758a98c29b3,1.0535489e-06,1
baac89b3db24,1.1927377e-06,1
a8936b0f2bf6,5.7936893e-07,1
ac494fcb5d6e,3.9335825e-07,1
465ab8ce95f4,2.639335e-07,1
dd844e48517a,4.0943297e-07,1
50c5736c62d6,7.1888536e-07,1
56c084948b23,8.6160753e-07,1
14d72462ec7c,7.076882e-07,1
0ab442ab104d,7.0522884e-07,1
92525aef0a27,8.928022e-07,1
c2975da98180,6.6125864e-07,1
8daff4c3a733,9.082785e-07,1
0cead5bcb4f6,7.628885e-07,1
0594f9e11e85,1.0192983e-06,1
edfacedde88d,1.2762199e-06,1
530b541f2242,8.5242516e-07,1
fef6fcbe44dd,7.2503155e-07,1
ab2eef637d02,8.634154e-07,1
77f649b2d2f9,7.836976e-07,1
3cf29c78f32c,5.364654e-07,1
e9179937e331,6.8420576e-07,1
8c925ed851b2,8.5653164e-07,1
4b47d9581dd9,8.941689e-07,1
37f1a1cf9769,9.4743694e-07,1
f15bb3afb125,1.1687982e-06,1
8bcdec1eda9f,1.1681641e-06,1
184ceea6abd5,1.0556548e-06,1
9945e3c42b27,9.335559e-07,1
f979552dff80,8.925593e-07,1
4395e9bcf36d,1.0981323e-06,1
692d428af839,8.194151e-07,1
ba2390763843,9.2378366e-07,1
8bfd47d26d12,1.0107641e-06,1
bc0f2e155739,5.1074966e-07,1
83abd6971b4d,4.2582116e-07,1
af4265a79e13,3.6940233e-07,1
768d9e9fb1ac,8.00542e-07,1
39a6e0309726,5.897594e-07,1
1fa0fbaadd81,7.443394e-07,1
771e9b3bd2cd,6.757586e-07,1
30a37598254d,9.428245e-07,1
fd3de19702cd,1.0179666e-06,1
ee50b04c8e44,1.5473453e-06,1
7d1a0dfebc5e,1.3527388e-06,1
cd92ebbcc3ae,1.4425839e-06,1
2aacba9b39e5,1.0489349e-06,1
385d9375d944,1.36195e-06,1
45aab785901b,1.2829877e-06,1
b6ccffd1a318,1.1791425e-06,1
d206bde6f98d,1.1557266e-06,1
96803c34102e,8.449224e-07,1
44cff19e6b38,8.2997485e-07,1
097560f5a866,7.702076e-07,1
a83c1824943f,8.6326565e-07,1
10dd1e829e92,5.7998636e-07,1
75645e4337be,7.865131e-07,1
877fc0590999,6.8793656e-07,1
7c5f691a5763,6.3942747e-07,1
b7704fe0b147,7.1299e-07,1
2916579f6c9a,8.1980465e-07,1
ec8663637eeb,7.457653e-07,1
f9bd6eb807f2,1.0292539e-06,1
c2565f204fcf,1.0586916e-06,1
85b99afacb6e,1.0197806e-06,1
407a7a6d361d,1.052149e-06,1
744b9e7fed4b,8.202272e-07,1
f3a8f3c17341,7.925676e-07,1
7fde2c06390e,8.2472724e-07,1
8b80f3e2d801,4.5304938e-07,1
3830142706aa,7.023165e-07,1
84914591a741,6.097565e-06,1
3b433d427ee6,1.0768897e-05,1
f5adfcbe39c0,9.699694e-06,1
5ddf9edbdb53,7.572304e-06,1
12942501d8c0,4.5013044e-06,1
97e441c3d6ff,7.271583e-06,1
aa7483409757,3.19764e-06,1
079be3a45fe3,2.0624059e-06,1
aedfe809723b,1.1007703e-06,1
a45cb2f89024,1.0884166e-06,1
e17263a88473,8.4794885e-07,1
001f7eaba20b,6.550894e-07,1
d0c6a933e598,1.4289215e-06,1
8d37cb4ddcd5,1.5861021e-06,1
f2af25133115,1.4442562e-06,1
bd4d3669c30e,1.1753141e-06,1
f8c5cd59a00e,5.403132e-07,1
ffe8255fc17b,3.973374e-07,1
500eeada8c4f,3.0551973e-07,1
09e210a6e7b6,1.1800554e-07,1
8ab3756210c1,6.54803e-07,1
5fe780ff6d83,5.1886366e-07,1
61e8e464c2c8,5.2545084e-07,1
64d1266ac67d,6.1438266e-07,1
1bfa9abcb600,6.594798e-07,1
b7fb054222b5,5.5159416e-07,1
0cd12dcab1b4,7.794306e-07,1
e29eb1a67d03,8.6724054e-07,1
bab7ea38bc16,7.718956e-07,1
9951657f685d,9.803281e-07,1
ed731195d2b6,9.660583e-07,1
d7d18e86ee99,5.9961974e-07,1
1a28b5f23725,5.75171e-07,1
1a36d26b41c4,6.795501e-07,1
b0794406c880,3.4987136e-07,1
ca58d68f3e14,8.0330574e-07,1
e1a26ede47e3,6.4485516e-07,1
d130f7de3ae4,8.7000956e-07,1
5edb36783190,9.197516e-07,1
18d573cba88f,1.0288612e-06,1
a10f345cd657,7.6010076e-07,1
5bf4eb943c13,5.332823e-07,1
6218e9588c44,5.8956664e-07,1
3cc66948fe73,5.3470535e-07,1
d279eb64473e,6.456853e-07,1
4c4db671000c,6.275864e-07,1
07725789355c,6.061609e-07,1
a35086163e0a,4.9028847e-07,1
72f257aa1b8a,5.8626165e-07,1
ee5e64868b28,4.5612956e-07,1
de50cef67433,8.473554e-07,1
da7b12258667,4.878558e-07,1
077040d811fa,6.580189e-07,1
fe93e990e4c4,6.008066e-07,1
ffe290ba9a62,5.6223706e-07,1
760f029438a6,6.4987154e-07,1
ffdd8b0777ea,6.0151103e-07,1
3a0343c59b83,2.1912294e-07,1
912f97e269d3,3.681257e-07,1
1647a7a460d6,4.9411227e-07,1
b21ef8170e45,3.8153573e-07,1
4fcfd4735a39,6.013167e-07,1
554edf02a0df,6.503793e-07,1
efa15645b87d,8.223445e-07,1
bb11fe153a38,7.504053e-07,1
493972f745a7,7.529222e-07,1
5510b98a35d2,5.6566824e-07,1
7e27165a7f73,6.850877e-07,1
818e949344d5,5.2838357e-07,1
76cbf28563b3,4.821011e-07,1
0c98ebdb38bf,6.1558904e-07,1
f79792011b22,4.4198535e-07,1
c9e6eb1b9d5f,5.927012e-07,1
887aada633fe,1.3042383e-06,1
72fa2fd097e9,1.2895625e-06,1
8e0982d9042f,1.3466808e-06,1
d6695dc97d1f,1.1468369e-06,1
0836c41241b5,1.2745746e-06,1
c0bf7682ffb9,1.2904111e-06,1
b6228ef63e80,1.339506e-06,1
15ff185792bd,1.0274471e-06,1
af54f96c2231,4.1692923e-07,1
985b2a930693,2.4011683e-07,1
3ff3153fb199,5.6703095e-07,1
c5c6a27970bc,7.205805e-07,1
ebe86dce8262,5.6004615e-07,1
2f7d98192c39,7.9900013e-07,1
0cebfbd51127,6.920865e-07,1
7c26ccf35d71,8.230427e-07,1
5162b42aba6d,5.905768e-07,1
8b10b26a5b40,4.47569e-07,1
c4344e658eab,5.379038e-07,1
219db952e47c,4.6428283e-07,1
62b251d16476,5.944661e-07,1
dc8f262a3527,9.399573e-07,1
0002a7604bda,8.9674893e-07,1
1ffe214f0752,1.0441134e-06,1
375dadd41d9c,1.1943046e-06,1
0ce81bc86e00,1.2618665e-06,1
e7665bc3a799,1.048372e-06,1
675f02c83b13,1.0452875e-06,1
a6ccfc27e2f5,6.312548e-07,1
def4fea58ede,9.0326137e-07,1
21f972f751c1,8.2325266e-07,1
90d6bfd06c1d,2.3383384e-07,1
97f88af40724,4.3179838e-07,1
3cbc6217bc48,7.3660584e-07,1
55955d10f489,8.045622e-07,1
588b6c48a5c5,9.2964774e-07,1
4d8745a1c8d8,9.344783e-07,1
e7a8b4ae556b,7.2744797e-07,1
1791eb7b2543,7.4882735e-07,1
397ebd6c6b52,9.4010034e-07,1
800d1040392f,1.091408e-06,1
db8f89e8c265,9.885118e-07,1
2dab585718f4,6.9589106e-07,1
f817af2d17a0,9.0725393e-07,1
410f92f15ac7,5.1354783e-07,1
3d61f06b8518,7.1808375e-07,1
f7ad7270cc6d,7.7765225e-07,1
5294783e7035,5.532894e-07,1
a5092246ce9c,5.835403e-07,1
fa5b45305497,5.492701e-07,1
fdf6ddff8135,3.9472616e-07,1
a075e9f394be,5.2867136e-07,1
271ba2fc85c3,6.398467e-07,1
35e152db62df,1.1156076e-06,1
9fd6d0abd407,1.3637651e-06,1
f8ed3119683a,1.3281652e-06,1
68336e235821,1.303802e-06,1
17005fb01ff5,1.0752707e-06,1
784a029b4331,6.729296e-07,1
5679cf391200,4.51412e-07,1
e05127cbf5d7,3.1327926e-07,1
a008b012dde2,3.9366228e-07,1
505d12b540ce,7.779303e-07,1
537a2665e745,8.574217e-07,1
051f81641b61,9.210902e-07,1
9169d8b4b714,6.400038e-07,1
5eff6ecb7ca3,1.8567255e-07,1
dc5710cc319c,5.7563295e-07,1
0e34c0053050,7.556208e-07,1
90f1e79bdf36,8.4649105e-07,1
3bc17c4c6f58,7.112408e-07,1
0c93e9d85ed8,3.666514e-07,1
13c62490b80f,6.0747254e-07,1
7e9984860230,4.1537734e-07,1
318d9b42877a,3.431239e-07,1
5050af549e53,4.4817185e-07,1
ab237d3d8f12,4.4362048e-07,1
5f77db071600,6.2002835e-07,1
c01e9bf456af,6.924892e-07,1
9dd8f85824fe,8.693456e-07,1
5809eb340371,8.230948e-07,1
1ba663bc9512,8.472256e-07,1
aa2526e4a3fb,6.4296347e-07,1
14cce0d3f0de,5.178038e-07,1
9b10544c5e83,4.836469e-07,1
b0460a6bca55,9.982771e-07,1
864b5d9bffde,1.1475439e-06,1
1493819cfc34,7.7646985e-07,1
9bbbc8638f3f,8.593042e-07,1
65956ef4a42b,4.607888e-07,1
15541ea2b00e,4.9796523e-07,1
9da4d1f05dfa,7.4569135e-07,1
7f4bae5348e0,7.5982894e-07,1
c1c41d13df5d,6.422862e-07,1
0baccae4d146,6.455385e-07,1
f14f6eec00f5,3.9210278e-07,1
b79024c78d6c,3.1176478e-07,1
bbce974813ff,2.8672954e-07,1
95bf8cefc5dc,3.4935084e-07,1
01978996c4ca,4.0254403e-07,1
192d8541eb9a,6.220083e-07,1
02b45f90f599,4.2303824e-07,1
2143bd78377e,7.586859e-07,1
d9d433f345ea,1.0279385e-06,1
b3adf26bac4d,8.2293803e-07,1
09f25996178a,9.1168135e-07,1
685a0bfa9434,7.13408e-07,1
499332cf6c40,7.2550165e-07,1
1c51fe1f9ff0,6.6997933e-07,1
8bdd6c3c1dbb,6.7730474e-07,1
3ef752aed5f7,5.93448e-07,1
12d5acd58db0,5.4687285e-07,1
1ad10edad320,4.9995896e-07,1
8bb5122dfe07,4.5969813e-07,1
ce67fd3ec6a2,4.5596428e-07,1
bc16093ae90a,7.714741e-07,1
0fcf01946ec6,6.3655074e-07,1
ff06d94c31d9,5.1656224e-07,1
045b14ee3b8d,5.572766e-07,1
f57750cb031f,9.54503e-07,1
020c0590a1ed,9.038053e-07,1
98dc4db07039,8.13809e-07,1
03ab193d04f3,1.0430759e-06,1
cbe492b47a12,1.0198967e-06,1
55ff4cfb1033,7.241308e-07,1
218050b0aec4,7.5943484e-07,1
1c72eee49767,6.448937e-07,1
8cdca4151a26,3.862814e-07,1
49ba714a508e,3.9170786e-07,1
2c58f2b13de2,6.1672927e-07,1
b3399174edcd,6.938441e-07,1
8bdd03233a32,1.0410323e-06,1
94348013a8af,9.2075487e-07,1
4ea62c7f5633,6.4417367e-07,1
b128c762a0f5,8.2640764e-07,1
0a676b5a2c96,6.6546977e-07,1
a53b0fbadf9f,4.997586e-07,1
f268f4993ae4,9.046462e-07,1
359353ee793d,8.772163e-07,1
43eeb0621d87,7.547175e-07,1
7ace6903e597,8.2222203e-07,1
5c5537e4908b,5.704483e-07,1
95675cced508,5.308226e-07,1
622514e779dc,7.387589e-07,1
a193c397563c,6.1957246e-07,1
36aa08ca331f,6.6239767e-07,1
25357a198c36,5.889839e-07,1
af473fab13b4,6.0076104e-07,1
49ab7b69aa44,4.4668096e-07,1
1b909cfc6937,4.225447e-07,1
1ba9373ba0af,6.9560923e-07,1
1fcaaf6b7409,6.3614306e-07,1
b273ac2269f5,5.90954e-07,1
92cea13ed6a0,5.484581e-07,1
1e205a8624af,2.6407204e-07,1
f407f3a48675,2.8109844e-07,1
e332d7a1436c,3.4343307e-07,1
5f80dee0b253,4.109024e-07,1
4c72751d73f4,4.7805366e-07,1
ac23b4def49c,6.3763997e-07,1
d26664baa18e,4.873741e-07,1
42ffbfb45912,4.075824e-07,1
ba10df21b505,5.165202e-07,1
2f45c4864d1d,4.5286038e-07,1
c144c0159094,4.2766408e-07,1
1559ba56305f,3.3528255e-07,1
20dd0ad866f5,3.9463495e-07,1
de06bf2be0a7,5.739e-07,1
84d4d3383247,5.7904083e-07,1
6e3cd6a35730,4.849713e-07,1
2791f23bddec,3.1357442e-07,1
f16fc5f090cc,3.0075864e-07,1
e7f7016a24a7,2.4382643e-07,1
40f8e26135eb,2.9496917e-07,1
5174be964da9,3.0088927e-07,1
70e93a1705ee,6.3695137e-07,1
ea914a586fd9,7.240323e-07,1
2f0ff9f6a7b9,7.403185e-07,1
57e91bccdca4,7.8576534e-07,1
b2dbc1be4537,6.709062e-07,1
d87fa37bb67d,7.1728886e-07,1
5a1603b31aa4,6.361917e-07,1
e32b6fbb4cd0,4.8794584e-07,1
9617b8f0a9e4,6.0284424e-07,1
83f887b9e2ca,5.1134884e-07,1
67257f5f0f3e,7.668791e-07,1
3ebc0c50e844,8.194115e-07,1
2a9691a8697a,7.92051e-07,1
57ea819d6111,8.266545e-07,1
ccec315a992d,8.09598e-07,1
06bc84a03dcf,8.3336715e-07,1
e41fdc773a5f,7.706492e-07,1
e6460123dec3,8.206798e-07,1
f5da8b4731c4,6.098201e-07,1
8737688ce64b,6.449076e-07,1
a8cbecc1db03,6.726545e-07,1
f44f9ef50d0d,3.9943671e-07,1
19c0244db974,2.5518005e-07,1
376659fe66d9,3.5165237e-07,1
1126aea0d0eb,4.0065322e-07,1
a522e0ff063e,6.6115234e-07,1
0164b23f2ff5,5.1116723e-07,1
01c665c10544,6.3809574e-07,1
9e51014d45af,7.7058274e-07,1
f2c151d998d1,6.843103e-07,1
78b2f80fd7fb,5.1016997e-07,1
1de6b3c23b37,6.370927e-07,1
53d3362be665,9.368325e-07,1
4e3c0796a660,1.3403686e-06,1
39dc01b45877,1.1070266e-06,1
68af2885f7a3,1.3181923e-06,1
b4289b9ceab9,1.2526366e-06,1
6678235dcc38,1.3073208e-06,1
6b9974a9554c,6.085379e-07,1
ace184c8105f,7.246479e-07,1
948dc536dda9,7.47659e-07,1
8df2e0efe669,6.127102e-07,1
e1867fb039a7,6.0369103e-07,1
bdef35bb1e1b,4.7046112e-07,1
0c42f60a8c51,5.553407e-07,1
59c30f83a473,5.7959085e-07,1
527e5ce5b0b9,4.3381118e-07,1
7a9c7b30c663,4.5034682e-07,1
277c9e53f0dc,6.337036e-07,1
a3f8e8dce5a6,6.1733726e-07,1
801893b1bbbf,8.974668e-07,1
a1409470c3c8,8.4017404e-07,1
b2c2fa09461a,5.943873e-07,1
6902f9e07ac8,5.2931955e-07,1
47b28a07a1a2,6.4231256e-07,1
dacc0e54d187,6.4318635e-07,1
64b2ac5b9a7c,7.985398e-07,1
09271cf61c5c,6.7050536e-07,1
27f11fc5a4fd,6.891235e-07,1
0207cf5ad2d4,7.0749513e-07,1
4fc2960e41bd,5.10436e-07,1
c2f2f3e734c5,4.871918e-07,1
cc3ea7067503,7.0287683e-07,1
081078ed47cb,5.507104e-07,1
33df9ad341e3,4.6182058e-07,1
420345729eec,7.5717014e-07,1
5cbe3df26f62,7.191848e-07,1
3f9ac02cbdaf,5.5334743e-07,1
4ab5a4059865,5.6931793e-07,1
c8de8f766132,3.8843874e-07,1
06a73bdc9be6,4.721895e-07,1
9f561f4c0e98,5.71028e-07,1
c5a7a3d78605,6.506168e-07,1
e0ec231bc21a,9.482526e-07,1
a99d5c3f21fc,7.277933e-07,1
1ace8a3e638c,6.9077413e-07,1
df7669e090cf,5.375152e-07,1
405fdcc727de,7.3847184e-07,1
b677e88e72b2,5.6399574e-07,1
87f42ba89c2b,5.7499665e-07,1
c70a0e42d7b2,5.996912e-07,1
8314b08d913e,7.667981e-07,1
aab56cd82391,6.2710626e-07,1
fdb099d08fff,5.6995077e-07,1
8c6cc16da26a,4.606137e-07,1
1238ffaa5010,6.1014634e-07,1
5eb1f6e0a374,5.6657774e-07,1
4e01717daf21,4.5045672e-07,1
f0ceaabfa757,3.8388268e-07,1
e680ece92e50,2.4820804e-07,1
d4e41daae92e,2.85674e-07,1
e3e476cb5217,3.5020568e-07,1
747af5668e1d,2.5435173e-07,1
622d364831d0,2.0079057e-07,1
2568afabed59,3.7836398e-07,1
4f7654be68e1,5.354948e-07,1
1e2b31aad98d,5.7761946e-07,1
12908a8858bd,7.5619107e-07,1
d7871c06aabc,6.613249e-07,1
0e07699e900e,1.2378763e-06,1
0ef0cb43e696,8.2929404e-07,1
416971172b71,9.466064e-07,1
5d4587c9677e,7.093057e-07,1
3fcc6be42970,5.370663e-07,1
6e4715e8ed34,3.640672e-07,1
6dcda656fc71,3.9136572e-07,1
b13e5de22c20,6.5968874e-07,1
40ae1340d1ec,5.9377976e-07,1
943e5bb95007,3.9381936e-07,1
7f2f27cd7f58,1.9705269e-07,1
ff1317785f0c,3.0798776e-07,1
6325e52febce,4.6664948e-07,1
72d5c899882d,4.91253e-07,1
2ee3ba25f863,5.22207e-07,1
8003dee64ad5,8.408439e-07,1
7de7ace81983,7.8854293e-07,1
709f7d376540,8.275574e-07,1
1f85069ad9ef,5.6754993e-07,1
a7f51097360a,9.4105195e-07,1
6dff6c0603fd,7.1839986e-07,1
b9494113feb9,7.42606e-07,1
66e2e281810e,6.825183e-07,1
566eecedd83a,5.1794035e-07,1
6fd838011352,7.895634e-07,1
14d005b662f1,6.751169e-07,1
662ee2f80413,4.2961366e-07,1
aa04a111d3ec,5.031939e-07,1
dc464f07b44a,5.8326475e-07,1
d08a9a5e14ff,7.257309e-07,1
e04af8fc0a19,7.826032e-07,1
c19871ff0554,8.8422166e-07,1
effc21065b93,7.6188593e-07,1
21bd511ca6d9,8.277916e-07,1
19a7d579c37a,7.5787244e-07,1
88cc7da56433,7.848978e-07,1
4b84563d9183,1.0168972e-06,1
76a9e999a421,9.359217e-07,1
8117d8f390ca,9.297753e-07,1
c89e62535dc1,7.8218284e-07,1
05e6319c056f,7.932193e-07,1
cefefa098923,4.8411835e-07,1
936fc47ca8c2,5.410552e-07,1
39b906e1afb7,5.731111e-07,1
5fe9e3f46824,9.1377484e-07,1
b1c683c71a5e,7.107128e-07,1
85874205a34e,6.4088846e-07,1
b1c17fcb9ca6,8.8391704e-07,1
d40ef2fb009b,3.461418e-07,1
b6e1fc530c3e,6.3543104e-07,1
1dc84c101748,3.9680026e-07,1
2783c8f6063f,4.188898e-07,1
ae7154093361,4.2091423e-07,1
dddd9e0b428e,4.0121557e-07,1
fd2d0e7f6239,6.4920187e-07,1
355e4142ad78,6.487038e-07,1
23b0ece9e2aa,7.4352187e-07,1
2ada7a24e96f,7.57358e-07,1
5e39781d9df2,6.430201e-07,1
a8b877a99586,6.936785e-07,1
9bc563304443,5.843653e-07,1
7db19c9c1d58,5.5803855e-07,1
6987f7b39498,8.458614e-07,1
cecf065102f8,7.4209123e-07,1
5ec13c2e440d,7.895651e-07,1
34d815019f42,6.846582e-07,1
b34a7ab28d87,6.3696984e-07,1
77c2690ed6db,4.5606703e-07,1
422d0820ab19,5.842359e-07,1
c2447ed687b0,7.307678e-07,1
f545c338a35a,5.2292194e-07,1
591f7ba0af77,3.1287084e-07,1
8d61a27d4d9f,2.6130516e-07,1
c9d555b7c3a8,4.1594538e-07,1
0e38162a83f6,5.840045e-07,1
840d0f710ba7,1.2760247e-06,1
f8ab9302f7b6,1.0523751e-06,1
dd0a77273991,8.915432e-07,1
1de9afbff48e,5.799639e-07,1
2d594dadc9e5,4.178468e-07,1
47f9193ba599,3.2266e-07,1
b40d3d2ef48f,4.946059e-07,1
0a0890e521f5,5.892545e-07,1
e7430ffe7731,5.077107e-07,1
862432a14bb6,5.986634e-07,1
b629894d7ed8,6.0752166e-07,1
d4a49b2459fe,6.5061255e-07,1
8cd140ad0929,5.553127e-07,1
4642ac5ba280,7.637992e-07,1
16f4ad832fd6,5.6602227e-07,1
6c8dccc802e4,9.682848e-07,1
05619cfe2fdc,8.538425e-07,1
5c1fc425e97a,3.9086902e-07,1
ea86886bbbd3,3.8077624e-07,1
7552f5bac895,2.6849906e-07,1
ba276f0d3135,7.531754e-07,1
bb829385718f,6.2069864e-07,1
a3906f32a3ce,8.297778e-07,1
e2b2f55c3706,4.3928196e-07,1
8ce12129730b,7.627937e-07,1
e8e9b8835f02,3.6930442e-07,1
43b5c81c45c5,7.3436235e-07,1
59c6b94afe58,9.2764895e-07,1
41f3b17c3ce6,7.1670974e-07,1
db27e81f0933,9.0201854e-07,1
72d0639c37dc,6.1220754e-07,1
07b925e42c38,5.4403955e-07,1
7e5f0953e382,9.645627e-07,1
22c2a8883d0e,6.3769795e-07,1
aa6b5d3f4f87,4.9176606e-07,1
8555366bf4cd,3.946705e-07,1
d584ba796e06,3.7688685e-07,1
f2023d2243ec,1.6220459e-07,1
4a7ca726638e,2.2249874e-07,1
80a60474bb4f,4.1622468e-07,1
08cceb11e05a,8.550664e-07,1
d98b663d038c,8.0793694e-07,1
ce553901b298,1.093373e-06,1
89521df04c14,9.984293e-07,1
6464ef78a54b,6.728815e-07,1
6fc03cae3b54,5.626818e-07,1
919979c7b2b7,3.952441e-07,1
06509ad86dd8,7.8662816e-07,1
266699d7da51,8.0487007e-07,1
92c9120bb985,8.677188e-07,1
4bccfdac3b4a,8.3692265e-07,1
8e74e4b7f214,6.536662e-07,1
c35c7df3a853,6.1866155e-07,1
60285f23f36d,8.047265e-07,1
f148fa29885f,7.875728e-07,1
56123444e83b,7.4452333e-07,1
688b1c365127,7.5738063e-07,1
4a082c5b2fd6,6.667255e-07,1
6a335a5b68b6,3.278071e-07,1
b3d990c61945,1.7077183e-07,1
8af0d4daf1e9,3.9528396e-07,1
befec17e536c,4.948199e-07,1
264131775bd0,4.820246e-07,1
ea77dc44cb39,4.1152717e-07,1
d68e278c9efe,6.2569103e-07,1
4f311da51d5f,6.483448e-07,1
98342c8d9ac0,7.650262e-07,1
0a997d33fcb5,7.9399587e-07,1
f4c26783e646,8.950854e-07,1
bd59a32ea2b0,1.0361983e-06,1
44e31181da8e,1.0513473e-06,1
97db22554038,9.655593e-07,1
10bf37165038,6.0908366e-07,1
cc4edcb23429,5.2127916e-07,1
79a7766854dd,2.9929828e-07,1
5033e2788c92,3.7958733e-07,1
a13fc8bb38ee,4.851457e-07,1
c67b9fb8107a,4.2058602e-07,1
8269207c33e1,5.1912707e-07,1
c5eef4f55c2a,4.2456642e-07,1
d27f2eba3e57,2.873591e-07,1
87bb5c665b95,1.872054e-07,1
492273538e11,4.062122e-07,1
4c19c7a38a5f,4.788943e-07,1
fbad249b9f65,4.9357783e-07,1
14f9644981d8,2.5528357e-07,1
e72b3cc37b3c,1.417262e-07,1
f40c8893d108,1.9717237e-07,1
d7db9d99387a,5.812023e-07,1
2e8f7de1e155,9.208935e-07,1
a748104ea0b0,9.548044e-07,1
1e5a78826198,8.8045346e-07,1
8fcda2f81166,5.2239113e-07,1
7f3a3cfca4a7,6.1315086e-07,1
4f3112dc2abd,4.996536e-07,1
aac7fdcee97a,3.763298e-07,1
abb819b17fd4,8.0184884e-07,1
c33bbd917e11,6.646834e-07,1
01209a962997,5.38107e-07,1
dfaf9ca16425,7.177994e-07,1
3f49045d73a1,5.5595774e-07,1
6dd650520ede,5.257614e-07,1
dc746aadb670,7.2338156e-07,1
d2d862d405ab,1.0433864e-06,1
a1d288449f81,7.336474e-07,1
9e7a243acfa8,8.103435e-07,1
99e9cc029afd,8.992922e-07,1
f82e31a6c463,6.44258e-07,1
c1147b281e1f,4.5274632e-07,1
b88ede222306,3.975472e-07,1
f28308501008,4.3026236e-07,1
21fb7ba8d2b4,1.1294586e-06,1
df522a9d3d6b,7.964225e-07,1
a828355a415e,7.318443e-07,1
1679f181edb8,7.567977e-07,1
0157f69fcbed,8.3031944e-07,1
8ff3b2221899,7.1466206e-07,1
dbe4f2b71dc2,5.04815e-07,1
dbc42db52d4a,8.296739e-07,1
5ff730dd8965,5.3367603e-07,1
6bc9e85eec95,4.2366707e-07,1
f6fb6b701f66,6.0624484e-07,1
d519ee91f99f,8.30576e-07,1
9be5766f10de,6.293352e-07,1
34c971abf3e1,4.6677556e-07,1
9501f423bdc3,6.564317e-07,1
4e8e9e594fb3,4.1895936e-07,1
99cd817d5104,0.0013538878,1
677d5070d37b,0.0013544196,1
205520ea20db,0.0013534338,1
93c4e923378f,0.001349897,1
b42564895381,0.001339923,1
288ae35593fb,1.0148995e-06,1
70048c7edcf2,9.84176e-07,1
82577fcafc49,8.2294804e-07,1
a370298c757a,1.0244927e-06,1
43e416435755,2.963873e-07,1
3e6a46d8291c,3.372492e-07,1
4004bb65ed4d,3.9314497e-07,1
95e60c7ba67f,4.020693e-07,1
097c02a3b1e7,9.028301e-07,1
3cc5e76cddf5,5.0553655e-07,1
2d6cc090ae8f,4.1566693e-07,1
8a5f388aadd1,3.3995985e-07,1
52bd9d33c844,3.2872495e-07,1
084f2064054a,2.3880196e-07,1
de065c723d2b,2.1150554e-07,1
d718e2497531,1.13228815e-07,1
4ee95a1c3a8a,4.5318413e-07,1
256b0dafdb1f,4.611469e-07,1
46fbed3982a3,7.750206e-07,1
7c806f78032c,1.1027138e-06,1
f96123d8dc67,5.19772e-07,1
bfe9e36ba70c,7.5963504e-07,1
099432d798ec,3.658625e-07,1
f23a9f59e02c,5.5084604e-07,1
0a4573e618c0,6.996561e-07,1
63067e5b477e,1.4950653e-05,1
78e29fdea9e4,1.1445217e-05,1
708abfc53e2f,8.554872e-06,1
6d05cbc108ba,8.734316e-06,1
c7ce7d034dde,1.43259895e-05,1
e959c6d6bda4,1.056984e-05,1
b599eacad6f3,9.074234e-06,1
6a59ee217205,8.0376085e-06,1
794d19cf81a3,3.1250013e-06,1
a3d15b7eaab1,3.361419e-07,1
895ee77c8e38,5.518272e-07,1
f7eb289bfefc,4.542687e-07,1
c78b922a669c,4.5678766e-07,1
47f7032bf7d7,6.385395e-07,1
4da132d4a519,5.154556e-07,1
d663ad2579c3,8.492208e-07,1
4fd30c9469f8,9.850972e-07,1
1f8b46d42d16,7.8654085e-07,1
050f1d372e17,8.889809e-07,1
39a50d2691e6,9.425681e-07,1
5fa8293d92ee,7.786511e-07,1
66af25705733,6.3086213e-07,1
e4554a07d06b,4.4914614e-07,1
b7022b34244d,7.474245e-07,1
99e8e3ee817d,4.5279717e-07,1
fbfb2fdfc1e2,6.9995406e-07,1
803a005ed5e2,8.3394684e-07,1
f4e4229e8b40,8.531325e-07,1
12bb8e06883e,6.166396e-07,1
7ed0a53b0774,1.0965686e-06,1
26d9de9ee380,7.663696e-07,1
24676e8380fb,5.483502e-07,1
48d66a5ec948,5.838432e-07,1
74bbfae6a505,4.167876e-07,1
38eccbfb49d3,4.836813e-07,1
b6414dc6653f,4.3658346e-07,1
ebab6ae12c4e,8.900167e-07,1
bd06d4956c1b,6.090814e-07,1
51f602fcc6b6,5.401379e-07,1
d177dc946e00,6.018931e-07,1
b4659cec78ea,4.641773e-07,1
482c4da903a1,5.294067e-07,1
f8cf352ca115,4.881764e-07,1
8132e250a65f,5.3882445e-07,1
e372ef08eeef,3.340294e-07,1
4ce83baac96b,3.813085e-07,1
7de947233d51,6.0072824e-07,1
07c381a4edf8,7.0225536e-07,1
c3393171f930,6.9621444e-07,1
7bb9992c4b94,6.7557767e-07,1
7ebc25fed799,4.6320136e-07,1
6c7a0e7cb859,4.692405e-07,1
de61d3e247e0,4.146786e-07,1
0a52018861c4,5.4539737e-07,1
3f996b72f40b,5.20452e-07,1
297337c91abb,4.7144601e-07,1
597b527082f4,8.9502356e-07,1
cf3fb0be6d40,7.956598e-07,1
a29ef3bc5ab8,6.977816e-07,1
236d41266760,7.322412e-07,1
918f47a12dce,6.895482e-07,1
37900cd1d9f4,6.340563e-07,1
4d809f567fa4,3.5263582e-07,1
238117a62ccb,6.3790173e-07,1
9bf383d773a2,5.1498046e-07,1
408de8397760,5.516238e-07,1
ba1c000d43c4,5.7886894e-07,1
6f8e08c89c5c,4.868667e-07,1
dfe3aeaabb3c,4.6058761e-07,1
8a1ddbfb9a23,4.1216518e-07,1
64c7b52da9c4,6.8119566e-06,1
08babda15b7a,5.8970777e-06,1
1438590bd371,4.9106334e-06,1
f6f415371400,5.815397e-06,1
220e083b572d,5.8283504e-06,1
d0a1d83e1a84,6.286021e-07,1
99df1f0147b1,5.46848e-07,1
72648eda6a4e,5.221187e-07,1
fbe72bf04839,6.6001155e-07,1
11df07a361e4,8.3147785e-07,1
9580784f31f1,7.198216e-07,1
0959bbcc6706,7.6692453e-07,1
0bf479feaebf,6.5128427e-07,1
34ac5b23416a,4.817299e-07,1
dd8686bcc353,3.2551753e-07,1
400a743a2471,2.4001451e-07,1
b1a78b622649,4.579762e-07,1
2a1636abb333,5.368819e-07,1
87c37ff63a99,6.1638985e-07,1
0e382e014c5c,8.0711146e-07,1
2eac6e4ca90c,7.737262e-07,1
bbcf1a69902e,5.0214777e-07,1
d68fdff4d93b,5.520125e-07,1
c4a3070725fc,4.5900205e-07,1
f54b62764301,3.6691003e-07,1
ea1231c0a89d,4.166258e-07,1
ba99e32d91de,3.1317975e-07,1
4daa042a88d3,3.5608338e-07,1
32aaac6eabf1,5.0785104e-07,1
d648ae63bd4f,5.1406784e-07,1
6ebc087ed0a5,3.4882234e-07,1
09027935e404,3.7390424e-07,1
af369e7a3828,1.5647741e-07,1
f48bb97faf97,4.2801952e-07,1
198fd8d47756,2.430808e-07,1
228ecfd655f5,7.156055e-07,1
6f7c897406f3,1.259183e-06,1
78d5884d3ae7,7.601271e-07,1
11aa75731c63,9.314571e-07,1
7f008c3d9291,1.2726629e-06,1
6ee9350ec22a,9.543095e-07,1
091cacae3a71,9.479571e-07,1
53a198da51bb,8.7061323e-07,1
4b4124969494,7.7925984e-07,1
75d996fa1fd4,8.0931636e-07,1
9cc49d541d8d,7.738834e-07,1
d590db0db5a0,5.3492874e-07,1
c11f34722b6a,5.4316473e-07,1
ba9d5da0e0eb,7.5425385e-07,1
2262b390e3bb,3.6778613e-07,1
bb5dd2170a71,6.4765203e-07,1
148baf1291d5,8.3335647e-07,1
a47bdc4577f3,6.868562e-07,1
789e7fcceb53,9.787148e-07,1
2b54fdd41475,1.0115604e-06,1
9ab2d626c873,9.409169e-07,1
da13a4903170,8.4437664e-07,1
485c592c278c,8.355248e-07,1
2fd56f473d9d,7.186368e-07,1
ff552b7f51b9,7.340525e-07,1
c8abf123b164,5.784846e-07,1
11603ba63f97,4.9015387e-07,1
0fd38d94e93a,8.1595925e-07,1
aaaa6f3affc4,8.846259e-07,1
9c7c0e796ffb,8.044794e-07,1
da133994bf7a,6.744981e-07,1
ceb06a425cc3,5.456642e-07,1
ffdccfb9466c,4.882606e-07,1
abdc64f139fd,6.4827543e-07,1
ac3c9deb327b,7.9546663e-07,1
15f998c3c22b,1.0043246e-06,1
e7e7c9a11397,1.1150335e-06,1
8c9634bd5394,9.949591e-07,1
78b52deec200,1.0872258e-06,1
6c2044a99a62,9.586392e-07,1
cf5e15d90499,6.6483267e-07,1
5ce85aa8551c,7.066975e-07,1
d2d128ab0577,8.8173624e-07,1
f61bd1661522,7.935892e-07,1
1a38fbd2c2ac,5.6850604e-07,1
341a377e4458,5.5141777e-07,1
4d631534bdc5,6.712997e-07,1
ac1735133d16,6.137159e-07,1
648d271af0a8,7.0425386e-07,1
f8e23d9e112f,5.578057e-07,1
14e396bd3104,6.8020984e-07,1
6f1a18a43d71,6.6156633e-07,1
de7ca8cba5c7,5.8208263e-07,1
e3022391f075,6.0194577e-07,1
a6180de0ab7a,4.7237765e-07,1
37124f89a65a,3.05514e-07,1
939bc12418e2,4.493131e-07,1
4b99423056f1,5.571698e-07,1
6f5281f2c4ec,5.925629e-07,1
f076c2ca759b,4.816919e-07,1
d02d34aa107c,2.190115e-07,1
6e8460686e6c,6.070038e-07,1
7ef8deb920f7,4.6375706e-07,1
1770a8df8399,8.472026e-07,1
2be9579e19fa,5.66195e-07,1
5e81471fab55,5.6193187e-07,1
3ae71f3b6697,8.2532904e-07,1
aa9fb3f6d48a,5.3710886e-07,1
cd70e220d0ff,5.9650944e-07,1
2213b836bf08,6.572224e-07,1
bd431df6aea3,3.8528725e-07,1
aace83da5a01,4.65679e-07,1
5d81e548b6ac,3.4360434e-07,1
8ceadefa9c24,3.3538512e-07,1
9e9dfc645329,4.2807005e-07,1
e6ee2c11860c,3.6656417e-07,1
2a0fc54c6c8c,7.558203e-07,1
f095fb7a277e,0.0013615033,1
f5888a91bf35,0.0026912552,1
d9b96c9c2aff,0.0026886961,1
1ead87202531,0.0026753624,1
8c8344de885c,0.0013359035,1
4970e6dfdc3c,0.0013316635,1
f5a117df0953,2.9056687e-06,1
e1a838578bfc,3.3198858e-06,1
00dcdccc69e4,2.8681743e-06,1
8f523773b876,1.9969689e-06,1
c508f156083b,1.6800047e-06,1
1fe41a72bfe6,1.4704509e-06,1
e0e5074711f4,1.0626491e-06,1
d5b5be26d72e,7.878402e-07,1
667e004b62e7,4.588833e-07,1
5c1416d8ea56,6.8091305e-07,1
8182edb89de8,8.519936e-07,1
cb061e8ab6fc,8.6932386e-07,1
d8e9d5d51e4f,1.0202779e-06,1
bcba96a69589,1.2585654e-06,1
fce83df98bfd,1.09894e-06,1
428df1ead2a4,1.117136e-06,1
1006c51d7298,8.901268e-07,1
1607a459fbc3,1.1103838e-06,1
99d8ac2e462a,7.5257094e-07,1
a28de0c09e9a,1.0136903e-06,1
dca6abc1e18f,1.0653353e-06,1
14ecef3e6f75,1.1691056e-06,1
29b87b6fa1c2,1.29311e-06,1
6a0a258a3a0a,1.3911158e-06,1
bc56fbcc8522,8.3360254e-07,1
a1380b9df024,9.675874e-07,1
aa323d270f44,1.4571114e-05,1
3f864a7a3026,1.0789083e-05,1
3387f0a99950,8.413801e-06,1
e6307a25ba72,4.560771e-06,1
851b978f48eb,1.0156301e-06,1
e4575775b4d6,1.240859e-06,1
064e8a4c288c,1.1789466e-06,1
2f05715a243d,1.179396e-06,1
eff7178f9857,1.1496809e-06,1
64a894aef967,9.3473267e-07,1
e4ac930b5bf5,8.5968367e-07,1
f72831e71444,7.511139e-07,1
07b9841f1b66,4.715832e-07,1
afc74a158ca8,8.537983e-07,1
1567b307efcc,7.1281124e-07,1
2051e62fe4a9,8.184549e-07,1
28caea7730dc,8.6192966e-07,1
19352140b55e,5.0955026e-07,1
2f8c5effd392,3.2695488e-07,1
6148491ada0c,3.7134524e-07,1
c47f7de3b714,4.104442e-07,1
01cd9275aa36,3.642765e-07,1
4c17ece52c27,3.2894488e-07,1
e52fa60297ee,4.31995e-07,1
b789dd4f1ad7,3.6502533e-07,1
e00fee3ee56d,4.1970432e-07,1
16d3f2214238,6.942247e-07,1
fa08613f9e17,8.7180103e-07,1
beed326dfd91,9.114074e-07,1
5ac4a169858e,1.4914503e-06,1
59a4071dfbab,1.2606246e-06,1
42f8d10bcaae,1.3346406e-06,1
4cd257b11095,1.6895864e-06,1
c9e0c20680aa,1.6403991e-06,1
320f256a3310,1.1882358e-06,1
b03757a2c856,7.4137154e-07,1
4a629ae1e2fe,9.4423973e-07,1
080b3f8bf593,7.0360556e-07,1
6aab26cd3655,6.1553345e-07,1
2c753dd40837,5.408115e-07,1
ae291dc379b7,5.383081e-07,1
eef771c0b1c6,5.339209e-07,1
1e3a2693ca20,4.304445e-07,1
4ce30b1b7b73,7.0420765e-07,1
10f13f5ba302,6.6564394e-07,1
498ad7de1363,5.4850926e-07,1
c61de1111b12,6.4473596e-07,1
a5e4daa0d083,4.2980903e-07,1
7ca5421bb187,6.005997e-07,1
878871111dc6,5.40319e-07,1
2ffc97e626d8,7.9485847e-07,1
c447ab6c3f66,9.08832e-07,1
784d6db14ba7,8.63977e-07,1
d38df7b36e83,1.203087e-06,1
a77701ff6834,1.0422395e-06,1
621f35806315,1.3474306e-06,1
5471522d3186,1.3186021e-06,1
d69e15eb8ef6,1.4760377e-06,1
80743473b1b5,1.0174808e-06,1
956888d173d9,9.034325e-07,1
12cf3ad54a71,1.2833896e-06,1
411e07b6a40d,1.1579053e-06,1
e03a0693ec65,1.4187277e-06,1
4f03e77bf764,1.0419609e-06,1
31446721c844,1.2853981e-06,1
3abd6721f57e,1.3369742e-06,1
8bfdedf8192d,1.2982526e-06,1
8bb9866f2c3d,1.0312035e-06,1
766cbf72bb57,9.718041e-07,1
717dc22f031a,4.405705e-07,1
7aeed6a874dd,4.5233122e-07,1
158faee043dd,9.203631e-07,1
6157a5a35a48,1.0687376e-06,1
7957c2891c3d,1.1300714e-06,1
9fa08e49da85,1.0720602e-06,1
2366e475640a,9.909862e-07,1
d83dbc9bf045,8.0755086e-07,1
5fbabf8582b1,5.999941e-07,1
148ae3c549ea,8.7375946e-07,1
ef2e3d770241,4.755307e-07,1
8a6c16e8ad8e,4.7124067e-07,1
08a80794f30e,5.0321637e-07,1
bab8454e2a46,6.9656943e-07,1
54029505c175,6.881245e-07,1
96258ffc42ef,7.894689e-07,1
7160cc2dbcb1,7.7195165e-07,1
6055f159fec4,5.7151374e-07,1
70e97fdfb6a7,3.7982272e-07,1
3eec3a36adf5,4.888901e-07,1
46e57231986b,4.2744202e-07,1
d9f558071c83,1.0711145e-06,1
ccc48a6fe128,1.0153606e-06,1
31da4a393a7d,8.966559e-07,1
89712704e40a,9.540238e-07,1
1ed81f7044f8,1.1729595e-06,1
1fc1f0d5714a,9.2055103e-07,1
409408d069d7,6.3739026e-07,1
7bcf60afd620,3.0527823e-07,1
d5b22825243e,3.029469e-07,1
e598f103bd8e,8.0689375e-07,1
7ffe18292d83,7.4590787e-07,1
f8523e333ef0,8.780132e-07,1
63629ef5181a,1.0119859e-06,1
420d4b495812,6.7738506e-07,1
6dc1686858ab,4.953279e-07,1
40b240f44fa1,5.5448055e-07,1
fba7b8032936,6.772086e-07,1
7364b285f7ba,8.3575986e-07,1
84613d70b003,1.2694063e-06,1
f55a4f4c5f34,1.2376988e-06,1
56d5439567bb,1.1040875e-06,1
4a44199c44e4,1.1157505e-06,1
aef80b370ffb,7.461227e-07,1
d065a89df36d,5.694719e-07,1
d9af7e7f94f0,6.571503e-07,1
eb4be0d18059,4.52362e-07,1
4ee10cdddfa4,9.693127e-07,1
bb1f8ab63cca,7.9091166e-07,1
88d28c4cfe97,6.658573e-07,1
4b21337c385c,1.160138e-06,1
075780c464a0,1.3453227e-06,1
c63dd1c2b52b,1.5093376e-06,1
1240b40b410f,1.585966e-06,1
fa520f47e164,1.0204856e-06,1
421433ee01da,1.0842488e-06,1
07047b3a88de,7.026945e-07,1
bca88ea69442,9.800073e-07,1
ad3751709e9d,6.570103e-07,1
e79869ebf40a,7.6304804e-07,1
eecef6d46cb5,6.610778e-07,1
c9e564e38c8f,7.544418e-07,1
187711b17197,7.81207e-07,1
979a5e060ee4,1.2401196e-06,1
422a0b1d7c59,1.1073791e-06,1
08f5c44df6f5,1.5029332e-06,1
3f59dcfc2522,1.5731689e-06,1
669e7e686d4d,1.1010331e-06,1
2351b56933c3,1.5155804e-06,1
c30d31464081,8.941202e-07,1
073935f4943a,5.118996e-07,1
6df6a918b626,5.826019e-07,1
7bc33e3b2544,3.2983064e-07,1
1d0c630e2abe,5.1882915e-07,1
84345683cd3c,6.9975704e-07,1
adc31328867a,9.569973e-07,1
722d53adc3e8,7.2919124e-07,1
4bc5eb0690ee,7.1805925e-07,1
10bd64530c7d,6.155008e-07,1
2898c8fb49db,5.2690933e-07,1
369bfdc146de,4.173444e-07,1
d919fc7a13d3,7.730086e-07,1
3aae6967c356,7.8363865e-07,1
d4ad208fdccf,8.4380844e-07,1
4f1dfbacd276,9.1565516e-07,1
df4bb2d7f03c,9.570189e-07,1
35eb3c1da65c,7.682993e-07,1
6d487a866476,8.075623e-07,1
8a9132c1fcdb,5.558396e-07,1
2d61a32b431c,6.376679e-07,1
26401d91882d,5.6021867e-07,1
d35e1f2b597e,4.727474e-07,1
9f2d959e3703,3.6952548e-07,1
94a74a016e5a,7.2050716e-07,1
b837d79adabc,7.357875e-07,1
fc9497a4a8d2,8.305693e-07,1
f1b170f0a3b5,9.031597e-07,1
247925ac3470,8.112542e-07,1
351e92c17bd0,8.5692784e-07,1
7cc5b20f83c7,8.5804595e-07,1
0cd3988eb0db,9.702087e-07,1
991e5eaf1468,9.853026e-07,1
c5c01e6cd7f7,1.2106585e-06,1
fe2416015260,1.0474683e-06,1
91d050f7138e,9.4566576e-07,1
6034b629af46,8.319046e-07,1
455a9413629d,5.577432e-07,1
748af2a822d1,8.307704e-07,1
c0799eef8c97,8.913824e-07,1
97ca3295ac77,8.592568e-07,1
ced8c3c187bb,8.0073175e-07,1
1d27458cfcc8,1.2312302e-06,1
bacddd4120f6,1.1132754e-06,1
d583b42efbbe,1.1737872e-06,1
e75b6d865aa5,1.0809172e-06,1
97c6f60e16d0,8.987929e-07,1
36f168a8d2bb,1.3983092e-06,1
e0bf30d81010,1.0932558e-06,1
63b4e66e8e82,8.8511877e-07,1
d38db2cbc2c0,1.043057e-06,1
5ab405e0ceff,6.457909e-07,1
8ca9b430e057,4.830328e-07,1
7a935d096e0b,6.3359e-07,1
129c139e2a1f,3.6056144e-07,1
989871a6d848,4.4551575e-07,1
2a3a205da57c,7.8793323e-07,1
5938315b5383,6.454007e-07,1
51b7410be989,7.505838e-07,1
a0b375d11965,7.712857e-07,1
4de77b17eb57,8.693001e-07,1
8bcd4cb18aba,8.6094104e-07,1
2dce12c770d4,7.938598e-07,1
4a798af14914,6.6464867e-07,1
910eda6583c2,4.574706e-07,1
15ab4115e3b5,5.8401616e-07,1
1964582ee997,2.096706e-07,1
a92e0c771568,1.8797718e-07,1
7ff5e7d68410,4.1027906e-07,1
5dedbf7dcc63,5.503776e-07,1
7e7cdc5e3921,6.6311685e-07,1
7900227920cb,1.1480846e-06,1
590bc3f9da29,1.5670392e-06,1
7eed1c66bdb7,1.4200112e-06,1
ff70b2f683e1,1.374887e-06,1
2d2ad745733a,1.1731922e-06,1
d5744d245342,8.6979253e-07,1
5123f0841426,9.2397386e-07,1
a585e5bde5ae,1.0402044e-06,1
b810242c663f,7.679498e-07,1
4faf93876c78,6.268951e-07,1
ba2bc232abb4,1.2201535e-06,1
e678ad40702e,1.03765e-06,1
60579410f5d7,1.1531806e-06,1
26847292a1a5,1.0205516e-06,1
bfc1c8e3bc37,9.64221e-07,1
78d1d92e9d11,9.2954883e-07,1
bec3e11649cd,1.0968217e-06,1
393d0c1df3d6,1.3745226e-06,1
796d09bda55c,1.2391133e-06,1
3bf389b4a9c4,1.3210831e-06,1
d8918496646b,7.4686716e-07,1
1a9eeb0827be,3.1654432e-07,1
5d3c268b0bdc,5.031667e-07,1
fce7e352fb69,5.84228e-07,1
0101128ca6ca,5.440933e-07,1
c43d1e267056,6.213278e-07,1
89c08b3c6dc0,9.3576773e-07,1
cf5da1665170,8.6553587e-07,1
eea3d680e76d,1.1465731e-06,1
94233027363e,1.1810245e-06,1
9a0021eed05b,7.4877244e-07,1
3aa84da354ca,8.0953373e-07,1
61952ca5efca,9.810966e-07,1
2625ad2cf062,1.0383606e-06,1
9d0d3ba5bd49,8.188688e-07,1
c971f7c01663,7.2661106e-07,1
75499ec97ec8,4.7364452e-07,1
7abfc2653500,6.253711e-07,1
ae80da8be427,5.3417324e-07,1
b65e96514211,7.793669e-07,1
e4fffbd7d612,9.777506e-07,1
4a1d81f4df3f,1.4066676e-06,1
66cabdcd1746,9.577495e-07,1
1bb9a4e2f2b9,8.5320784e-07,1
72818c9a430a,9.455102e-07,1
8e628f04b248,9.203815e-07,1
260a674e685f,1.1037062e-06,1
08b1254d6fc7,9.775824e-07,1
1736aa765d40,7.259624e-07,1
46e8d7de73f6,6.877941e-07,1
31c06575b6cd,6.1586206e-07,1
2bfdf6f1bfa6,4.969027e-07,1
6ac42c3efef0,3.7988056e-07,1
a32b77980faa,6.0155526e-07,1
946cb13381e3,3.743963e-07,1
c872a578b0aa,7.81563e-07,1
a62143c4d1c7,9.036683e-07,1
8df861d0a2d3,9.675325e-07,1
513c8faa7f34,9.5004356e-07,1
d72afc46fc16,1.1694107e-06,1
220a62ae6c21,8.3431144e-07,1
fd83612d6017,6.588328e-07,1
195a2b404098,4.0791284e-07,1
0ef8dd426ae0,3.8539144e-07,1
ed26014e0b8b,2.6121498e-07,1
84d1ed45feba,5.7086515e-07,1
390bfb5dfa82,7.8544826e-07,1
d76e97a3c220,7.450514e-07,1
e1034072519e,1.0271702e-06,1
2233c98b3194,9.632919e-07,1
876511814d6a,9.441337e-07,1
94823763fb68,7.367931e-07,1
e994596c6ea9,1.0740437e-06,1
4568ad851570,1.3472511e-06,1
5a306506085a,9.100565e-07,1
59baca9cdef2,1.278291e-06,1
18fdee1898f6,1.4875291e-06,1
89b6f1402e9c,1.2302263e-06,1
5be239a6a424,9.934831e-07,1
8bd76163cfbd,8.178855e-07,1
b4a2704bc69e,8.199809e-07,1
cac80ffb9eab,7.293797e-07,1
75f8477dd23c,5.455726e-07,1
5b62768a55c2,3.703623e-07,1
45a8473e7eae,7.3163386e-07,1
f7e40919da39,6.143914e-07,1
e982bc4a6574,6.215422e-07,1
c1b31792f41d,8.851658e-07,1
761a9b4118ab,1.2640652e-06,1
d3889f9764ef,1.3010389e-06,1
eaeb5038e97f,9.798481e-07,1
8ca47c961faa,3.874456e-07,1
6164ae59cea9,3.0978822e-07,1
9c0363603ecf,1.007791e-06,1
ee7b6da9b304,1.3975772e-06,1
ff1d6ce62755,1.6708659e-06,1
548ba2169c17,1.7775812e-06,1
8299941c7ea5,1.265225e-06,1
6232dcdb5da6,7.391769e-07,1
084bf1eea0f8,1.1557279e-06,1
239e4f44f150,7.472274e-07,1
8681a07cfaad,8.405324e-07,1
8de3df77d749,1.0818351e-06,1
ba45c51d6ff8,7.287323e-07,1
4e6c1a789375,5.9437724e-07,1
77618ea560c3,4.397116e-07,1
0642672660ba,7.100816e-07,1
348e3e719526,1.009982e-06,1
c56f7ad02487,1.2937422e-06,1
4ded32105f5d,1.3765379e-06,1
3586c9618143,1.3973216e-06,1
363306e2fc0d,9.2177953e-07,1
94e96c485602,3.7052698e-07,1
76c1a0960e04,2.8585634e-07,1
8893e82776ad,5.076696e-07,1
c1354490fc9a,5.443187e-07,1
3c7a1e70e6d7,9.650415e-07,1
348cad98e605,1.0167282e-06,1
a06ad3939176,6.698107e-07,1
6d11b2d803d8,6.7784964e-07,1
ddd1ed29ceaa,1.030361e-06,1
1df94bab5bd6,7.8734723e-07,1
246470bca3eb,1.0807785e-06,1
dce9486f2a39,8.9152286e-07,1
0de9326cb0d2,9.448818e-07,1
ba214201a5ea,9.051886e-07,1
1396911d1e0e,7.881061e-07,1
e374bccb8257,6.5078774e-07,1
2a1fdd68f7d7,6.974955e-07,1
cb72fad40ada,5.859883e-07,1
80007f6a3885,6.438209e-07,1
3842b1fa7d49,5.7475523e-07,1
9291250d1c6a,3.7620788e-07,1
5862e5337a54,4.4843927e-07,1
3e22ec716c4d,7.796621e-07,1
64a097d2db21,6.8287187e-07,1
0bbd49bbc675,7.323102e-07,1
305241664b97,7.72598e-07,1
7ab22e5d228b,1.0838766e-06,1
72ff6ffbefb3,8.3877933e-07,1
b5b30828544c,9.258288e-07,1
88da1735a5b8,8.889385e-07,1
f34e5d75ef37,6.4368965e-07,1
915fe910c79f,1.1108109e-06,1
ce35bb32ccb2,1.2715608e-06,1
3506e499f8df,1.0379255e-06,1
5b1b250de17b,1.0262316e-06,1
776bc955201b,8.0750885e-07,1
209592efcefd,7.359724e-07,1
d8dada2c4666,5.4209085e-07,1
abb8fbf70b67,6.236249e-07,1
948d9dbabb69,6.9661894e-07,1
33706c74afb9,9.849243e-07,1
64e83f65d15b,4.5795758e-07,1
4f7ecda297f8,6.058212e-07,1
0655d14e3e94,8.2631135e-07,1
3107efce6033,8.7615064e-07,1
350bff776c9c,9.4881153e-07,1
438252e4ddec,1.1877212e-06,1
4e37f4f421a0,1.2237675e-06,1
5a0ee24c7b45,1.2537056e-06,1
5c45fae0440e,1.1302951e-06,1
9b1aacd70848,8.0726875e-07,1
42c7e576bc2f,7.802541e-07,1
f1305784b82d,7.681993e-07,1
c85f5ac4f024,6.416088e-07,1
6889b986ecf8,6.7644106e-07,1
461db1f93b0d,8.0702546e-07,1
9336c69b03ca,9.4214084e-07,1
33f993a31225,6.798555e-07,1
6a889c8097e3,9.315297e-07,1
7ee4c0a8a9ac,9.067584e-07,1
f1a11ca1db5f,8.9623006e-07,1
a79afe0f6441,5.5701025e-07,1
98c1059a6942,1.014763e-06,1
28508d79fc79,9.523622e-07,1
6ae268aa1f3f,9.423672e-07,1
8d30394cdd68,1.31563e-06,1
5fb92ba54fb5,1.1385825e-06,1
42c33a018dcc,1.4334943e-06,1
698d45df5732,1.3032895e-06,1
97acd5d38624,1.0136251e-06,1
bc64e3dff08d,7.9365566e-07,1
bb8ba8188bb3,1.0509411e-06,1
c2909656e69e,3.8031698e-07,1
512ddfd2b371,6.435451e-07,1
3a38d57583af,7.31054e-07,1
6c95ac788d47,7.950595e-07,1
162c3541de17,1.0360646e-06,1
308ced7ba6d8,9.305244e-07,1
7ebd31389220,8.7960893e-07,1
0d7e3c83c6cf,9.685746e-07,1
06a6d4be1ae3,7.369962e-07,1
990d4b8525d3,5.448455e-07,1
be60fc20a7df,4.2910818e-07,1
1f35eb16b5c5,3.9405884e-07,1
a1aee6039807,3.7009983e-07,1
b8376188cad1,8.762745e-07,1
8952ae6146e1,1.1876999e-06,1
2a61eae69466,1.1818631e-06,1
5dbb11d55ac6,1.1624829e-06,1
8e61f090d077,1.1051433e-06,1
1eaa3ed0c8b2,5.713329e-07,1
177fb7e5eddb,5.6185326e-07,1
ae2288eef082,4.0956547e-07,1
9ac90fe6878c,4.673418e-07,1
acbc3943827f,8.7407756e-07,1
8c80c00decd9,9.760578e-07,1
3bcfa821cb6e,1.0047411e-06,1
a97c417725cf,9.4371455e-07,1
63c58eb5ed2c,1.0029788e-06,1
63d4da0f84bd,1.6853847e-06,1
f58d917e1d70,1.5538989e-06,1
12b40fb16d31,1.1421781e-06,1
47d5e7f76c06,7.849037e-07,1
ab28639aad6c,5.6828003e-07,1
8bdd45922626,6.962631e-07,1
635c6885e668,6.6218433e-07,1
f49640c162a9,6.434572e-07,1
57c7536a9afa,1.0234543e-06,1
0d87cad775dc,9.4743444e-07,1
1b27ce1abebc,1.0032613e-06,1
6483e4c77b89,1.7624837e-06,1
48b85ed7a3a3,1.4116199e-06,1
3d5f9c5f5551,1.35776e-06,1
ffda3e12af73,1.4709547e-06,1
bf200db952e5,1.32206e-06,1
6c946c4e79d4,1.457971e-06,1
f90e1e9bf278,7.8024124e-07,1
9f1684c73d1e,1.2370986e-06,1
04297e0d2459,8.202878e-07,1
8ee4be67a2a3,7.1601903e-07,1
57140387cfe2,9.746981e-07,1
30bf10edfdf7,1.0885125e-06,1
5991e4d03f12,9.995593e-07,1
cea4320ba4b0,1.0272539e-06,1
a3360c40ee8f,1.2241776e-06,1
a005de99e2a1,1.2584535e-06,1
a6f1025dd39b,7.010108e-07,1
67ee133990c5,7.2084197e-07,1
dd89a188e411,1.0119227e-06,1
9a4f48f94cd6,8.1651325e-07,1
9ebd31c273b2,8.9755144e-07,1
e4cc3afd8463,4.0062181e-07,1
f3f4c3cc34ea,8.7709424e-07,1
53908a041a36,1.2395269e-06,1
fefe3b46f14d,9.962e-07,1
f2519275cf8c,7.957065e-07,1
36aa2f26dbe9,8.5695365e-07,1
9d41438244e1,7.99609e-07,1
f2c822517e7b,8.415277e-07,1
b885d8becbcc,7.3166353e-07,1
8f6e203b8380,6.897896e-07,1
3df6579e1400,5.80034e-07,1
efc8736180dc,5.94374e-07,1
d75940435cac,4.2739063e-07,1
a44ed6db976d,6.5675744e-07,1
600616f6457a,7.1001415e-07,1
42f2d88c2396,1.0674211e-06,1
8f6e71cd17e7,8.880648e-07,1
f01aa83dafc4,7.4870565e-07,1
b9136b1af9ea,5.1444874e-07,1
285d59dd7c2c,1.0097236e-06,1
403d23e3716d,8.9826045e-07,1
826af0f5bde7,9.133876e-07,1
96e295fe6050,1.0364212e-06,1
709f6863a2bc,9.816607e-07,1
9b5c1326929b,8.418273e-07,1
d26e5d96ecce,7.6344895e-07,1
da029c7171cc,7.575673e-07,1
8ae0c49c7445,5.6050663e-07,1
312d69d7832d,4.0166145e-07,1
76460d4b86a6,5.0438575e-07,1
7015246d1b38,7.091286e-07,1
f5bf5f0ff935,6.43236e-07,1
893da753a56f,6.5356545e-07,1
93f8cc7e6274,9.4640916e-07,1
dc9b22f313b5,8.646878e-07,1
41a3c1fabb9e,5.1588404e-07,1
5aa923d4e42b,6.70377e-07,1
d34ba3874c54,6.55334e-07,1
7389c392bc0b,5.092301e-07,1
5bc471ff79a0,7.1442565e-07,1
307cbc1ba2ea,4.882436e-07,1
cadb49320719,9.595434e-07,1
c9d18c4e3261,7.590048e-07,1
464d472140f7,5.647453e-07,1
9b7adbca774d,4.1245485e-07,1
d43f73250771,3.987289e-07,1
906811ac22d6,3.5162907e-07,1
e1b139142d8d,4.4789854e-07,1
5ad027f3c4d4,6.421306e-07,1
f10308e63bda,9.969737e-07,1
fb4ae9da6204,1.0605091e-06,1
895f117aa7c8,8.988171e-07,1
a5df5681c42b,6.109634e-07,1
571a93b53c6f,4.3065506e-07,1
aa4b436d4e63,1.3294613e-07,1
8ef4cbffe618,2.298346e-07,1
6a1352bb91e8,5.546613e-07,1
23ca490ac2ff,7.1388297e-07,1
719d7a7fd0ec,7.264417e-07,1
a76ea8d6aa0d,6.528819e-07,1
05be5cf6b28f,3.297475e-07,1
08320bd435aa,6.071754e-07,1
d60d58ac0724,6.343137e-07,1
00d566eb4a57,7.890366e-07,1
127f3846f72c,1.2225207e-06,1
33de5e849376,1.1610588e-06,1
050767da4d64,1.0456848e-06,1
cfebfcf3e211,8.3651634e-07,1
c18e4168fc6a,9.584887e-07,1
d9f755a8989a,7.6178014e-07,1
ed3760e78f48,7.921182e-07,1
c529b30bdd4a,5.669574e-07,1
c696cda7fbaa,6.321651e-07,1
941caeed61d6,8.862367e-07,1
f187be030694,1.2772856e-06,1
d7cae9891069,1.0440144e-06,1
f1495deeefa2,1.2249457e-06,1
5c82e16d1b61,7.6221187e-07,1
abe658cf24ee,1.0874392e-06,1
edaf506942ec,8.951716e-07,1
294d7be16cf7,7.4539844e-07,1
bf19b957db68,6.7682197e-07,1
2f9ca0356c6f,1.0143033e-06,1
41d6fb7541c9,7.2766755e-07,1
0872268f9be3,7.509981e-07,1
bf1d7b8ad8be,9.2233097e-07,1
dfc2f5fee231,7.946531e-07,1
cec546788575,7.957509e-07,1
9b7c1b2aec86,6.692999e-07,1
903f70969685,6.782559e-07,1
6a26a185452b,6.553783e-07,1
e1d8d2f70348,4.6963595e-07,1
5597646a506f,7.742955e-07,1
3fb310b7d9ce,6.4793363e-07,1
801a3dbfd880,6.397338e-07,1
89b6229d1909,5.378691e-07,1
cca186408a6e,7.4461707e-07,1
db63ebfa541e,1.1081793e-06,1
c1e4c63471a7,1.0099876e-06,1
f9e6ba9d5152,9.142295e-07,1
2ae4a290ffcd,9.982633e-07,1
342c4c8f48af,9.285794e-07,1
6ff9c2d72173,7.896112e-07,1
bdbde2b3f885,7.528994e-07,1
ccc380ce89c1,6.77381e-07,1
25ac78463c7d,6.1722216e-07,1
f79160e1dbbc,4.5855077e-07,1
5086a45b1137,4.4475627e-07,1
ba62b436c726,7.465059e-07,1
92a3bbe882b9,4.2937143e-07,1
739f0b6c0f19,8.632795e-07,1
32bdb8d67914,8.8545016e-07,1
3527dacb0b6d,6.643169e-07,1
6adff119a387,6.509085e-07,1
ed73b10175ee,4.2974133e-07,1
fc0337ccf9b0,3.3763683e-07,1
657d615dc087,3.9233163e-07,1
2de110cf1ce8,6.291087e-07,1
5808694b1e26,5.512389e-07,1
f1a582d27f08,6.3805277e-07,1
07a7ba9dcd00,7.011424e-07,1
339af993eee2,6.820296e-07,1
ca87ccbd722a,5.3702206e-07,1
a23454565b44,8.8756724e-07,1
7bab19ca49d6,1.0462703e-06,1
51f2d094f593,8.413686e-07,1
30c79a0f9358,6.858539e-07,1
85b4090f2518,6.228443e-07,1
9b5feb45e258,7.218403e-07,1
9a26ee223bb1,5.7286525e-07,1
86e1668e8082,9.740961e-07,1
ddb784edf5b9,9.584294e-07,1
24ea34569f21,8.838393e-07,1
5bd8a7dbe69f,1.2764907e-06,1
111e2d241ae5,1.2376796e-06,1
767453892b83,1.2445536e-06,1
4ac63180a09d,9.545219e-07,1
de11851ef8dd,8.675183e-07,1
53c25368dc43,7.981124e-07,1
048ea17ac12f,7.1316043e-07,1
84cb1fa45787,8.275297e-07,1
59661840b0bc,1.0276699e-06,1
040482fe903d,8.455932e-07,1
b92b047dc2c3,9.3904686e-07,1
6e25cf8151c3,7.210035e-07,1
93fb3c867277,9.73906e-07,1
6137bc060d9e,9.769312e-07,1
3637a6b9b1cc,1.1000132e-06,1
21c4a826af3f,1.102187e-06,1
36a1962e2ebe,1.0178738e-06,1
c5e170b9e4f4,9.996623e-07,1
2ceeb9d6354a,1.2282061e-06,1
fd25824191fe,1.1411804e-06,1
9f12b3fd1a51,1.1091871e-06,1
39bd88c9d2ff,1.1103429e-06,1
ffb2876beccb,9.348339e-07,1
3f87255bae9e,2.0079335e-07,1
5bd2b1ad8cd6,4.982677e-07,1
819326f4d194,6.8433985e-07,1
7e9dff519c0d,8.598155e-07,1
7d4a1872a1f5,9.155672e-07,1
276d1cec0c39,7.502161e-07,1
36cd36d0a6a1,7.1003194e-07,1
2250db4483c0,7.454567e-07,1
edec8f916c3d,8.0820536e-07,1
99ea8bdd7d37,6.121611e-07,1
416ea23385ef,4.8851496e-07,1
e81b96add2c7,4.6828092e-07,1
26b26f7ff52c,7.522332e-07,1
a3af93d5ba88,1.1099364e-06,1
d6274a194125,1.2056237e-06,1
f1c0e56c3bde,1.4006727e-06,1
8eca1e0915e8,1.1338957e-06,1
397bb33a571c,1.4748665e-06,1
5c1b3591001a,1.5732539e-06,1
9c430cf6552e,1.2491356e-06,1
4c3595d5b6ff,1.6184161e-06,1
c1371b811f66,1.0954542e-06,1
157e8c8d5087,1.2386089e-06,1
03e12743aa5b,9.811408e-07,1
e9fd04a707b0,9.633245e-07,1
37228d871bc0,9.718984e-07,1
f8a559d06261,6.972825e-07,1
0d618a63b335,6.783195e-07,1
c2b48d9222f4,6.802302e-07,1
49616bfe2755,1.0869841e-07,1
517fb0c6d7cf,6.719129e-07,1
a854b80e5099,1.0024646e-06,1
1f26abb4ec81,8.8050615e-07,1
594707dbf8be,8.651701e-07,1
fec40b4179cb,4.691204e-07,1
d44e6034e539,2.9745732e-07,1
fb8fe74919ff,3.2494702e-07,1
9490667774d7,5.137025e-07,1
50b6b725e381,4.966062e-07,1
03622ed9a313,1.0349097e-06,1
089893988c5e,1.19224e-06,1
e7ef110c11f7,1.5253282e-06,1
907584675c64,1.5345778e-06,1
e82529325441,1.3425067e-06,1
7fa9cb3ef323,1.05611e-06,1
85bd4c733bfe,7.9628853e-07,1
796614ab12fe,5.7254266e-07,1
dc20fff9ddfa,7.7567415e-07,1
90930298dd08,8.1025314e-07,1
1f9f1e4b65e4,7.3418215e-07,1
e0fa7f6b68a9,9.606581e-07,1
3ca67ce45402,6.844388e-07,1
14372a34a72d,6.2405036e-07,1
66932f27322a,5.1607e-07,1
97de34198f11,4.8125463e-07,1
6fa05e8a81a1,6.0981057e-07,1
0993fdcf02d3,5.585966e-07,1
660888a6bfee,4.1887193e-07,1
cce131121936,5.8149965e-07,1
d30f81ae6960,5.1293796e-07,1
43e8e4cb8a5a,3.1934803e-07,1
b71cf7538638,3.1841643e-07,1
bf78a696d0d0,3.1577284e-07,1
6282a225dff8,3.624332e-07,1
5109fb334689,3.299129e-07,1
057c3c5e826d,6.480513e-07,1
471734cba7ec,5.534229e-07,1
7ce85f79491c,4.4629908e-07,1
c85d798d0d65,7.485594e-07,1
3da14fd1a1bd,7.661583e-07,1
b74b7c0ff307,6.777551e-07,1
1a16de5b9446,9.994185e-07,1
bdbeae090d38,1.1559525e-06,1
c8f6d1448876,1.0090237e-06,1
e69bc5f30ace,1.0661252e-06,1
4b90cc081982,8.7099704e-07,1
43bb9a624c55,7.451563e-07,1
9437ec682a70,8.125695e-07,1
d3f8d3b38531,7.637718e-07,1
f4d7bc533e0b,1.0456749e-06,1
e221fd497258,9.037293e-07,1
34aa74cf05b8,1.2533901e-06,1
7d8f66327de9,9.758212e-07,1
787cad9ce289,7.992183e-07,1
d40bf1e0eed6,7.7172234e-07,1
f21cfea7babf,4.8613117e-07,1
dcd0f479add0,3.1130512e-07,1
406d45090618,6.546259e-07,1
3d1ca57cf5fb,7.0920976e-07,1
e4cc399573ae,7.864463e-07,1
b443eb3308f8,9.756393e-07,1
86a28cc43b71,9.4577103e-07,1
9c89279b93e6,6.7619027e-07,1
ca45cbdfdf5f,1.2235928e-06,1
d82532f821b2,8.20448e-07,1
fbbf03fe4b61,6.167059e-07,1
c948d81653b2,7.745723e-07,1
d78aea36cbcf,9.705598e-07,1
899aa83fa226,1.1244321e-06,1
b67e487817bc,9.988088e-07,1
8e8b77f26b82,8.3006995e-07,1
16c2f3840f02,5.17799e-07,1
fb4ab30adbbe,4.880596e-07,1
c041853eb623,3.1175335e-07,1
08f618773f7c,3.5713097e-07,1
d3791a3621fa,6.791717e-07,1
3ac937f738df,1.1617499e-06,1
c2c16514cf2b,1.100279e-06,1
f33ff5a7c4d1,1.3125556e-06,1
20316ec9badb,9.3757444e-07,1
e0df34793530,8.710827e-07,1
2ebf5e113e41,6.96946e-07,1
7b7fa314124e,9.897783e-07,1
3d2fbddcbe22,8.989675e-07,1
7841a02056b1,7.399701e-07,1
1a80600634cb,1.0446437e-06,1
ce85d26c5fb8,9.760859e-07,1
c063fa448ecc,1.1428299e-06,1
baabafb1021f,8.541114e-07,1
0f6eca2204cd,1.4021465e-06,1
ce30f7cf2a0f,9.907475e-07,1
2751f046d530,7.16612e-07,1
4652ec09c4e5,6.165326e-07,1
0c2edc4bd589,3.138281e-07,1
479186dfc011,3.6585814e-07,1
f20a77643b49,6.5521186e-07,1
f38de3f00f26,6.192177e-07,1
bbdc232f8cf7,6.2363193e-07,1
e9db21796362,8.8846394e-07,1
c1e355bb3d9f,8.9851557e-07,1
048aa166f978,1.1511721e-06,1
7e8e62311402,1.0706215e-06,1
a0e778243e22,1.1207599e-06,1
7d523a586e80,8.13248e-07,1
99a5e2900fe8,5.560078e-07,1
ac2d1d70a0fc,2.743082e-07,1
ccb3582ff029,5.010089e-07,1
91a1bf393ffe,0.0013583628,1
3971c68f0c9f,0.0013586606,1
254dd2ae925f,0.0013574137,1
dc417b1da794,0.0013546913,1
e04efaa57f65,0.0013469245,1
5311af73217d,5.9975065e-07,1
a9def0176c0e,1.0470487e-06,1
dfd5b4aff738,1.3749002e-06,1
7537c1d6996c,1.2523911e-06,1
1bd8931980c4,1.3774442e-06,1
92b977d2454b,1.340826e-06,1
2a3583e254d1,1.1035983e-06,1
b092c2c62c9f,1.1967438e-06,1
0e16780fc256,1.2047517e-06,1
b76fa8fc37c0,1.1718201e-06,1
d85c6fc4e5fd,1.0251459e-06,1
33c6d64b1447,1.2337415e-06,1
f0b25880a037,9.579039e-07,1
57b3b46cc4e3,6.435199e-07,1
e8aeabfc7d1b,1.0239279e-06,1
63c546edf7ea,1.248526e-06,1
1f2b9385911b,7.26796e-07,1
1f9df07e536b,5.9236015e-07,1
4a4ffb2c04cb,7.0025305e-07,1
ecaf2af0b0b6,9.4334735e-07,1
e81102825680,9.758655e-07,1
eb0080d53275,9.3954196e-07,1
1155ab761a58,1.0442808e-06,1
d9811a78b5cb,9.584778e-07,1
97443ef6cc46,8.0687124e-07,1
f08c85ac17de,1.0367876e-06,1
09aa806aaf31,6.613994e-07,1
314ca5a18236,7.1338957e-07,1
45dddd12dffc,5.8316994e-07,1
7792dcbbdbd9,5.5406286e-07,1
63fd4326a8bd,6.4214873e-07,1
3e7a0dbe33d2,9.419806e-07,1
0e6c359b222a,1.3443289e-06,1
c0949b3996eb,1.138648e-06,1
ddf8a66fc12c,9.0763774e-07,1
a3700704c6f9,9.0385754e-07,1
39b76670e58f,5.5805634e-07,1
eefbf2b46445,8.939484e-07,1
7ff408473084,9.082824e-07,1
3dca239d9324,9.067351e-07,1
a76c279f9040,1.0955171e-06,1
9bd18f0ee594,1.1060993e-06,1
72ab4a1c4d6e,8.0513445e-07,1
41b74089c195,8.1944046e-07,1
1a6010bf150f,7.5691617e-07,1
3aa9e517fb7c,7.6967e-07,1
74e3007b295c,8.2755224e-07,1
55245b876cc0,1.2233352e-06,1
7ec8cdda28e8,8.803668e-07,1
f8dc886fcdc5,1.2549343e-06,1
292500ce3fb8,1.2959888e-06,1
1e054f3abcbf,1.3213329e-06,1
2e1c5dd1c127,1.154456e-06,1
f81fb99f401f,1.0834212e-06,1
3ef807addbd5,1.0039033e-06,1
ca9423f645b2,8.466957e-07,1
0b3d49f5b1e4,1.0555817e-06,1
5f06d1198138,7.171452e-07,1
ac2af44d1ee0,9.91278e-07,1
b68991086ae6,8.049468e-07,1
81d357598f8c,8.4364297e-07,1
1f42d10073ce,8.305305e-07,1
b541c493c75e,5.1063216e-07,1
44a9b7ba6197,3.0724465e-07,1
0d8216c1d438,8.397157e-07,1
fbb51d7954e1,1.0902369e-06,1
6e518b5369ed,1.1939916e-06,1
bdcb70db5de5,1.0223459e-06,1
33806f6212af,1.7691381e-06,1
87f665b7dc64,2.060662e-06,1
baecdd47a5bc,1.9473955e-06,1
3701e267c940,1.6347683e-06,1
9de04e44ecea,1.0522783e-06,1
ab3643622ffa,8.450059e-07,1
cbadcf48edfd,1.0821416e-06,1
4613a2278e29,1.2020311e-06,1
78af92ff99a5,1.2005721e-06,1
e051ed464dcf,1.2037646e-06,1
7c6c88b915f8,1.0601148e-06,1
1545cde8b1d7,7.8007577e-07,1
7631ae80d4d9,1.157151e-06,1
037f24264ecb,1.2570139e-06,1
e8aeab7bd2d5,1.2675814e-06,1
c8b3951abc38,1.4422044e-06,1
6f54219c6d41,1.2442914e-06,1
6e4423ec810f,1.2120813e-06,1
b48e213a8d23,1.027781e-06,1
1d44e1acab6e,4.444292e-07,1
d386aece8b75,3.927307e-07,1
be4f5320654e,6.7986443e-06,1
de5d76831eea,5.969773e-06,1
ff86bc909017,5.2170294e-06,1
a178eee0fd8b,5.8247965e-06,1
60c2a7b3ab0e,5.294808e-06,1
fe1bed31b9bc,5.0955845e-07,1
1605ab3f5841,2.890618e-07,1
58cc5c69c7a6,4.6457558e-07,1
a00057cfb288,6.111541e-07,1
404a95680190,7.5233595e-07,1
3297500cfa44,8.550877e-07,1
b8e02b2107db,7.2508936e-07,1
6a208cdfe437,5.111995e-07,1
7c59e23f7516,3.0610695e-07,1
a41aa06f8824,4.041218e-07,1
02def6627e31,5.043443e-07,1
0bf14aa0e6b9,6.344662e-07,1
d65a7fee285f,7.493407e-07,1
295fd36beb61,8.893846e-07,1
2934cb254abc,7.8614204e-07,1
cdba4d1c8960,8.312853e-07,1
a0eb2b8d16c4,1.0743344e-06,1
47b5fc46e15b,1.0406676e-06,1
7f9dea99d533,1.2252104e-06,1
2c4415f1cc7c,1.3915441e-06,1
c80d3c7f4b68,1.2234962e-06,1
bd3480f5caec,1.1863059e-06,1
189c5e569c3c,1.0564795e-06,1
f31b63c0fc61,7.25998e-07,1
2355dec217bc,8.239909e-07,1
c99c80c0f0f0,6.367299e-07,1
d5aedf4c1770,4.974556e-07,1
6273e67c7ab8,7.8967366e-07,1
b254aaa57a26,7.081064e-07,1
7f75727bcae6,4.905698e-07,1
e8f2759d5ff9,6.566192e-07,1
83e487decc1f,7.342635e-07,1
5d705d154a5d,7.0739924e-07,1
4fae3e5dbceb,5.4436896e-07,1
e5d0f2c55695,8.2139826e-07,1
de3c53464284,7.72747e-07,1
46761b98a57e,7.9632525e-07,1
28a915bf2b22,9.881488e-07,1
e47b71dc2bff,8.263494e-07,1
7d3a6e9c3bc3,9.885533e-07,1
0c4617693487,1.067468e-06,1
a0eb6f5c1a72,1.3104267e-06,1
eb5a110ae683,1.3690832e-06,1
2753f65b4ca7,1.0172291e-06,1
59a5640044ec,7.7140004e-07,1
504bf1146c52,1.9968648e-07,1
281a370f270d,2.296624e-07,1
ee031e84a442,2.8317075e-07,1
a04a78332ce6,5.4191867e-07,1
7abb1ede0cc8,8.573844e-07,1
dc570ea1c0f8,6.753566e-07,1
6e3c4cc05753,7.936569e-07,1
8dfb4ddc57b7,4.034871e-07,1
e0dd5f1ed267,4.2121638e-07,1
77a432de1971,8.1553856e-07,1
4fca49459348,8.284555e-07,1
fc3d0d7dae89,9.617622e-07,1
5d4d97686ba4,8.7714244e-07,1
31e45fa26ae3,9.1035844e-07,1
d29a52e87d13,2.2035164e-07,1
3e204457ec13,2.2257895e-07,1
12d9ff4de90f,3.4302636e-07,1
73640d2bac3c,4.576779e-07,1
3408976c19b1,5.9396467e-07,1
dc9a82ec44e9,6.5113846e-07,1
ef10a58780a1,1.066131e-06,1
03cbb611626f,1.5324972e-06,1
a94e3663f877,1.7675437e-06,1
1366b893ea6a,1.5545249e-06,1
23f2b7c52903,1.0962264e-06,1
7608b6af1fd4,1.0916307e-06,1
a4b935eba537,9.1838064e-07,1
c332ab8abcec,9.414557e-07,1
246ab3749521,8.9834765e-07,1
fb8e07188e39,1.030939e-06,1
c3ab9d9e1169,1.2045664e-06,1
f5bb59688c4f,9.1209705e-07,1
7737cd069afc,9.362162e-07,1
ad46cdf0d9d3,9.566743e-07,1
034ba9a9828d,6.5808234e-07,1
c39670a1ed48,6.095978e-07,1
6d36491e1b2b,7.531848e-07,1
19564b5431eb,9.444444e-07,1
fe7a8c269bbb,1.0771789e-06,1
84e08a75f805,1.4327334e-06,1
8e8dfda32861,1.4055215e-06,1
25af2e8c1254,1.2924053e-06,1
5bd39ba57ccc,8.232897e-07,1
d73a56479e3b,8.9340426e-07,1
948aac275b9d,1.251745e-06,1
5b35baa81af2,1.4477081e-06,1
88107c68dc0b,1.2408909e-06,1
c9d197f67783,1.2412318e-06,1
5f6b2f9f20e8,1.5372938e-06,1
dbff0aaee8e9,7.74529e-07,1
7061864ec254,7.6337653e-07,1
c6978c4cc8d2,7.112406e-07,1
fb308f155916,5.520856e-07,1
f90ca68fa530,4.8402615e-07,1
ca7f437eb2f3,8.3371106e-07,1
c05d9ae81c2d,8.058554e-07,1
1bdaa33700cd,9.796576e-07,1
46654f7b4142,7.458607e-07,1
278a531361c2,7.0147144e-07,1
ded11585f767,3.9792408e-07,1
dda3432c703e,5.445809e-07,1
9edccdffda78,7.937226e-07,1
3d970bb48b97,1.0204698e-06,1
a0fab29ae53c,1.1541048e-06,1
6af6a0d3e4bd,1.0006237e-06,1
092a47611962,9.930845e-07,1
a9cdd8efc5d4,9.81458e-07,1
3c6d5b3a94d9,5.886086e-07,1
870505bbcf20,1.0489731e-06,1
00da2afaf38c,1.0339767e-06,1
0cdceabaab6f,8.966087e-07,1
660c61610925,4.7781464e-07,1
7639336827e6,4.886507e-07,1
7a32c7a41851,6.173498e-07,1
9cf07eabe35f,7.8693233e-07,1
20d6ba279b7d,6.6340704e-07,1
8ac65ba6165f,6.6525024e-07,1
c59cfdd5277b,5.7680387e-07,1
0e6aeec6198b,6.3774417e-07,1
6cf3685a5b53,7.143386e-07,1
5f1097dd60ed,9.649053e-07,1
60e05104f573,9.608339e-07,1
7de7ecf41235,9.985063e-07,1
463b9f817653,9.569447e-07,1
4d208c19458a,8.0974655e-07,1
ab189656de47,6.862466e-07,1
0e7c618de133,1.1705239e-06,1
b9868a65a083,1.064263e-06,1
9ac6da59544c,1.1974589e-06,1
963eebfafed2,1.2609673e-06,1
45a400014417,5.633149e-07,1
516cc16b631c,3.317824e-07,1
121bec90820f,2.8257156e-07,1
8698fd02d235,6.5646515e-07,1
de2ae8004517,1.2912825e-06,1
5bafac530e26,1.288426e-06,1
28ebb73bd404,1.4707214e-06,1
612860028759,1.2710115e-06,1
bad314dfe3bc,7.6660723e-07,1
83a07cb697c3,4.1817628e-07,1
e185a51ddeef,2.4625305e-07,1
3c60fd9e694e,2.8201632e-07,1
328f8023287a,3.8790898e-07,1
93e91f6a13c6,3.6763055e-07,1
7f6bbf85c442,4.2724452e-07,1
fe665f4a0dff,4.5422337e-07,1
b6dc7f75c170,3.8318896e-07,1
ea803c1fcb51,3.703498e-07,1
326d563d119b,1.0391414e-06,1
f7fc78ccbd45,1.1287236e-06,1
ce87239f14a7,1.2484384e-06,1
9fcef7ec096b,1.137932e-06,1
f8a5e836ad14,9.193755e-07,1
dfcbea99d838,3.5437483e-06,1
679fba4d90ac,1.3145074e-06,1
eb17181aae1f,1.5256596e-06,1
34d1744fafa6,5.6724235e-07,1
4dcae47587fc,5.097623e-07,1
d84197a99c3a,5.895778e-07,1
9ec889efdcd4,3.8729885e-07,1
875f30779ed0,3.927989e-07,1
7786b244d603,4.154442e-07,1
450d98734a3c,2.839506e-07,1
2e8d8d4ac68f,3.0268868e-07,1
15b1097f4f49,4.486006e-07,1
df7a692ef7ac,4.0320023e-07,1
ca59a12cf993,5.310883e-07,1
37049553d92b,2.5583736e-07,1
e8443ceede1e,2.1905143e-07,1
783fbddb6422,1.8259921e-07,1
38337f346588,3.591793e-07,1
7313b714a9ce,3.7443883e-07,1
f241e4b39f43,7.2049966e-07,1
775158bda84a,8.3452454e-07,1
80726f540cb1,7.8847245e-07,1
b5e6843aa9d4,7.785724e-07,1
681999a971fc,7.696352e-07,1
363404eed902,5.66101e-07,1
cdc8eaa1ab54,3.123323e-07,1
a3f817455016,1.4369768e-07,1
bec41f58a699,2.8421013e-07,1
6fd6d1eb8ea2,3.2644292e-07,1
0f89ca21eed3,4.3534033e-07,1
359e4c07f07f,4.861184e-07,1
8457a57cf93e,7.449186e-07,1
6f2d1972b284,7.761802e-07,1
4fa4aaa1a3ea,8.672182e-07,1
70e17a915b37,6.9630426e-07,1
e70b6a97d2e7,5.77348e-07,1
464efda3492d,4.77095e-07,1
b26839150bae,2.3250712e-07,1
116bc081013e,3.4647138e-07,1
574fe4682710,3.0705533e-07,1
750c8cb0c518,2.0609838e-07,1
5a164e53c6ec,2.742063e-07,1
f572aed9bb03,3.9715687e-07,1
4b20408dfb08,4.790967e-07,1
1f66132dc4b2,6.466981e-07,1
8cb6614d8159,6.1593556e-07,1
e36213df427c,7.8164965e-07,1
9877c9d811ab,6.5821575e-07,1
58f3c3bc6284,3.8890238e-07,1
d6ea36e7ad91,5.84388e-07,1
e34d0eb3aa99,3.9475597e-07,1
641012a58652,3.3993533e-07,1
6d72b8bfb5b8,3.4797517e-07,1
3995d6620198,2.4166263e-07,1
5d5186c699aa,2.1605962e-07,1
9248ffd8fa8d,3.7339512e-07,1
5cab366606f2,1.7965611e-07,1
37160b29d411,2.7394782e-07,1
97f012e6d25f,9.2265793e-07,1
73660ee3e5da,9.4896336e-07,1
b0c678fcc339,9.028296e-07,1
9a7715e50860,7.165497e-07,1
bd381adba2c5,1.1853999e-07,1
aef1df638580,4.5459728e-07,1
33ec5d4bd0cc,3.274673e-07,1
f14b3a3ddfe8,6.731885e-07,1
d9b49a81b9af,2.389711e-07,1
2e1f785d246a,2.4614346e-07,1
5c62ff878dc0,1.306749e-07,1
8fe6ab4c8dc1,1.03604904e-07,1
0cf60f63324f,1.8863886e-07,1
649e92d031be,3.0863214e-07,1
2da257299eab,3.538744e-07,1
d6f788e2094a,5.946997e-07,1
15644ecf0623,4.2063883e-07,1
2fa6dcd0015e,7.3620606e-07,1
3dfd81d44327,6.6880267e-07,1
63b4ab54a9a3,4.0550722e-07,1
f97da03c56c4,2.7498876e-07,1
670f0e7cea2f,5.956395e-07,1
0d367045c234,3.593797e-07,1
b52b9cb5998b,3.4765583e-07,1
280880d4ab85,4.2398233e-07,1
1ad293c312c3,4.2705975e-07,1
df87835a90a7,3.3482334e-07,1
76f76dfd613b,3.859133e-07,1
60fbc14090d0,5.5519206e-07,1
bb893ad06261,4.7870174e-07,1
b513c5b28e7e,7.532847e-07,1
63979ce1b2b7,6.716158e-07,1
3fb91c3e3597,6.049153e-07,1
1a79fd8e346c,3.3228963e-07,1
74b615676bac,1.804571e-07,1
3fe330c64c73,3.8880486e-07,1
7d4e5f28f147,1.7544613e-07,1
0998f57a8fc9,9.935657e-08,1
796142f595d1,2.5819767e-07,1
d50aa7a88f59,2.0976533e-07,1
2adfbb258e67,4.2916324e-07,1
7e2c70977d39,3.3501553e-07,1
2641082e7869,4.71057e-07,1
bfa04f53bf12,5.249263e-07,1
2582e1578902,5.225343e-07,1
3febdc5cfc6c,5.439186e-07,1
e8a147c27610,7.027357e-07,1
ab54bbe7efcf,6.73752e-07,1
491cf5c37a19,5.298159e-07,1
e109b47b8b3a,6.7742025e-07,1
4b399803b976,7.5225176e-07,1
555eb61b0cb1,4.9347966e-07,1
6521ca4ccfdc,5.0936154e-07,1
fd343bc84ca2,3.1104005e-07,1
d5a9d56c4ad0,5.2844115e-07,1
7fa73c9f0590,3.4251227e-07,1
e3804c3a15dc,4.746442e-07,1
ac62d54f4ddd,6.498661e-07,1
e913c46ecded,6.733466e-07,1
d3761b68b166,8.0220076e-07,1
b8b0ae6d54b0,7.1426723e-07,1
8fc3b3d62862,3.648032e-07,1
d328c0866ecd,5.4545745e-07,1
e7b51484d0d7,6.398282e-07,1
d30fa17fdd60,7.761159e-07,1
b8f9ee4255ec,8.509992e-07,1
8e07911dc7dd,8.8967175e-07,1
c1ccf82c1a50,5.565462e-07,1
8cd3bdab0ea8,4.967677e-07,1
59d718a69757,4.5275178e-07,1
4c5fdfec45db,2.4605225e-07,1
19adbe942be9,6.0097943e-07,1
9d4bb50b175c,4.5071025e-07,1
8d6f536d9766,6.3456474e-07,1
3b3598e5dd44,7.883357e-07,1
692b1a61f4b3,9.163159e-07,1
cc8db3df4e8f,7.630067e-07,1
c4e7bea0c7db,8.272227e-07,1
eb32cc68c5a9,7.4584483e-07,1
ff77dd7c8d04,4.378077e-07,1
a34851630a80,4.3684e-07,1
06a9010e5ab2,7.2183695e-07,1
4f6426bd46e9,2.663833e-07,1
e4d429e85ad6,3.5310708e-07,1
45e64a77643f,3.5916045e-07,1
63d94de6aa09,3.2565373e-07,1
d4170f9bf7ae,2.7026243e-07,1
414bc348d8a7,2.57924e-07,1
c78e417890cf,2.2077472e-07,1
74e2c1a6a8a9,2.892058e-07,1
4e99bb09c41e,1.4968498e-06,1
9e4a2943b20b,1.5470581e-06,1
f87f79c65130,1.4426702e-06,1
2956af39929f,1.3000993e-06,1
835dc5a8696a,8.3308265e-07,1
a5bca87b2775,3.0020993e-07,1
2df57a14366c,7.3904357e-07,1
1faa55b16282,9.894943e-07,1
c5dc2759f6f4,9.1036384e-07,1
5156dbc46d6d,8.2648506e-07,1
c26a60638ae1,6.0535683e-07,1
687c44e19176,6.087121e-07,1
e43c36a0c631,2.001104e-07,1
397eff24745a,2.0928975e-07,1
4caf2b49408d,6.48075e-07,1
355a60f76208,5.208299e-07,1
c879f28382d6,6.30942e-07,1
84da0a800af1,5.705001e-07,1
08198ac58317,4.9042677e-07,1
1cd00df9d021,3.6898518e-07,1
b0315e131cf0,3.0947177e-07,1
405dc00fe1bf,1.5571511e-07,1
0d640b666c69,3.5089008e-07,1
16460a02aca5,5.811973e-07,1
83db1cae378e,4.7532305e-07,1
b872864b863c,6.379941e-07,1
75b7f2e30a59,3.4401882e-07,1
47a245c803a5,4.4550632e-07,1
f3c7be5b9d6d,8.951819e-07,1
8d0d8f4cf3d9,9.861017e-07,1
376c208d286e,7.8896153e-07,1
b637c5abca68,1.0331951e-06,1
02471593166a,7.1663993e-07,1
19f871c510ba,6.755438e-07,1
adce319f0be6,6.2488135e-07,1
dcb181b09169,7.609012e-07,1
02857da4635e,2.6671444e-07,1
c94834e9b6f6,2.5413e-07,1
12e13372ef9d,2.2054664e-07,1
f5fc50f0f03a,3.9982783e-07,1
d43512fb05ce,5.659162e-07,1
ed8538521c50,6.9073616e-07,1
0d302f3d5a48,4.9676987e-07,1
17de51ccf1a1,4.319708e-07,1
54433e134ebf,3.1327596e-07,1
9fcfe6c49e6c,2.3316255e-07,1
67683e15ef2a,2.0640209e-07,1
fdbc3adcd092,2.7897752e-07,1
fdb950d76732,6.4671445e-07,1
540db613af51,9.4941953e-07,1
995f20ff4104,9.546662e-07,1
7a5d9420bcbb,9.495216e-07,1
c9f2ac7e678d,7.9752596e-07,1
b16b061bbb20,2.7965189e-07,1
e54f0bcbb765,1.3224948e-07,1
77c3e9aa3175,1.4439054e-07,1
0db07e887b74,1.7698446e-07,1
49213ace4a17,2.6608046e-07,1
ef5e0bd28f19,2.0590566e-07,1
76c4077e001e,2.271648e-07,1
840518489bf7,3.470393e-07,1
ce44383ca014,5.52684e-07,1
3a7cce6037ed,6.1421605e-07,1
9f76b81c1b69,6.043419e-07,1
8169c6742ca5,6.986569e-07,1
911c39cba9e4,8.3961163e-07,1
11e7151bcc48,6.848837e-07,1
2a6a1f3ca4e2,9.0891143e-07,1
a80b936a9b53,9.0870003e-07,1
04d92e808348,1.0539495e-06,1
3f9482628520,9.329607e-07,1
949a5c9d5709,4.257954e-07,1
d1f7c8640a7c,4.516176e-07,1
a9e54b3afc0f,3.934609e-07,1
c7e5811d433a,4.0809886e-07,1
0cdedb70561c,2.5608696e-07,1
7c4978efe644,3.8096036e-07,1
8de99ae241f9,2.7669296e-07,1
b51b12a17f8c,4.4774316e-07,1
db441eab1637,4.013939e-07,1
c345a2e767e7,3.532084e-07,1
1afe5fa3098a,7.7566267e-07,1
e16f1773529b,6.462905e-07,1
856b9e7e9445,5.250425e-07,1
510e0010dca2,5.53773e-07,1
c25cdcfa65c7,3.536009e-07,1
32fd7bcaa964,3.2623873e-07,1
00ed146b2419,4.426471e-07,1
ea09ed7b453e,6.7600376e-07,1
ec6bd79f612c,6.71525e-07,1
2ee4cc543bb2,7.502342e-07,1
60d13bec602e,5.427165e-07,1
f1a724e797c7,5.088933e-07,1
ac6d842ce13d,5.11245e-07,1
262b7fa48867,5.894775e-07,1
97f3aa7127b5,4.5411002e-07,1
9d913ffc4513,6.3279776e-07,1
5ea8fb461bd0,7.0549044e-07,1
3a99f20b69af,5.2245184e-07,1
9499f9318bc2,7.076149e-07,1
53682c323c0b,5.547827e-07,1
c811ccd79056,4.0970346e-07,1
e5d83b13cce6,4.7057102e-07,1
658318a612b2,6.6424764e-07,1
cfa51b838fd1,5.5805185e-07,1
90cacd42daf2,6.123068e-07,1
3b0c1c95ea29,6.408619e-07,1
fed01ae43c00,4.0246005e-07,1
32bac4b49fb6,3.8109633e-07,1
d0adc7190d37,2.9960464e-07,1
6d3a8bf865e2,5.6661054e-07,1
0a675a3c42b7,5.581281e-07,1
ffdab89d8703,5.681871e-07,1
b2ae3f4b4393,6.6900793e-07,1
d166c7fc7a94,4.798496e-07,1
4d889e81e1d8,9.737316e-07,1
aa08b5f7172f,4.860656e-07,1
a2239bffb9e4,1.5920455e-06,1
ff605d61d276,1.0596372e-06,1
bfdb7864f6ef,1.0207266e-06,1
ce8f6e547e9f,7.536514e-07,1
13eaeab86a6d,7.9096293e-07,1
a796d4490593,3.618484e-07,1
8cad30db7df1,3.207642e-07,1
8f24e4534d6a,4.0293205e-07,1
90128c11d7a9,3.5714336e-07,1
a3bb14dcc01c,5.0412774e-07,1
77df5a6b43c0,3.7526772e-07,1
fde2254de315,2.456591e-07,1
126a8e9c9b28,2.730792e-07,1
36845229bc70,7.738617e-07,1
e7ac94ac3887,7.165254e-07,1
ddb5768b0d00,8.12107e-07,1
10aab2a9875a,5.9603207e-07,1
8bd69c4581e6,6.749281e-07,1
de2d4e0e0e69,4.613601e-07,1
46c1c537c867,4.6068607e-07,1
975dd5c817ab,5.89735e-07,1
df1d2210e220,5.267883e-07,1
fcb8409440e1,5.5408884e-07,1
a4b637b568a5,4.4650844e-07,1
fc6fb0d72e5b,4.47989e-07,1
d02f31be28a9,4.016201e-07,1
f1f17dbc0045,3.849568e-07,1
6919f3bccf11,9.21757e-07,1
cd8d8ea0d7f1,8.263812e-07,1
3a79fe61cd26,5.4034183e-07,1
8f9eb559b9a5,9.837383e-07,1
438f9ae728f9,6.7710704e-07,1
2c91871f1d0c,6.33635e-07,1
ca3c77d735ca,1.017722e-06,1
3f212a67c65e,6.377542e-07,1
f3394814ee51,4.617095e-07,1
8891af6160af,5.288228e-07,1
40cba7dda2d6,5.516127e-07,1
d7515b6869d6,5.546358e-07,1
f87c48ca3cf0,5.0986085e-07,1
6a9fc82cf43f,4.4327766e-07,1
b298b887d2c2,6.8355047e-07,1
066abae519c4,5.2946496e-07,1
c12a2c4573d1,5.4892683e-07,1
fb3bc0c1fd01,6.395843e-07,1
3122cd5cc440,2.7867827e-07,1
fe552c28a613,6.6432347e-07,1
10a739c570d1,7.829283e-07,1
45b7f768f446,6.316654e-07,1
409880ed8180,5.6521765e-07,1
84494f3a4ee9,5.1660504e-07,1
ae48b32afbd3,5.0062636e-07,1
b312e04b1e19,4.30052e-07,1
dfa44747bc70,5.6153897e-07,1
85bf581143ef,3.8047918e-07,1
4cfe943da26b,4.481771e-07,1
55db6f67e4b7,5.368212e-07,1
462c4d772b2d,6.023928e-07,1
7a03eec1da86,5.981211e-07,1
c1379a8d6e12,7.880984e-07,1
3d87b2a3295d,7.098409e-07,1
2477a1d024cb,5.2898577e-07,1
f3882f046b0b,7.9655416e-07,1
71548e329a17,5.6218664e-07,1
d7d8b39c66bc,7.274362e-07,1
8df080deee47,7.324783e-07,1
160dce6b981d,4.2925657e-07,1
220a635bad11,5.181346e-07,1
852ed7bbfc3c,3.763965e-07,1
03c08633e112,1.9518019e-07,1
20a8135bbe4e,3.1861975e-07,1
6bb378b040f7,3.9718478e-07,1
61c3753cbcb6,6.698162e-07,1
4452a48fd8a3,6.888275e-07,1
45204cacecd0,6.149705e-07,1
5dd50c4660f8,7.747904e-07,1
c93a471d7f12,7.011643e-07,1
6f1db35ea971,5.32889e-07,1
ed1bda70ca9f,7.7469593e-07,1
18add2e64b95,6.5896074e-07,1
3f992e9172a7,6.1161563e-07,1
84f18aee5605,8.873677e-07,1
40b143e6391a,9.804063e-07,1
cd65f5bdb185,1.1112155e-06,1
b8ab7122a15e,8.662645e-07,1
4ddc354c69e3,7.3822326e-07,1
bc971bb08b3b,7.5212233e-07,1
5d46746894a5,6.210231e-07,1
f7f62256caed,3.6786446e-07,1
0c811207a78a,4.7223375e-07,1
1d83c608c138,4.5099193e-07,1
bb1432e906f7,3.3815476e-07,1
9d98a733bd06,3.1070442e-07,1
ec02ee6c5d26,4.255237e-07,1
a7926e2b7e0d,4.5905372e-07,1
00ee9ebd9cfe,2.0553715e-07,1
7e623d9b972d,1.9496538e-07,1
3bee5c0e5766,2.7322452e-07,1
58dfba06082f,2.531565e-07,1
224b2bf7a7d6,3.7867943e-07,1
083de92f9d16,5.612496e-07,1
ed276ae7377a,4.320798e-07,1
52fd4ab87483,4.984415e-07,1
095f612c5543,4.352199e-07,1
b399f4f11a0e,4.1031598e-07,1
ae08f4d01324,3.7228438e-07,1
c7dc91f6c5e3,3.925817e-07,1
8e5aee811b31,2.0105104e-07,1
067213ba3d5f,1.2814307e-07,1
61816ea789ff,9.8882914e-08,1
b408ba09a814,9.3479194e-08,1
276f30b94b82,1.4995784e-07,1
7f709161756f,3.0149926e-07,1
1019c2b940ee,2.1181121e-07,1
3b5a67165f36,1.9266017e-07,1
98873f0df623,3.8511862e-07,1
a879582ea9fe,5.342741e-07,1
8c57a980f7ae,5.525521e-07,1
e0d110693da5,4.5730079e-07,1
d5e1d07769ba,3.6345693e-07,1
97ab380676e5,4.9163873e-07,1
681f230a4a83,5.0057815e-07,1
a9244ca71b4a,5.339133e-07,1
4dda3e0be8af,4.5712065e-07,1
93ba75c9e0ea,3.8023484e-07,1
0ab5680b835d,3.181581e-07,1
3afc0a1e8507,4.7882367e-07,1
764caa863df8,3.7000936e-07,1
fadddc5ec08f,4.1944088e-07,1
6fb68249a051,6.3358e-07,1
9078c48bd161,3.0224746e-07,1
b5128e2d5c92,3.3426772e-07,1
e3b2b467638b,6.21387e-07,1
2a2a434abc8c,2.737213e-07,1
8e96c162984a,4.5155699e-07,1
d0a470c4a67d,5.809915e-07,1
4182e2bf7c90,4.7161075e-07,1
6493bbdcadc4,3.7729785e-07,1
65c5ff05ffa8,1.7720987e-07,1
0db5411d0cb0,3.66635e-07,1
d999689a0444,2.8430767e-07,1
4a06a9dd30aa,4.0948134e-07,1
c193f2fc483e,2.2494397e-07,1
4c5082da2ca2,3.1388822e-07,1
d70c55f5d76d,2.8483146e-07,1
79bc058605f3,5.646251e-07,1
4c96acb521d6,6.809245e-07,1
63f5b79bd34f,8.028321e-07,1
f590e0534046,3.3893588e-07,1
05ed19709d08,2.662038e-07,1
5d8791e01a97,4.0740667e-07,1
1aadfd0d2347,1.6355153e-07,1
81f925326f68,1.6777051e-07,1
2aee7821c364,2.3623727e-07,1
0753555b9496,2.847263e-07,1
a1d15c376a4f,2.4555345e-07,1
9eec38e0aca8,3.716976e-07,1
d1004780371b,5.635223e-07,1
6fb91b793a4c,5.547286e-07,1
24fc9a7c1e27,7.1876525e-07,1
14fddf6adaa4,8.6387683e-07,1
a0e102137c2a,5.0790055e-07,1
a989a8a60882,3.597586e-07,1
c98c177c04c8,3.0392445e-07,1
233ac2126e54,6.107647e-07,1
1e6c8e7118ce,3.7641496e-07,1
fb08321e2000,8.7249765e-07,1
972bfbf57bb9,8.611763e-07,1
a30f2e85e929,8.0632435e-07,1
fe435eab3e7a,6.9409595e-07,1
4d86ece5a87f,6.9302547e-07,1
cbe477b36c1b,5.3885896e-07,1
13b84da7e88d,5.676103e-07,1
e2d5f6337eef,6.993171e-07,1
d14e01f4d682,5.318258e-07,1
2516a764aaac,4.6325405e-07,1
1410b400837b,8.589891e-07,1
c73bb528695b,6.344226e-07,1
a82d58bfcf68,5.8139835e-07,1
61855e6fb2ee,4.1352698e-07,1
d4a44529ef2b,3.0101194e-07,1
3849a4ec4435,3.9691363e-07,1
9f94024bd171,3.304692e-07,1
f7ca8ca7da8c,2.6506544e-07,1
9581c577f776,5.613198e-07,1
e3e27040b83b,3.2414277e-07,1
80a4310b4a24,2.7000792e-07,1
e823078e3f76,2.6592198e-07,1
928ed56b17f6,6.364341e-07,1
8b11c17e66a4,7.090415e-07,1
f5fb0b53ce4a,5.0058384e-07,1
37dd19224d0a,4.188594e-07,1
4c6d942c3335,4.936692e-07,1
96733bf4cc51,3.3313157e-07,1
956c35682cdf,4.766423e-07,1
113f2bd36305,3.9610617e-07,1
8080b45ea3d4,3.954168e-07,1
cb0cb8bbe67e,2.1237231e-07,1
58d59a3d365e,3.4662875e-07,1
5c88ecf9178f,2.2629902e-07,1
53d09676188e,3.405223e-07,1
e7cef5d2b29b,5.15612e-07,1
92762694550f,7.8685673e-07,1
63521e2f390b,5.282227e-07,1
219b95eb1cee,4.4417942e-07,1
204546631c01,4.135085e-07,1
bfc0f3a4d46e,3.7741248e-07,1
ffef14651679,3.4562882e-07,1
4371ebfa74e4,4.3264413e-07,1
071ce70fa9e6,2.556714e-07,1
dbf4ca225c4c,6.6736413e-07,1
dd7606a816ce,2.8066881e-07,1
9800c43536c1,4.8639544e-07,1
b49681e9e84a,4.949205e-07,1
af209f6c6d52,3.1499047e-07,1
6e3121f6335a,3.6233368e-07,1
e83d9a9ff2a3,4.5006377e-07,1
b6d0897f726e,9.2021793e-07,1
40498f9d5214,1.0065759e-06,1
61b6843a0c86,8.1891335e-07,1
24ff74c84eed,5.900939e-07,1
c3c544e2d926,8.512095e-07,1
720983c64a42,8.572087e-07,1
d3957d4d29ee,8.056828e-07,1
39d14183e756,7.1240754e-07,1
8f65c13a9294,5.583248e-07,1
58b33e068ad2,4.3718757e-07,1
675d6ed64bb0,4.0572485e-07,1
3dd52b1e3e60,5.59132e-07,1
9e29e991d52e,6.8772357e-07,1
2770d615237b,5.352161e-07,1
350c7c3abb54,7.743387e-07,1
db14da82ad3f,2.325603e-07,1
35a1c8963cdd,3.6611885e-07,1
d158c5bfad63,3.01191e-07,1
e2efecabe960,2.3245454e-07,1
26838bcacd97,2.2364551e-07,1
e71a2f7c3877,2.970574e-07,1
ab06c2007317,4.731723e-07,1
112ff6000d55,4.0939338e-07,1
1f157970592c,5.3440743e-07,1
f83bef7fd121,3.5059233e-07,1
f617a11425cd,1.9154663e-07,1
0bb886ab3b87,2.2210034e-07,1
db506b9d09bc,3.8060148e-07,1
5b9d21dfd4e5,5.1225476e-07,1
473cfe42c1d8,5.233858e-07,1
b9cb5aaba694,4.736709e-07,1
73b03a7d2eb9,5.7417543e-07,1
b0bda523a52e,4.6572097e-07,1
d38afaa0d1c5,4.753888e-07,1
e3c88aa3936c,4.026604e-07,1
20f9fe9c4222,2.9578345e-07,1
92a65f91b73c,3.5713265e-07,1
5206b0a3120c,5.859609e-07,1
3ca09c5a45a5,8.6381857e-07,1
51c5a96f7c8e,8.228126e-07,1
d2210f5576da,8.7017673e-07,1
c3cd11a312ac,6.067581e-07,1
9a123c71f9d2,5.876975e-07,1
6abc694a5504,4.1991498e-07,1
a78bc4f573f9,4.373015e-07,1
4fdd3cdf94cd,3.4163537e-07,1
2d99039b3392,4.997368e-07,1
b011610c6ee4,4.7180123e-07,1
8105ce7b1635,4.1300865e-07,1
c845258b3ec6,3.6351256e-07,1
6dd332c2f810,2.0040564e-07,1
b1d9774f8c5d,2.3108389e-07,1
8f5f4843e0ad,2.4762502e-07,1
77505d10cbca,4.578172e-07,1
cc11e8b0859b,2.6399414e-07,1
fc7f167b6ada,2.3019739e-07,1
c60536198bb4,4.6691645e-07,1
0592756d4fa8,4.1888296e-07,1
1b6996b52e4b,3.3135183e-07,1
d6d736742741,5.031843e-07,1
b825982c80e3,6.2102583e-07,1
31d72f9c65f2,5.701947e-07,1
71cb403558d1,4.631189e-07,1
55c32a2aaed3,4.3311206e-07,1
ed68acac9992,2.766087e-07,1
db4eec2ab521,2.7092682e-07,1
c11c1bb338b2,4.981735e-07,1
e817f50c00fe,5.195812e-07,1
0b2c4bb7cd33,6.5167626e-07,1
4bf7911b072a,7.935309e-07,1
dfb1a89adcc6,7.4654594e-07,1
04e3a14792fd,3.3024156e-07,1
cd3091a3989e,4.2644467e-07,1
18c91fd046cc,3.485284e-07,1
84e3aec495a1,4.3369226e-07,1
bf80a9823bb7,5.256554e-07,1
58bea4aa8818,5.541507e-07,1
4ad23a792fe3,6.6600774e-07,1
f961a54673ae,6.982743e-07,1
d8005925f995,5.55725e-07,1
a4cb190d134f,7.0963705e-07,1
f1d92c82c8b3,5.704608e-07,1
4587233cea12,4.852023e-07,1
8cdecae1d817,8.426401e-07,1
148e1942653a,6.885055e-07,1
1d10ef1b57f3,8.2364426e-07,1
a20a9d285e72,6.0765717e-07,1
56c214c2ff14,4.4322778e-07,1
360e1dd85234,4.1423897e-07,1
8032e5300043,2.7636452e-07,1
e1a121afb728,3.8185718e-07,1
1d1f0be5555a,5.417522e-07,1
34e749dd7f16,2.7153143e-07,1
6c22ea181d1b,2.1532513e-07,1
92e270aafdb4,4.549422e-07,1
1aba2e3833b9,5.1772645e-07,1
62aa63bd0069,5.610453e-07,1
85edab4bb8a2,7.8171416e-07,1
596a090f49e2,4.9235763e-07,1
7ffd4296ac09,5.43127e-07,1
79bb1eaa3805,5.036331e-07,1
dd1931613941,2.1626131e-07,1
e1e9cc44950e,1.9122943e-07,1
8f6d0c3d6506,4.7747204e-07,1
5a4ff1360f63,5.7706234e-07,1
b92473e7ecd8,5.254929e-07,1
79224927a681,5.091537e-07,1
6db1ee71a1c7,5.5471656e-07,1
26072e078df1,2.3503367e-07,1
0ce79130c3e6,5.374909e-07,1
f62969fef1a8,6.348247e-07,1
26d5ec7e6ea1,7.6614174e-07,1
68e6a134d505,6.8773187e-07,1
b34ac63f602f,6.4602943e-07,1
8ce1a4755401,4.786495e-07,1
4304cd38b0e3,4.9797137e-07,1
f13b7bf2bba5,3.8450037e-07,1
23071ff8a319,2.9911118e-07,1
179352520856,1.9117961e-07,1
8b295ae34c32,1.8368043e-07,1
52d58fd545b8,2.7192726e-07,1
33f8406002d7,3.5041302e-07,1
490974e6a7dd,6.970437e-07,1
8f396960225c,6.85159e-07,1
7246d6168474,8.8495824e-07,1
0b1bb6fa9f2d,9.742934e-07,1
810acbae140e,5.466162e-07,1
b760fb97f948,6.0321145e-07,1
a0e37bbac934,5.3078566e-07,1
5f48ba0be60f,5.482211e-07,1
2d6a64c8c6f4,7.318624e-07,1
c11602eb1fb0,6.6370444e-07,1
4607b774da18,4.9756216e-07,1
e786f862bba0,3.8480928e-07,1
8cb9fd59b8bf,5.772671e-07,1
0e79248035aa,2.579393e-07,1
d24a82b9e173,2.1593782e-07,1
0ddfa34795b3,2.899947e-07,1
0944f232eb89,3.2763847e-07,1
95c6262572a3,2.1064312e-07,1
d7ac7701fee5,6.024944e-07,1
2020b1695ede,4.510253e-07,1
d7c93cfb42f2,5.236208e-07,1
41326d90e86e,6.044052e-07,1
cf7ee5502920,6.04428e-07,1
6109dd567468,5.409805e-07,1
28f49673f5e1,3.4929857e-07,1
649aa69c7e63,2.0763666e-07,1
a5b4c7d5b038,8.536608e-07,1
e592c3087088,7.6817537e-07,1
6e1d7824db22,6.8268236e-07,1
2c3ac830cc35,6.405499e-07,1
e1bd299060fd,4.5706562e-07,1
d9a1156c7527,4.812129e-07,1
7992f85333a1,2.9768137e-07,1
6bfd3cbf25aa,4.6872904e-07,1
bb0535aa692c,3.780483e-07,1
2d496dda58ed,5.9882046e-07,1
031102130d61,3.824644e-07,1
3eee02fc8753,1.8631167e-07,1
bdef8e5a3b8b,1.4963986e-07,1
e8b9e39a2a0f,4.4281603e-07,1
67605ecc3502,5.996609e-07,1
488d2f44d876,6.740129e-07,1
1982fa195807,7.881522e-07,1
d93536f09c24,1.2239175e-06,1
3abc994748ef,8.1396604e-07,1
61547c213a2e,5.2152114e-07,1
2cf29443d3d9,6.2857646e-07,1
e838f2482ba9,2.5659926e-07,1
6d93f023bfc7,4.2362373e-07,1
99858116d2ea,5.1807547e-07,1
1b8cb152ed39,9.729363e-07,1
c2fdc6bc1d45,9.874407e-07,1
436213f20d46,7.036354e-07,1
478b8a6d8aab,1.0711328e-06,1
e1b44a86168d,3.8661622e-07,1
b98edc42c258,3.5253902e-07,1
64c31efbf9ac,2.5092433e-07,1
fe9280215794,8.081201e-07,1
7d9bf2b04665,6.9954837e-07,1
eb776144ca83,6.8329626e-07,1
a53ccd570c04,7.029628e-07,1
373216e90c83,1.032343e-06,1
f9e6cd2f09b1,5.8228756e-07,1
18e620833982,0.0013586871,1
119e1e375439,0.001361416,1
63d9b2989863,0.0013599374,1
ccc0e0af5838,0.0013576689,1
a3f0250380ae,0.0013482344,1
0ece87ae11f3,8.534273e-07,1
bab798c49c92,7.4664723e-07,1
e5083ba0254f,9.2190635e-07,1
6a4005f582f3,5.74401e-07,1
107cae464bc6,5.9456875e-07,1
39eb2aec4c52,7.023699e-07,1
491cdbd19b22,5.082867e-07,1
f5c8b81f372d,4.119257e-07,1
aa5066ba12ed,4.3097805e-07,1
baf0cb7e96e4,6.9522383e-07,1
2610e23d2a0b,7.898642e-07,1
6f8d6c454c6f,8.4746387e-07,1
9016d3eaa67a,5.8681474e-07,1
b674aa145b9f,2.2621961e-07,1
f985fd3f78fc,1.8954815e-07,1
98a24f8eadcd,1.772058e-07,1
28d9cbf45aee,1.9351961e-07,1
7be0bb91cf76,3.6449026e-07,1
ec864216b19c,3.2002956e-07,1
aa646f4c1bfc,3.8040832e-07,1
c490b8672615,2.3506766e-07,1
2b0205414934,2.514376e-06,1
17d401c9b510,0.19618398,1
ed724d139871,0.22193365,1
940157d8dac9,0.2219277,1
05aef5500dda,0.24349122,1
caac7445c79f,0.26177365,1
4de182d3390d,0.07668002,1
add124845198,0.053950306,1
66b70c671bab,0.18327782,1
a0e835c03e14,0.21805087,1
187645f2b584,0.20067546,1
3c19376cff22,0.18959315,1
a89656b0f62b,0.18657367,1
5f98a6e5cc21,0.05724462,1
9c1681fadcea,0.0009173824,1
5af94d3c22e5,4.542179e-07,1
f16df670f35d,3.394306e-07,1
64d91b624264,3.227979e-07,1
248f37943e6a,2.6895356e-07,1
f2ff3da7eca6,2.0878794e-07,1
cc032db5aa4d,1.6968278e-07,1
1771163fcd08,1.4601355e-07,1
d0ce77354799,1.6857364e-07,1
c7219bfb088e,1.6298797e-07,1
d507bbd5286f,1.9464976e-07,1
11fcb817ffca,3.2414954e-07,1
328d14dcea25,6.676366e-07,1
0a6f53cd86ff,5.079362e-07,1
39a4a8041c97,5.720647e-07,1
a06df7a98916,5.639178e-07,1
7668388b9395,3.8733899e-07,1
b8e6ef2b8fe2,4.511414e-07,1
f844643d7416,3.1110636e-07,1
1b763f34668e,2.2518066e-07,1
3d245e425ab0,2.1361971e-07,1
6e76727510f2,3.7409487e-07,1
fdfc238c0296,2.1101735e-07,1
22200b1be436,2.748033e-07,1
2cede3ad6070,1.3024653e-07,1
a4a36cc0c7be,1.6289488e-07,1
19c04cbe2429,1.837285e-07,1
c5458e2fae4d,2.2037737e-07,1
ba1aef020391,5.8154643e-07,1
cc2ac36fe6c2,2.707742e-07,1
3bc1368e62da,4.1729808e-07,1
a2ef4d279f35,4.0994388e-07,1
63dd634bdf6f,2.5573735e-07,1
3de511a74e25,3.1225468e-07,1
04f0a527361a,1.6069603e-07,1
375ba92d3955,3.8247148e-07,1
faad788af73f,7.062713e-07,1
a96fa323a7cd,7.20884e-07,1
cf8da5509ae4,9.797596e-07,1
67434e3ce980,5.969182e-07,1
a1d124b9683c,7.271991e-07,1
ab3010b90a88,7.2347814e-07,1
8028fc51088c,5.0936586e-07,1
1fdf20450ef9,4.939287e-07,1
1c7b8fab01e0,2.2885989e-07,1
74bc583c1656,2.9519765e-07,1
4f48eb2f14b0,4.683144e-07,1
1fa21594ae2b,5.0050346e-07,1
7b8ff1a67835,5.8877157e-07,1
2b182d1724e8,3.5475958e-07,1
789e32274b15,2.8432046e-07,1
c5000a0de363,3.2522775e-07,1
2783d1e312d5,4.2240856e-07,1
0cc99ad74ad7,4.5746054e-07,1
863ab947e4a3,4.7320728e-07,1
ead230ff0a23,4.7611965e-07,1
fc73979922b0,5.902093e-07,1
a47960a135b3,4.56146e-07,1
2d9ca7b1c4c7,5.113097e-07,1
a110a094a664,3.325356e-07,1
bc584e042f64,3.4704044e-07,1
398a7512ce13,2.966781e-07,1
551d35cf654c,3.7449192e-07,1
195674fedcb2,5.4895963e-07,1
06335141b201,7.5438356e-07,1
67ab3cb9b383,7.667718e-07,1
5bb337ede27e,6.5086385e-07,1
aaa0ca202ec2,8.521208e-07,1
d13be09a9cef,1.0668889e-06,1
a6c94a3edaa9,9.1614584e-07,1
e7c3f952f53d,5.196209e-07,1
c2262ac70868,6.627056e-07,1
5e35c7756577,6.6770684e-07,1
9aeccd8ccab7,7.489927e-07,1
e9b08fe07f70,6.104514e-07,1
34bf9f50eb74,8.1331234e-07,1
797e5fa0fff7,5.479694e-07,1
789db522ec5c,7.182861e-07,1
2dfc959587e7,4.3600173e-07,1
82e24bb66771,5.745972e-07,1
6c5d49013d04,4.0770172e-07,1
2daf44ed2c14,4.7138056e-07,1
48dbf38603f6,3.6301608e-07,1
86c1d1fa5567,2.5865464e-07,1
4aebf6aeef14,3.0075068e-07,1
a8abb8f1215e,4.860535e-07,1
b97c7c6ccfda,5.415789e-07,1
cd9fde3362a8,7.3032373e-07,1
7ef09c05917e,7.064201e-07,1
8b21a4cb74a3,6.274882e-07,1
00c965d1cf4c,6.267106e-07,1
adf868bb008a,2.7025266e-07,1
933a06ebea2d,1.2758466e-07,1
ff91fde00861,2.3807614e-07,1
ec98a963563b,2.7080029e-07,1
4f534e36ab5f,2.4654727e-07,1
abb6ebfaf85d,4.5539048e-07,1
5d0606ecf4fe,2.1868723e-07,1
567e4c66740b,3.619063e-05,1
c30910bd4041,4.7339032e-05,1
f85403ee4d60,4.7740403e-05,1
33db0a2074f5,4.693579e-05,1
cf53adc49d47,4.730264e-05,1
5ae99ff1ab3a,1.6569524e-05,1
bb9f6f0e4a8c,3.8158709e-07,1
2eb6f2b4e587,3.7411968e-07,1
860d298b6674,2.3627916e-07,1
6b875736ca2d,2.5609472e-07,1
ff91340236f6,2.6365458e-07,1
0eb8fb6da0f9,2.4154275e-07,1
6f7c1a7eee67,2.8988217e-07,1
ff4fd1b97698,2.0895148e-07,1
c8d6f1065788,6.443316e-07,1
400e0bcc2e88,8.9247305e-07,1
097410bfa5f6,7.386116e-07,1
1c51e8e8510e,6.704928e-07,1
c6c023344e5d,3.8004714e-07,1
e1b1aa77f34d,4.6210658e-07,1
c3203195b4af,2.992934e-07,1
5e56d38f01bc,3.0968428e-07,1
0945bed8a78e,5.3753035e-07,1
5af1ecba75aa,3.3281637e-07,1
3628e534e063,3.5075058e-07,1
5ff739c33be6,4.7659583e-07,1
4b1e19f24a25,5.4986555e-07,1
947ee63f1195,9.3215857e-07,1
fbb3e8675d8e,1.1598523e-06,1
0923a422269f,1.0587576e-06,1
cbd0036746c0,9.431089e-07,1
2c35ade999df,9.67937e-07,1
5385f11b0311,6.9118977e-07,1
440751d3e689,5.918852e-07,1
cd9676c952ea,4.4669503e-07,1
6a8ab8d49c4d,5.493418e-07,1
b7e839084f9b,2.9099854e-07,1
21aaa4f63d82,3.670996e-07,1
e4fc58021b4d,3.1680622e-07,1
f03519dd881f,2.1564186e-07,1
87f3d65d38a0,2.6069623e-07,1
7a93784ab2a4,5.6206676e-07,1
34c27aed21ac,3.5417298e-07,1
926f42369880,5.39905e-07,1
18a1586fd60a,8.19712e-07,1
43faa3eadf33,6.232052e-07,1
865948032c26,5.189277e-07,1
9739b9c7e6c0,6.189496e-07,1
8ff195365f50,4.8123366e-07,1
f9374f1d74fd,4.6806716e-07,1
87791cd4370b,1.8831568e-07,1
a43ab8405983,1.5795072e-07,1
450c2b16e8a0,5.3637154e-07,1
9816f6943b1b,6.886408e-07,1
528926543b0c,8.0158986e-07,1
9de73d97c780,8.245121e-07,1
e785b572021d,1.4948964e-06,1
efc3fc9acab3,1.5712824e-07,1
991df53bf31f,2.4594937e-07,1
0edf75f47283,1.422777e-07,1
a563fb94f199,1.4103303e-07,1
ebb0649a866d,2.557079e-07,1
7ec10522e47c,8.6680757e-07,1
5ce495889174,8.1014144e-07,1
eb8c6fc58565,7.2261264e-07,1
2e53bc4cc1c1,6.840939e-07,1
65198f6ae16b,7.7095893e-07,1
9e3950f3098d,6.970712e-07,1
a76995682345,6.3876087e-07,1
a7a4875c3367,6.6551723e-07,1
0159c5aa2929,5.4511946e-07,1
36ed51e6f631,2.1095127e-07,1
7af351632fe2,3.1412299e-07,1
550d892e2484,2.0358846e-07,1
e9e304ecc1e4,3.7593583e-07,1
1a259b327ce4,3.4168627e-07,1
e9874ac98b18,5.5770226e-07,1
601f12f1392a,5.5884624e-07,1
b6550ec0ba08,5.436499e-07,1
cedaba741c1f,3.6677307e-07,1
da6ad9d509da,4.577154e-07,1
3b8889fab8bf,3.2108557e-07,1
54c6d0a230c8,2.7695836e-07,1
e173b8523803,2.9625699e-07,1
e9824675bee5,2.4192144e-07,1
d9de78d5c08a,2.4753305e-07,1
95c308402296,7.084775e-06,1
68e166daafad,6.080907e-06,1
852c3fc709f1,6.3289103e-06,1
f9068b93cc43,7.2194553e-06,1
677dc5a2f943,7.1750937e-06,1
2a61d27c75ed,3.1016387e-07,1
967048b7875c,4.945891e-07,1
f6321a492768,6.149985e-07,1
209871508c53,6.3637077e-07,1
710ab7e689c2,7.12029e-07,1
e7ae6113e1fd,3.7822807e-07,1
c27d0f387883,2.8247825e-07,1
9effde547b41,2.3551611e-07,1
50097a5893d6,2.9667714e-07,1
f05f6d8d4fab,3.16998e-07,1
49ab5540ab49,3.1311936e-07,1
23d14e7b7e4e,4.3596154e-07,1
c5674a0fc82b,5.3094396e-07,1
ed9db4436ef0,4.707197e-07,1
92f25ffe3e2f,8.826071e-07,1
a1e4ae4c502e,6.354418e-07,1
cca09b4b2dab,7.564989e-07,1
a67ce95f82dd,5.896558e-07,1
cca527908d6c,4.7042334e-07,1
658880f83918,5.040243e-07,1
e0aee88b9b62,4.4454436e-07,1
23d35e43fd4b,4.7324147e-07,1
4e7c1b6189f2,6.455944e-07,1
14c395d7f1de,7.934463e-07,1
486624f4f20f,8.7163687e-07,1
b62473834e92,5.382774e-07,1
5de9defd81d2,4.5844766e-07,1
899fd49fdc54,4.2340622e-07,1
0e11f4382666,4.2104168e-07,1
259478d50f77,2.9675e-07,1
3116619a7668,6.3398653e-07,1
1b29ddaf9a47,5.0696224e-07,1
eff516176248,5.8508755e-07,1
6e32ea681e48,4.7403137e-07,1
c33e35b6cbc9,2.3156232e-07,1
3ee9ca973e9b,3.075239e-07,1
f4864b9c8ab9,2.3535934e-07,1
e3753f63d1ab,3.3990526e-07,1
a61f802952c7,4.5374904e-07,1
b92d4a0a87f9,3.4726764e-07,1
b0649e4f3a83,3.4949872e-07,1
fc19fdf48ba2,2.3610653e-07,1
abff64100d81,3.2335936e-07,1
1def93e34e2c,3.971677e-07,1
2ce0a908ec74,3.8498868e-07,1
0f318853e85a,3.7148692e-07,1
5e0ca1eb409a,5.675786e-07,1
55a757741d59,5.0018443e-06,1
29b92c842675,3.4667898e-06,1
29cee7ac3f78,3.9082315e-06,1
f82cb38a8ebc,2.0358111e-06,1
ca08c47a11c5,1.4075056e-06,1
dd3ee6a3c7b1,1.2907509e-06,1
6a5b36f7c469,1.7495719e-06,1
59e90c8fc185,2.2627476e-06,1
3f0779a8394b,1.6728217e-06,1
21345f5debf3,1.0087863e-06,1
867d89362049,9.927578e-07,1
96d168f69c6c,9.3624146e-07,1
b6e82d2358fc,8.121883e-07,1
ca32d4c3ad10,5.222128e-07,1
e11e04e476cf,7.576163e-07,1
073597f5701b,1.0101384e-06,1
2524612c8836,1.1005604e-06,1
ebc3b255966a,1.4604694e-06,1
e2531f7cba5f,2.4489975e-06,1
14ddd4df1601,2.0101368e-06,1
2ad320822110,1.9488914e-06,1
d0e982c4840f,2.032709e-06,1
b558a838ac5b,1.8536763e-06,1
ba8355a72679,9.2133644e-07,1
caa6a29b7664,6.573581e-07,1
183a49583c53,6.637772e-07,1
518dc8cbb4f1,6.9688133e-07,1
6bb30acb2b42,7.4742815e-07,1
7f4fa7ae0e96,8.702352e-07,1
e2fa708e5981,6.7545864e-07,1
22639638741f,5.7364986e-07,1
0c52298b31ff,4.2320983e-07,1
13322e9bdf84,7.632295e-07,1
07875184f9da,7.795405e-07,1
4e3b126623bb,9.735602e-07,1
0ee0fd1a105d,5.571741e-07,1
ddb39ac32b9a,4.1208943e-07,1
625773208f6e,8.733363e-07,1
a9cdb3c49f25,0.001360659,1
cffa78da8ccc,0.0013641852,1
7e86e28fadf3,0.0013632276,1
c43b15e182b9,0.0013605306,1
c03a57d50e97,0.0013503701,1
e41be6efbcd2,1.2448501e-05,1
07c4a205e375,9.179485e-06,1
c1b187f036b0,2.1213367e-05,1
14d7c8e9036a,2.5569689e-05,1
aef4e4cbc1f3,1.8602253e-05,1
2132df4d03e7,2.089946e-05,1
2a43262cd2b1,9.895182e-06,1
a40711d04a8c,6.7051215e-06,1
dd9772844e05,2.1563177e-05,1
01a63f1045c1,2.0777758e-05,1
71f7766b3727,1.9389518e-05,1
2708ba6f4745,1.4308338e-05,1
892e4e516bfb,1.188421e-05,1
003d03141ddb,5.798718e-07,1
9db9e5634361,9.254462e-06,1
db0206c68aa7,8.659437e-06,1
0d5bf7d93a07,8.285617e-06,1
0a99dc6d4cae,8.591959e-06,1
1d42ffa7405c,2.091663e-05,1
e8d2fd210ca6,9.239677e-06,1
e78ee8418c71,9.06231e-06,1
56e9188a53cd,0.0013405683,1
c167583f7a52,0.0013463474,1
94d779f12c2b,0.0013529964,1
0db035b184a5,0.0013509743,1
83154fe1ada0,0.0013388616,1
6200b3024cb1,4.0074424e-06,1
0eb3449e9a82,3.8450435e-06,1
ee32865354e0,3.8850253e-06,1
4ce067d98bea,3.9241386e-06,1
d0e90310b7aa,3.963097e-06,1
7cd209150fa4,1.1173773e-05,1
f4a42621bc00,1.9333842e-05,1
c48a75a1a99a,1.8628129e-05,1
fa09f87abc94,1.2904617e-05,1
9f74ea0ba93b,1.0401463e-05,1
9fc10c35d980,1.0733985e-05,1
70d9e113ce38,6.1184687e-06,1
206d264ec35d,5.2597893e-06,1
d8f4b5a7a793,4.377748e-06,1
34bb02c19d65,7.06826e-06,1
e362a322580d,6.290683e-06,1
6942b7406881,4.024783e-06,1
487a46bd8893,3.5394125e-06,1
6b7d15a6191d,2.7413453e-06,1
66faf0f69e8b,2.1723224e-06,1
74d65e1ce76c,9.437214e-07,1
767fd28f75ce,1.370015e-06,1
f4d27f3e4119,1.3980087e-06,1
a305a66a2a80,1.2206307e-06,1
0a53d7e542e1,1.0989658e-06,1
f21f32a838c2,1.1529241e-06,1
313539ef7401,9.593375e-07,1
f3019df9ad7e,9.83248e-07,1
482da4842960,7.924563e-07,1
7e05793b082e,8.5827446e-07,1
149907c32d27,1.2223429e-06,1
2a9619646886,1.2808154e-06,1
0458def64022,1.0793563e-06,1
e4fb4862aa6d,7.937176e-07,1
d57ca889fc50,6.982144e-07,1
d82f7e95b655,1.0272765e-06,1
e7d7c18e9aee,8.8472405e-07,1
c0fc4a63fab2,1.042414e-06,1
217e4b739ad3,1.5454963e-06,1
0fc346a32ee7,1.4466348e-06,1
734885324c8a,1.2098038e-06,1
14d6209183e0,9.532276e-07,1
8b4dbd0e7844,8.280619e-07,1
eb9dd6455b77,8.6228295e-07,1
5bcb6d0d87c7,5.6237207e-07,1
b98135422d14,9.180001e-07,1
217d69a73280,1.8340294e-06,1
a318fc270851,1.4875025e-06,1
74dbea83886f,1.4672174e-06,1
7c5b1ca86e6d,1.300598e-06,1
a5f1522ce1a1,1.3719985e-06,1
a0affba0e2c3,1.0561563e-06,1
d6cf700a1011,1.2613347e-06,1
6c57dfea4bf8,1.3381875e-06,1
b6a030c50884,1.0610202e-06,1
f2bddb8c32d1,9.246327e-07,1
aa8ca1f70bc1,9.503057e-07,1
49ce7aa540b6,1.1291573e-06,1
81bc782f6e23,9.18661e-07,1
e2e504114b4a,1.3613273e-06,1
a18bd2d263ff,1.4380323e-06,1
ba5419827807,1.0128261e-06,1
c12ad3db66e2,1.1771949e-06,1
b58f045cf02e,1.4036176e-06,1
555778074b32,1.270767e-06,1
5e71abf4adff,1.5554095e-06,1
9258ae70e871,1.3163539e-06,1
4653d6aacecf,1.4290756e-06,1
378abee589bb,1.30211e-06,1
65f8443138b9,7.763455e-07,1
de76ab9c8418,6.746355e-07,1
8be5f3dd604f,5.979398e-07,1
6deb0ed73ef7,1.483048e-06,1
f93834a19aa9,1.4811408e-06,1
5bab01905b99,2.0298269e-06,1
5c549a9a9c3e,2.3883845e-06,1
f6a5d605eeff,2.6779187e-06,1
7edabebe0dcb,1.5749243e-06,1
c3a493478679,2.0517869e-06,1
78cbc5ba1398,1.1939536e-06,1
19c5ff56368b,1.1635575e-06,1
32c3221b7ac8,1.1224296e-06,1
c832135a8935,1.0228155e-06,1
46741b2f5134,4.1821588e-07,1
38e55d8768cb,2.6587784e-07,1
8c7dd8d7d767,8.050004e-07,1
f5aaf4a3ac52,9.3412933e-07,1
bda5e78f60f3,1.2341064e-06,1
bed7d6efd6fb,1.2922139e-06,1
30b6d299eb4d,9.813817e-07,1
91511dbcd244,9.131389e-07,1
389387299851,1.0530584e-06,1
06b56c904752,1.3359808e-06,1
6767f956761b,1.3566729e-06,1
224235045fea,1.6553714e-06,1
01ec6503c3ce,1.6475399e-06,1
154767decd21,1.7982202e-06,1
ee6efda820c7,1.3573051e-06,1
634b40236cb4,1.4955483e-06,1
1d504c3f5e5d,4.2276983e-07,1
bbcbc3a8ddc7,8.169228e-07,1
25c0ddc59fa5,1.3418489e-06,1
90177c143e7d,1.6787809e-06,1
edfc75c972d2,1.6244642e-06,1
b4e7a6c774e2,1.8531812e-06,1
7f3c156c176d,1.4220706e-06,1
e333d49430a7,1.0272719e-06,1
d515d1738420,1.2346208e-06,1
0197fc8fc47e,1.138272e-06,1
c48c847a5584,9.368329e-07,1
f04aef738f5a,9.782075e-07,1
34d3df04f1ac,9.686661e-07,1
21c8f1c36211,6.9812603e-07,1
8843fed067f6,8.5274223e-07,1
9ced417479b2,9.2032894e-07,1
8d76da370436,1.0262685e-06,1
771c167b1629,1.1118705e-06,1
f682f0e1e69b,1.0900582e-06,1
0a64f9a7af42,1.1007188e-06,1
39a9f23ffb80,1.1317153e-06,1
9b771c53d4b7,1.0825379e-06,1
b1b44f067211,9.23127e-07,1
cdfd46e2948f,1.2353188e-06,1
37ff4f4cb453,1.3789672e-06,1
e22177dd12c8,1.2942985e-06,1
6825492e7a9a,1.545872e-06,1
fb4b590f35f2,9.0339415e-07,1
00bbdebfb49b,2.8878435e-06,1
f6f427bc6d64,3.666464e-06,1
662594527d1d,0.0013645327,1
0a91abc129eb,0.0013667638,1
db92cf4d6a6d,0.0013647699,1
28cb19fed9a5,0.0013560269,1
b1a7bbb2c5eb,0.0013449733,1
6899b4218387,1.0116531e-06,1
3dcb0f0e7e72,9.044099e-07,1
7958bfccd056,9.0531773e-07,1
eee0128749b0,7.4074387e-07,1
f6619afeb8d5,1.2271443e-05,1
0ab78456684c,1.1428441e-05,1
9cbeffdabd4c,1.1214207e-05,1
288529bdf3e1,1.1516776e-05,1
ef57ca45ca3a,1.18204225e-05,1
da3c3381bc53,7.7577664e-07,1
09445464eff9,1.0589888e-06,1
291288c7ad1a,1.1165064e-06,1
3d3a346e3d46,7.796309e-07,1
28b81795a7fa,7.789901e-07,1
454a29f8663f,9.656222e-07,1
b142222132b2,7.804111e-07,1
78e25d27bef6,9.0545234e-07,1
d9cb6981cd27,6.2630875e-07,1
349a881ea08c,8.456414e-07,1
38ad00616676,6.989256e-07,1
8a887448e922,8.559196e-07,1
1d123bd39d21,6.787006e-07,1
0d1c823201ab,1.49627695e-05,1
5c40443c4e64,2.2255696e-05,1
93ee83010322,2.133708e-05,1
080fff9515bd,1.8804516e-05,1
6aa2f8ee7365,6.516102e-06,1
a0aa2d7f320f,5.549529e-06,1
e42d885a5eec,1.3097374e-05,1
d662696862f3,0.044319432,1
d55318cf5f22,0.098393925,1
37a278362e4b,0.09855039,1
9574373ed0e4,0.09852897,1
2b01018eb2ca,0.10482256,1
01a08493f95a,0.066060394,1
fe53faf7297e,0.011974098,1
092524d88b6e,0.27564353,1
f7e8c91b8f9a,0.28174388,1
9ac105bb7c8f,0.32578313,1
fe37db226a55,0.3202852,1
17257b418fd4,0.32709235,1
db3c4742126b,0.06327335,1
136e98b27af8,0.057167888,1
58e8cbbfc66d,0.006839588,1
67a4e1ba0c1f,0.0068284385,1
2273c23573c2,1.9651914e-05,1
b85acd72e439,1.883832e-07,1
c4c11fc56e0b,6.305559e-07,1
58565cfb2439,9.3318545e-07,1
63c6a592d718,1.1443946e-06,1
3f550a2ba64c,1.1647932e-06,1
c1bc5da00f1d,7.838655e-07,1
39461c53aefd,0.0027437578,1
6a02016e1ec3,0.0027179956,1
59a8b06bbc95,0.0013740765,1
1b095d66f713,0.0013702114,1
5e0dea0541d5,0.0013506734,1
994a390ec19f,3.0230553e-05,1
e3b83ad040d1,3.3504493e-05,1
28f6c9d2dc84,2.3895444e-05,1
fe3eb8cc08ff,1.6699229e-05,1
b4ea1b7d1f67,9.047477e-06,1
68578e30de0c,6.242818e-06,1
90db744f2f3a,6.427342e-06,1
1df797eb15e3,5.3758704e-06,1
01be1beb626a,5.9666204e-06,1
2d9c3ec906f6,1.059812e-05,1
14e0c0559980,1.0228768e-05,1
e79e39c5132a,9.847309e-06,1
bfbfad29ce39,1.3467832e-05,1
a2094e9052ab,7.2075172e-06,1
c586c4310160,4.8777706e-06,1
1674b7b6c30e,3.555462e-06,1
36a79664a3a4,2.5992317e-06,1
95485d7f5d95,1.4098961e-06,1
118b924684fd,1.1096649e-06,1
2ecb434f8adf,1.2346802e-06,1
5f41bbfaf0d0,1.0675265e-06,1
55efb839b128,1.1955538e-06,1
c839c07c3071,1.069309e-06,1
9de8d915374e,1.4142933e-06,1
e007212282b7,1.2395027e-06,1
e6d717de71f8,1.502688e-06,1
2387976a83fe,1.6937722e-06,1
d474ca7e5ec7,1.4010925e-06,1
a7452f7a2ced,1.0395197e-06,1
08dd07af380f,8.674742e-07,1
d92122484f9e,8.9701973e-07,1
d25760e311ed,7.185245e-07,1
45d3e1ae5cba,9.1831726e-07,1
d973a6c93c79,1.2724041e-06,1
61762d87ec9e,1.2253486e-06,1
ff4d774bad32,1.0900874e-06,1
0a08cbd696ac,9.259809e-07,1
58964775e7b8,5.928653e-07,1
b811b9315fe0,4.6411844e-07,1
b4da97d3c039,6.971425e-07,1
9b1f60992562,5.256544e-07,1
97ec05a62b4f,6.550798e-07,1
4bbb3d60e0c4,1.6062361e-06,1
5d4da52dda71,1.4909366e-06,1
2e06b66d98b5,1.8822878e-06,1
3dd4651b73c9,1.440035e-06,1
487273081062,7.875115e-07,1
e421d4d8ad12,7.2466696e-07,1
0ac076ab590d,8.74086e-07,1
cc42eab8cd2b,7.3552354e-07,1
86f81c2cbdf8,8.143266e-07,1
41c73600ee04,7.705162e-07,1
276d8bbeefe3,1.0334298e-06,1
a6d0bce82254,1.1043411e-06,1
057180da0920,1.2435926e-06,1
604498246577,1.3225111e-06,1
8704ed66bc3c,1.3219479e-06,1
cca120d74e71,1.1560039e-06,1
7c3b06163f9c,8.3936874e-07,1
117b5ba9720b,6.1624615e-07,1
dd2d3ed9d983,6.4223923e-07,1
9d06c2666136,7.484387e-07,1
0bbfe8c06d28,9.4420415e-07,1
b54265a00ab6,1.2345572e-06,1
265f949d75f9,1.1907232e-06,1
1300661ec5c1,1.5908915e-06,1
a12278bc2748,1.2595511e-06,1
553a161b5ff2,1.0860522e-06,1
e0aa011f315b,8.0258224e-07,1
48a50ffe5d10,7.1244943e-07,1
780df710f712,6.124772e-07,1
b4ab393412d7,8.254411e-07,1
0bb613428a0f,7.439592e-07,1
5e6e30fa1f95,7.7704556e-07,1
d4ed22703198,1.1406574e-06,1
d17da43b8ce7,1.4511685e-06,1
dc0bcaefc02d,1.4513998e-06,1
e257e4c9f398,1.4094819e-06,1
4c8d8b2a0bdb,1.2193451e-06,1
abd0ac10599d,1.2430405e-06,1
105b09689e8b,1.0951162e-06,1
f2b532cdf7ac,1.1626951e-06,1
e3959c72209e,7.5206844e-07,1
8c24e13da7e0,1.0671998e-06,1
267ecf8dfe11,9.400785e-07,1
52a62ccc3f23,1.1733474e-06,1
ee7d7af872a7,9.564507e-07,1
14fd1bc79d8e,8.5355424e-07,1
d8139330d222,8.299005e-07,1
08a82af4036b,4.863388e-07,1
909c48e9ece4,0.0013794835,1
eaabe19a711c,0.03435,1
04f00540c97b,0.034341425,1
8fd0fff6751a,0.03662212,1
fda6947a492e,0.08492783,1
03a630852f8f,0.37870824,1
3ab9500081b3,0.37271705,1
f30797691d08,0.38479653,1
4b4af9406277,0.4170163,1
e136439708e6,0.6638699,1
f047ea7e745d,0.6895763,1
88cd8d90fc0d,0.6698648,1
802bccaa4140,0.73883164,1
8bdfc6c45c08,0.7185087,1
b698cc6e58f5,0.49833068,1
b3111850aed8,0.17798257,1
8bd32232497c,0.17070012,1
8c893d0ab857,0.08964857,1
0dbca4b37c4c,0.075481415,1
a9a6b47a3430,0.0005029191,1
5530770ef355,7.2642956e-07,1
14d2404ee4aa,5.478994e-07,1
c7513127b83b,5.9911423e-07,1
f5d2e176988e,7.490408e-07,1
4768eccd4ccc,7.935497e-07,1
ace5d5492b91,1.0297412e-06,1
cf6e0112bfcc,1.0483141e-06,1
80cefa78c82a,1.1477969e-06,1
8741282824ff,1.0778181e-06,1
1b4c54dbc43a,9.510709e-07,1
fe145f847aae,8.381475e-07,1
12b22eee17ee,8.8063535e-07,1
d32e2fec32ad,8.0941953e-07,1
a470205d2141,1.1142035e-06,1
c8849e36d446,1.1414942e-06,1
2b7bc3341ff5,1.5856335e-06,1
5cfc03135168,1.4644047e-06,1
b00ba57d678a,1.2006204e-06,1
77e0e7f4a15b,8.381681e-07,1
c2a793cf5c9c,6.402809e-07,1
691433b2523e,8.552969e-07,1
54b7ddcbc964,1.6729167e-05,1
403144d4af43,1.631465e-05,1
2d3561ab8201,1.624349e-05,1
90e7af244103,1.6598351e-05,1
e50d6b136e86,1.8743769e-05,1
5c6b5deca47d,0.022109766,1
b75e031527c4,0.38466948,1
5492908de3e0,0.39385208,1
45349267a576,0.39436224,1
c6108cebead8,0.75692147,1
5c50d05fdc8a,0.76622945,1
10042a0d1a11,0.41179255,1
6056b22b4eb7,0.7651749,1
e71b4ab343f3,0.76467586,1
a6610362cd5f,0.6659449,1
7ef7daf3494f,0.8983772,1
f6bacdf3564c,1.0,1
5d0fcac1f356,0.63751704,1
fe65e422fe61,0.6566609,1
5bf8e9ed8105,0.41636416,1
ff523f44d365,0.15623115,1
025720b7070b,0.05359507,1
92229cd2a995,0.053547073,1
ce5624f40a17,0.036699735,1
e44a62dc4195,0.015041195,1
8da10390661f,0.011330273,1
b5ef89b2553f,0.004235967,1
8a46d9bee98b,0.0042050635,1
389a3e45f9fe,0.0018978295,1
e150412461fc,1.7350145e-05,1
e0c0607e091f,1.6763071e-05,1
6d6e4cce07ff,8.504651e-07,1
aaeb4a917b7c,6.692214e-07,1
61b63560247f,9.196761e-07,1
f54072df41bc,5.504249e-07,1
705da2527f6c,6.578109e-07,1
e624b98883bb,3.6211972e-07,1
1037f70cb634,2.3559032e-05,1
e6f45a7b4ce9,2.377699e-05,1
428c41fa4ceb,3.303001e-06,1
afd653228da8,2.7516166e-06,1
e24ba0d45af6,2.6012942e-06,1
666b87f42592,1.8033695e-06,1
ba540a4ff80d,1.3794048e-06,1
76a3240ecec3,1.1562414e-06,1
a3c3915bbab6,1.5818338e-06,1
7f1429bc9df0,3.9164734e-06,1
cfe5196ea116,4.221349e-06,1
be1f5d4af269,3.715951e-06,1
3f204d2046f6,4.2120787e-06,1
22acd7d3bfa4,3.3558763e-06,1
23e4cc030cd7,2.1486674e-06,1
6e45f1246c5f,2.2855547e-06,1
222ff16445df,1.6080431e-06,1
b650a8894477,9.008607e-07,1
48c3386ec1a4,1.6020537e-06,1
4e0bdc855c0d,1.8330143e-06,1
9ca8a835e8be,1.9628822e-06,1
1cd02b6695d3,1.8381609e-06,1
1df8f59fe34c,1.2523926e-06,1
04ee3b193b3b,4.1644543e-07,1
9edd3d91ff76,4.4280748e-07,1
1669b9599281,3.226647e-07,1
36f2c058c46e,3.8260288e-07,1
d2cadc03758e,8.9553714e-07,1
3b2953f5b836,1.0196828e-06,1
707cdffefc57,1.0427872e-06,1
4739ae6e18ac,1.1116638e-06,1
3c295cd81afc,9.685791e-07,1
2da560998870,8.948327e-07,1
9c2edb3a656d,1.0278802e-06,1
e19db0e98e94,1.4185982e-06,1
cacb5436c588,1.7074524e-06,1
d921fccd7ef0,1.7741567e-06,1
638fb80cd409,1.6970878e-06,1
0d565597a71e,1.3126368e-06,1
cf9dddfac3ef,1.093241e-06,1
f163ea0b2fa4,7.822492e-07,1
3c8ccb05e70e,7.219579e-07,1
d315ffc88a5d,9.811329e-07,1
a6eef2808e38,1.1449923e-06,1
e37ac061ae71,1.3214024e-06,1
c0ed60270337,1.1600297e-06,1
5f79a934c3b9,9.561428e-07,1
0c2e66df355b,7.117671e-07,1
403689046263,7.687635e-07,1
7ae78fc34b16,6.149931e-07,1
9da0469cdcd2,3.84823e-07,1
4c435f6f619a,1.2104492e-06,1
891994794f40,1.2797893e-06,1
97fafad9a739,1.3947813e-06,1
9644ebd7045b,1.497151e-06,1
cf40b37c100e,1.9827355e-06,1
f5af41a8c0bf,1.8229854e-06,1
0805f3f06523,1.9136644e-06,1
a75b6b27a555,2.0307127e-06,1
0309e7c45344,1.8027326e-06,1
cc933592bd73,1.6355291e-06,1
d48d85804dbd,1.3547178e-06,1
dfb5403b8e63,7.955166e-07,1
d0015360808d,8.7088387e-07,1
c845a77e4261,1.0465094e-06,1
b9f83a8c3570,1.0024531e-06,1
4ce31f9a8488,9.4305e-07,1
531bf2e4f1ab,1.0964297e-06,1
cd89c86a8332,1.1280252e-06,1
8eb4c751d5b5,1.2484898e-06,1
abfed3c526e4,1.3878182e-06,1
77dfc632ae5a,1.3739304e-06,1
0844d831b510,1.0636355e-06,1
daf722f19b0d,7.423837e-07,1
397fa651fdc6,7.962134e-07,1
e6f8eac96b21,6.124611e-07,1
b310387f4851,9.155004e-07,1
711a4df678e5,8.4704e-07,1
60b31c63a277,8.2534484e-07,1
d93d973b62c5,9.238916e-07,1
40805f61eaac,1.0394032e-06,1
9844358f755a,6.526255e-07,1
e5a8432585ae,6.373001e-07,1
eef1ba6e9bea,4.1848298e-07,1
5cd2a3f8183d,4.761848e-07,1
980067605e52,6.279273e-07,1
45d70aada68b,1.0157968e-06,1
6bb326c5bc7b,1.3733749e-06,1
5d982f6f4c7e,0.0013589413,1
ebbe5cf0396d,0.0013606398,1
c97324e8c3ca,0.0013605938,1
4e7c0e8f81ce,0.0013567472,1
7fa62e2f11ff,0.0013469334,1
ca52e63fb782,2.102032e-06,1
8f19c44dde7d,1.9063802e-06,1
dc471079acc0,2.491506e-05,1
b1a9947e2875,2.5789552e-05,1
c293bfead017,2.609009e-05,1
5d47cd1c7bdd,0.017429946,1
cd8ce050c5f1,0.13004085,1
7c6e1c23b673,0.18655208,1
021e7474aa6e,0.18654612,1
e2b5d1b0c77f,0.18706435,1
d9f93fee9c3e,0.30178887,1
e2505104d806,0.18952422,1
dc02602f482a,0.35733956,1
d058568a663d,0.5547048,1
313d34469ce8,0.79232776,1
bdabc5fef223,0.6613785,1
cfedb900117f,0.6610489,1
8aded2bf1ccc,0.4394161,1
1563ffb184c9,0.24204725,1
c0cd3975634e,0.0039031703,1
3e313c622c36,0.0027366704,1
b37c868b0363,0.0027181823,1
33be15ba2ec6,5.1135186e-07,1
7baab2a3b4f0,1.5928681e-05,1
64442e25a56a,1.8721823e-05,1
1139eb11b549,1.8354001e-05,1
16cbce0a4055,1.869598e-05,1
2d51061fc956,8.451778e-06,1
9edbe54a12e2,1.887126e-05,1
83be8d2b47e2,1.8218621e-05,1
b8c78fdaf4fd,1.6835915e-05,1
683f64d2bb34,1.7230284e-05,1
a051bd574c2d,2.9976113e-06,1
ff0de8b3cca7,4.1146013e-06,1
ec5870602535,6.284469e-06,1
61aab2b8e5ad,3.2639948e-06,1
538980a01c05,2.9070611e-06,1
e3125a29c12c,2.9203588e-06,1
9a72893252c9,1.4360563e-06,1
28c57c96fc4f,1.8564707e-06,1
67a869c909f9,3.1134591e-06,1
9d8cd75111fb,2.7386398e-06,1
e5a1f876af9a,2.8615514e-06,1
214937a1afba,3.1421187e-06,1
f2ea89021894,2.6441494e-06,1
71b08c7ef32f,1.897851e-06,1
2484fb5e4bfe,2.0360578e-06,1
a48022ed8b43,2.3457162e-06,1
310f65115fec,2.3124585e-06,1
c45d61a9b42c,2.0938303e-06,1
35a80cfc8a0e,2.1195597e-06,1
ba7b8ec0d453,2.4942042e-06,1
4bdadf555c1a,2.3607731e-06,1
483a6e0632ab,2.0216994e-06,1
2966fc809944,2.1892968e-06,1
5322d3087538,2.1306769e-06,1
37c1ed8a3891,1.7094399e-06,1
0bfd3c27d7a7,2.38199e-06,1
3d39ebd23c02,2.570096e-06,1
f2aa34c72412,2.1975577e-06,1
1a309c09b3b8,2.6642545e-06,1
7a6a937efb7f,2.9034036e-06,1
735b118c438e,1.9207205e-06,1
d2a7bd1fe9c3,2.3737123e-06,1
6c7b44cc5e13,1.7600938e-06,1
798beecf5878,1.6112716e-06,1
0c1daf5a4be2,1.5437131e-06,1
495649d27462,1.3959616e-06,1
aba64f5091d2,1.2922939e-06,1
131daa3b099e,1.3365789e-06,1
dcd5b532d0b1,2.0281002e-06,1
60b91e5b8e11,1.8222659e-06,1
8c95c3fe4fb8,1.628244e-06,1
b49d62ee67c0,1.4795013e-06,1
9d862f92e7df,1.3695501e-06,1
208883761d31,1.3712835e-06,1
05ff9e10ed8f,1.4039399e-06,1
c7e64e45d31a,1.0270531e-06,1
6f285cd9b4b0,7.136247e-07,1
29154ecac410,6.409613e-07,1
0e10097fe2be,1.1088822e-06,1
bdf5145b655b,8.519044e-07,1
98768df58e70,1.3332466e-06,1
15783ee27b23,1.1348542e-06,1
fdfd148ec332,7.649738e-07,1
f962edc0fba1,9.305921e-07,1
5237bd6a1af4,9.758216e-07,1
ed2da21f7c9b,1.8640326e-06,1
6189c4cf4232,3.3353372e-06,1
6e2ce67d32fb,3.0967792e-06,1
1222b9ecff96,2.943108e-06,1
f94a70230ec7,2.931162e-06,1
7a2bc490bcb8,2.134355e-06,1
7f73b7ae1644,1.0469137e-06,1
3d909cc4f45d,1.2541892e-06,1
1cc22e5bcb7d,1.8121165e-06,1
1187f474baf1,0.0013618161,1
ada476bf5576,0.0013626637,1
62b6a0e51514,0.0013620054,1
706e15abe2d2,0.0013587781,1
d8976973532f,0.0013501169,1
b73a62e67590,1.056573e-06,1
7d91dcd12398,1.0317582e-06,1
808a2841bd10,1.0347406e-06,1
441ee2d6e499,6.1708683e-06,1
d0f766dabd70,5.9889617e-06,1
9e32423b569e,7.559937e-06,1
9d8e3e0b3443,7.99062e-06,1
bacb13198fa7,1.182e-05,1
6a619d5d696b,5.6646027e-06,1
4725aa7b9a3b,5.455721e-06,1
9e734ab15c7d,5.4680736e-06,1
5c3e760e8901,4.764923e-06,1
7eb98a01426b,8.063883e-07,1
c0ecc1027638,6.3209006e-07,1
9be4191b753a,3.7549145e-07,1
462264f83e3e,2.0019755e-07,1
9d1c83b6c557,2.1622651e-07,1
25a68c79fbdf,3.6615134e-07,1
516ca89697d9,7.311429e-07,1
4ce36d6a693a,3.1296468e-06,1
ef70ca0819b2,2.5633863e-06,1
84022590e83c,4.20321e-06,1
9753e75e43ad,1.4144296e-05,1
602aa33e8c4f,1.1907536e-05,1
ac3067f2c215,7.143912e-06,1
d5a4906d30df,3.0655715e-06,1
0e76ec44c30a,2.0238717e-06,1
34c06369a84f,2.6886844e-06,1
122d71d28427,2.6212922e-06,1
9083e997c738,3.4180819e-06,1
50211ee3af8d,2.3113384e-06,1
41155863a31f,1.8211557e-06,1
b8f4e03cb144,3.4930013e-06,1
4de10b7311be,2.9056096e-06,1
444667fd0aba,2.6877217e-06,1
fd3e0e310694,3.4306559e-06,1
df2dc07739cd,2.3464381e-06,1
30a7c58dd517,2.308832e-06,1
af5b9ef024f8,2.1334874e-06,1
25bd62ee42f1,2.0350865e-06,1
cc7f93d3f68a,8.032859e-07,1
326900551f32,6.2625566e-07,1
5732d70648e3,6.195979e-07,1
db22f8ca4216,5.1711146e-07,1
7fd8039704ce,5.927996e-07,1
3d545a6c3f86,1.1527871e-06,1
e3ca249aa2d6,1.3335384e-06,1
5f30c99bc8b3,1.1243133e-06,1
8cad3b831df4,1.2667771e-06,1
91e66e75e6ad,1.3473668e-06,1
a9f574b3f466,1.0251596e-06,1
886d83d8dd1d,5.996665e-07,1
70118521956a,1.1351253e-06,1
c2b821960a9e,1.192028e-06,1
090cb586b5f4,1.1041203e-06,1
ce9a00de0db4,1.131626e-06,1
8eac3469073c,1.0591888e-06,1
c0deeb90dcd3,8.1658925e-07,1
80d3a99a949c,8.5263866e-07,1
c0a1821a759b,7.3832126e-07,1
1d663ea93366,6.0301255e-07,1
9ed784b9df1d,5.4369497e-07,1
16dc65a30e3a,6.4441497e-07,1
e60faef42730,6.2827536e-07,1
1ccb7b5b440a,7.2303857e-07,1
8bf8c639e620,6.861651e-07,1
f8b095dafb06,7.7399426e-07,1
bea172321f1d,7.204462e-07,1
006eb7af7e53,7.4111745e-07,1
d17491d18ae9,7.567606e-07,1
f887fb0db988,6.1701866e-07,1
e5139eb11c64,6.7271253e-07,1
7acd2dce5984,4.436579e-07,1
3d392f49539a,3.4315224e-07,1
ee4a92f9e3fd,9.783412e-07,1
4db76712022b,1.1739545e-06,1
fafd74335f9a,8.8316966e-07,1
f106911e1475,1.3437048e-06,1
bf998622c627,1.6145174e-06,1
accc3047872a,1.2842037e-06,1
9cffe815e052,1.1008526e-06,1
23cc8fd504b3,1.3724111e-06,1
fb2616a28fe7,1.2006202e-06,1
21dd77375205,7.8749446e-07,1
1ecb05bbeabc,6.303618e-07,1
0e5e314a1011,6.478471e-07,1
dfa7a754de0e,7.4941124e-07,1
00587d4c23b9,7.2841584e-07,1
b14e559a290e,9.3621287e-07,1
095912b50a43,1.107053e-06,1
9863fcda3348,7.700295e-07,1
e1461a9a01b7,1.158072e-06,1
9d74e2a22513,1.5164292e-06,1
6cd7c72d367b,1.3014015e-06,1
7104da445368,1.2277523e-06,1
af8392d91bbe,1.4255685e-06,1
843de565b729,6.4756347e-07,1
56a699e70037,1.0692758e-06,1
f90718bd8303,1.3446979e-06,1
26b257724dad,1.3122753e-06,1
3cb5342849e3,8.4468155e-07,1
70a54080c42f,7.723552e-07,1
0a048268d882,8.029635e-07,1
8b44aa7bcf1e,8.572795e-07,1
1fc78efaf966,1.095768e-06,1
3ce4917043a0,1.1688767e-06,1
9fd57a7ace82,1.6498519e-06,1
59e41aed4952,1.3402544e-06,1
d07f518c7c8e,1.3170131e-06,1
ae5713738d6b,7.5804945e-07,1
896b8367b0e2,2.6567213e-07,1
2ec1cf930f0e,5.356252e-07,1
512835c5ae8b,6.323739e-07,1
aaf2e46d68be,6.878575e-07,1
879029ab47a4,9.171894e-07,1
e37ff6aa46f7,1.1899027e-06,1
e10e71f68950,1.4840103e-06,1
db01becab392,1.553032e-06,1
a086fab86a12,9.960221e-07,1
6589df90ccce,7.720492e-07,1
9076ebe2cece,7.5944143e-07,1
6e7bbe6c6552,7.1673526e-07,1
b7ecb6fa03b5,1.0670964e-06,1
b5e5d2a31e06,1.2818427e-06,1
dee754e815fb,1.5477139e-06,1
1440ed6d9364,0.0013856312,1
5c3cf9fb407e,0.0013859071,1
4c877c8a8f7e,0.0013838571,1
07386fc73472,0.0013819254,1
5beba0a78ffa,0.0013722859,1
c27a511d80c8,8.6864827e-07,1
0ae96be85154,8.664772e-07,1
7ef961ba4c69,7.144929e-07,1
7cde55e0ede2,5.4622456e-07,1
7577a7ea7bbd,3.4452003e-07,1
dbd960bf4e5b,6.9909936e-07,1
b13d2a693334,7.453678e-07,1
a9e1716e8bcd,8.3260943e-07,1
531ed6433a93,1.0265327e-06,1
183eb43c7217,1.3166418e-06,1
79e89b9ec8b3,1.1259999e-06,1
b6e634bb809d,1.2884868e-06,1
26c184a94890,1.1842425e-06,1
060df640051b,1.0820446e-06,1
678186ceb007,1.2345579e-06,1
24fde12b0d77,1.0286201e-06,1
ff6c8f406f82,9.0319094e-07,1
00a2beaaeba5,9.573101e-07,1
1243001087bc,7.5137e-06,1
bfd252a42aca,7.837123e-06,1
f4bfcff5c675,9.7331185e-06,1
32b21314c51c,7.269583e-06,1
5b6f4f42fb4d,3.512777e-06,1
0dd1ceb7bb0b,4.4352396e-06,1
115945763f82,3.6036865e-06,1
045327335f82,2.1299907e-06,1
b340bb26be01,2.700753e-06,1
3c7b90eaa9c5,2.6508199e-06,1
e43790df5b08,3.0600577e-06,1
21119cacf56a,2.315262e-06,1
948073f2fe6b,2.911071e-06,1
8f7e60e0caa5,1.8178798e-06,1
b00a92949855,1.8634319e-06,1
83475534a0a2,2.1092596e-06,1
5a0ad23ec7e8,2.3477478e-06,1
ca21ed594d04,6.0079327e-07,1
d1a2e20202c9,9.4872286e-07,1
4250d03292a4,1.0232404e-06,1
e094cda9b01b,1.0315422e-06,1
417c13add5aa,2.3368605e-06,1
e45526e1e166,2.3264113e-06,1
6a1e309ca8d0,1.8599834e-06,1
ebc9e0dd6360,1.979845e-06,1
2a8c1522a2e5,2.288596e-06,1
9353b9cf5d99,9.59234e-07,1
385c551ab551,6.274053e-07,1
9ab573366977,8.307659e-07,1
d9af989be1b6,1.0469835e-06,1
a263318cd0aa,1.0199989e-06,1
3584b90d201e,7.713301e-07,1
fd234600fdba,8.8772873e-07,1
cf7f4abc9b6b,1.091357e-06,1
c3c3a402cc91,6.7733697e-07,1
0c57ae773a99,7.769718e-07,1
7fbd15a15086,1.2531198e-06,1
af50e1a05cb0,8.404129e-07,1
e44a92efa897,8.8266836e-07,1
99df5b4da9c9,8.3818554e-07,1
7c760604a744,6.3891605e-07,1
4464d75e180d,6.0185647e-07,1
f27336a212be,3.584561e-07,1
90be76b19ee5,1.077225e-06,1
aa65f19d955f,6.6608095e-07,1
cd2e2be88525,8.0530293e-07,1
33f0cf5b5845,1.1993552e-06,1
273dd2232fdf,1.1872187e-06,1
49d9e8c59798,1.1601685e-06,1
76c0cc151499,1.296002e-06,1
fbba50927234,1.1872812e-06,1
91ec73615031,1.1737267e-06,1
620bd3ab9a3e,1.1628755e-06,1
0d7b75c5799e,8.371541e-07,1
d51487ff87ed,1.0516063e-06,1
b56d5a919638,1.1249814e-06,1
b854a47e5b58,1.4225201e-06,1
163bfa1f11d1,1.2303626e-06,1
5c62f24a6542,1.4833571e-06,1
fa010f6d235f,1.590195e-06,1
3c2931e9726f,1.5581793e-06,1
dcdb022c4332,1.2182566e-06,1
814d38d1cb3c,9.1548486e-07,1
e64adc9e941f,1.0463276e-06,1
bb7c33dfee28,8.0728904e-07,1
8cda1c824c58,5.234506e-07,1
ba7c1c425de7,7.53193e-07,1
7ccb1eae6272,5.613957e-07,1
d20112ab93e1,7.268057e-07,1
97658d5f4fcc,6.633929e-07,1
3ea3e7fb55ba,1.0677171e-06,1
9e4c3e596dfd,9.2470265e-07,1
08622f572290,1.5209642e-06,1
81dd24300469,1.6963959e-06,1
509affd52cf4,1.2457778e-06,1
904284b9ec5d,7.603132e-07,1
0db51b672a7c,1.6292762e-06,1
97e6c19f14f5,1.3808506e-06,1
d454bf264a60,1.2261971e-06,1
275d0b8eb714,1.0792969e-06,1
471899e5a900,9.958001e-07,1
a8b8a5af7b1d,9.09336e-07,1
1209173b2e85,1.1293579e-06,1
0d93af695c1e,9.4372234e-07,1
8b05aa5097e3,9.126101e-07,1
79e75db788c7,1.3109847e-06,1
39a7e32c81d1,1.2068534e-06,1
9d3c1078b92e,8.8547813e-07,1
a9c7e0305030,1.1074318e-06,1
89ee9b5e509c,9.923997e-07,1
4d6a6547162b,1.0520048e-06,1
a9af22a246f6,1.6349309e-06,1
0d11829922fa,1.2253855e-06,1
9cef4c73d4ae,1.0893681e-06,1
47ba88675e9c,1.0429502e-06,1
041017b6c6d0,7.8134127e-07,1
395614b5a10c,5.882387e-07,1
87b57426054f,8.247541e-07,1
c96b30f43d3e,5.777317e-07,1
c954e72f3c5a,5.2215466e-07,1
d2b861b9f79b,6.2354115e-07,1
0281074610f7,5.8703586e-07,1
ce6ec0a6ee96,7.809167e-07,1
ca9660007af4,7.587624e-07,1
a35ab1496c49,1.1073391e-06,1
9fbec7d50fd4,7.5331405e-07,1
98b0115d8d60,9.57082e-07,1
65f75554d754,8.3960816e-07,1
c67843096c2a,8.863834e-07,1
01d8c6eaa831,9.123339e-07,1
7523eaf96d2d,7.6494456e-07,1
30c308d3a1ba,1.0251609e-06,1
1cd392e88e9c,1.5664041e-06,1
d4a31923c9f6,2.16243e-06,1
5ca3e8b8d7f8,1.5909716e-06,1
febf748d68e0,2.0278253e-06,1
413a5f70f0f1,2.4138224e-06,1
326e48699f24,1.4512406e-06,1
ecb758bb283e,1.5740125e-06,1
bd68941392ea,1.099635e-06,1
cf7292cc2b95,1.1055319e-06,1
d4f6090d621a,1.0352395e-06,1
7e87ffc47d96,1.0497838e-06,1
8faf9fe3b261,8.152607e-07,1
33b5babc904b,8.3646455e-07,1
57bbaed1e834,9.935958e-07,1
e19e88d01434,0.0013297244,1
af499f584cd5,0.0013305893,1
8cc5e51e5a08,0.0013297327,1
b43e32903cf7,0.0013295008,1
2fb1cfcdf9ee,0.0013289975,1
06318420b8a4,1.1650085e-06,1
46b14b56b632,1.233528e-06,1
991bcb430255,1.1838135e-06,1
b0fbee5c7fd7,1.3950751e-06,1
1036e375b4f7,9.5399e-07,1
9361a73487f5,9.1670233e-07,1
6b38aaa437d8,8.632257e-07,1
47709139b9d9,7.66283e-07,1
77d1ca518a55,7.5629487e-07,1
743ec6c538a2,8.6575096e-07,1
c580d540f211,7.686962e-07,1
634c908aa26e,9.600783e-07,1
b2b2975acd53,1.1727922e-06,1
a67b3c4b2a49,7.4338084e-07,1
2541a5640d31,9.129329e-07,1
5b2222b7363f,0.0013818959,1
72b2decb6a82,0.0013845079,1
c56f7fa7383c,0.0013840428,1
b1277dff1290,0.0013813374,1
2dde10f1d2f4,0.0013990192,1
571dcfb77643,2.5509342e-05,1
e3ac117e2311,2.4461408e-05,1
5fd8fc553d77,2.3834627e-05,1
705e293634dd,2.322608e-05,1
2780694deb56,1.4694436e-06,1
0734c28bb5a5,1.77088e-05,1
a2f936b2e662,1.153186e-05,1
3aa9500b3fe2,1.086944e-05,1
581b3a7b61ab,9.869495e-06,1
b66fb39f6170,5.838698e-06,1
1a8ce52b5a2d,5.3868746e-07,1
4ef43d2f4df9,9.189397e-07,1
777ceff7f901,9.218834e-07,1
c72f302f6b78,9.295663e-07,1
393df9060c2e,9.761244e-07,1
7cc67caa677d,9.2181e-07,1
128980290d9b,8.4860926e-07,1
c98987516098,1.3508287e-06,1
753a6cf39848,1.4281069e-06,1
e9ede95e4229,2.9293374e-06,1
3ac61094d9aa,0.04746461,1
a603bcc962ea,0.15224268,1
f589bc4f90fb,0.17680731,1
eada8b2062cb,0.21045317,1
734e82865aaa,0.21044703,1
436ba584f6d1,0.38698548,1
3d8afa9ad6b6,0.31420046,1
3b48e0f9de2c,0.29014677,1
0b2e0a41afca,0.26164165,1
d913f7534aab,0.27032536,1
c8e45b229c51,0.09525617,1
ab9e54527a53,0.06875955,1
bbb21a206178,0.17497995,1
2fb57f59d0cc,0.17258453,1
9daa3eb67122,0.50499785,1
5471afdf626b,0.5516577,1
aa500407fcbe,0.6150389,1
5b38e02295c3,0.6105787,1
acd3a626c309,0.67878777,1
5374c2af5553,0.5111847,1
dbb998fe1239,0.41605455,1
65aa17e725b6,0.34738964,1
4ca4e5742eea,0.26606596,1
0f29084921eb,0.195107,1
9e1121314ceb,0.021608237,1
6bfa63132c3d,0.021164047,1
e2ea2b5c04d4,0.020944871,1
036560852a5a,9.172726e-07,1
273a4bacdcd0,8.4858215e-07,1
5297ff65ce61,1.2568612e-06,1
7d38d0de1bb1,1.1026312e-06,1
ad744e2121f8,9.1142806e-07,1
61f57c88b720,3.125567e-06,1
c7300dc87c4d,2.7185672e-06,1
310eec7f3fe4,2.1987357e-06,1
cba3da67337a,2.8715062e-06,1
2ca09b628580,2.135762e-06,1
b708584301c3,2.564967e-06,1
3edecfee96bc,1.0590226e-05,1
acddda4ed42e,1.4944946e-05,1
34db628b8ce9,1.6381675e-05,1
177f20fa1b07,1.6754002e-05,1
2475ea58c5b1,1.1897136e-05,1
26f3d3861fd0,8.108109e-06,1
1ef2b601fa13,6.338021e-06,1
9b8fed107104,5.5872074e-06,1
bd77e73fc2d5,2.421265e-06,1
d44e23612437,1.9097026e-06,1
9ad44b52622f,1.6077241e-06,1
f536acbabc0f,1.6779784e-06,1
6a4f2d820362,1.3752572e-06,1
dd35acf825cc,1.773788e-06,1
f6d4deea0a1e,2.9271e-06,1
87396ef841a9,1.7460162e-06,1
332c65ca0e9d,1.4796951e-06,1
00ca9b716d32,1.5124722e-06,1
57c9386dcc91,1.8515196e-06,1
22f9693d56d5,1.5856294e-06,1
2e2aade6fccb,1.4045794e-06,1
2d192ce2d922,1.375746e-06,1
1aded2b9ab4e,3.7561674e-06,1
5b4258654d45,3.8488647e-06,1
eff780453412,3.7281338e-06,1
0ee12ac6448f,3.634668e-06,1
91d61f6f82f1,3.7766556e-06,1
834217af2a67,1.3902186e-06,1
d1fb849867f2,1.232677e-06,1
422af7bbc14c,1.2009236e-06,1
17d31b6216bb,1.9420227e-06,1
5946edea2bb0,1.6720891e-06,1
431d2233f8e5,1.4425462e-06,1
9653cb4d9d85,1.5568835e-06,1
0e9dfe83e6e1,1.3376088e-06,1
ffe316df0afa,8.640691e-07,1
9cb862d7d158,1.1219817e-06,1
14b8dcd5831c,1.013704e-06,1
02ad5dfc2484,9.065707e-07,1
ba5d1aecf461,5.662526e-07,1
84c1cb291259,1.8153399e-06,1
0d39afaa90c0,2.1736078e-06,1
c84b96dafcbc,1.9357199e-06,1
c2e80a0bd64f,2.1475996e-06,1
6c8270c1da52,2.154808e-06,1
9b3959fe52a6,4.3086297e-07,1
29d7a46ca9d8,7.4481267e-07,1
097eca144f61,1.2924911e-06,1
c34ef9a55b4f,1.4165935e-06,1
7a23d095f89c,1.3719289e-06,1
38b46b0ae1d5,1.5341607e-06,1
aaccfa1775d3,9.745828e-07,1
35707c4d75b5,1.1503814e-06,1
da0a434f31ed,1.6367779e-06,1
6f7c1282303b,1.6032983e-06,1
7a61eaf3fd0a,1.366661e-06,1
30ce7052fc70,1.1080801e-06,1
9c8140bd591c,1.0284743e-06,1
b3ee1e1ef1a6,9.75884e-07,1
fef294f5e091,9.570169e-07,1
4bba9c76d853,1.4705338e-06,1
6d67e52ea712,1.117033e-06,1
04418fe9313b,8.6885393e-07,1
f5409cbed02d,1.1145602e-06,1
1f881673da93,9.452417e-07,1
fa7993584bb6,1.2599772e-06,1
2a5ab8748e86,1.3304111e-06,1
a33567c5bce4,1.2255659e-06,1
3a70dbff2b4c,1.045964e-06,1
daa337a0c846,1.0404316e-06,1
9702109b0153,1.0573123e-06,1
c615f351f632,1.122133e-06,1
ad3fd1c011a5,9.730807e-07,1
31d3f5c0ac14,1.2697303e-06,1
5109151800da,1.192878e-06,1
05cc2206c9b3,1.1231816e-06,1
2305e67a9ddb,1.5163463e-06,1
a1ef28656701,1.6531278e-06,1
abe8d15ec940,1.3035341e-06,1
f1ccb8ab62e7,1.4478017e-06,1
ab63f0d28901,1.6128303e-06,1
214bb523654f,1.8090726e-05,1
47156d0c9ab7,2.1094813e-05,1
50717eee5c2e,2.0147545e-05,1
5ff51808b0b3,2.2548718e-05,1
ff526f7c488c,1.256018e-05,1
82e4ce3b8a22,5.247361e-06,1
340bf0c75368,4.230866e-07,1
0594b4e7cc6a,1.068352e-06,1
32f3e577166e,1.2559228e-06,1
84129f72e30b,1.3903165e-06,1
d9fe788cadd8,1.3345406e-06,1
84c9fee9370c,1.348694e-06,1
0ad8eb93e1e9,0.0013596894,1
053a2e30820c,0.0013601308,1
6ac2462288ce,0.0013586351,1
b6ffcc32c39a,0.0013561478,1
c62bb45409dd,0.0013484793,1
abc51f41a962,5.097512e-07,1
9c0d638aeda4,8.226074e-07,1
bf27e1599b35,9.4649346e-07,1
2ebe72312579,1.5041891e-06,1
f98ef1f47c63,1.589373e-06,1
cc550bb172d1,1.4829021e-06,1
b84b2ed06051,9.662745e-07,1
ddae686b9473,1.3961316e-06,1
dea86bdd8cab,2.10223e-06,1
284a842562b4,1.6505772e-06,1
6405c131c67c,2.2684683e-06,1
c24ae4d68066,2.0114164e-06,1
3a89eaa59ed8,2.0692573e-06,1
f5f61f5dfeaf,9.994039e-07,1
d763b22fa816,1.111909e-06,1
d1b2c7e02836,1.0722664e-06,1
ca9999504e91,1.1024143e-06,1
61ea81badef9,1.3042877e-06,1
e540233f036a,8.468631e-07,1
4e91c412462a,9.08049e-07,1
acf8c4306daf,0.0013295704,1
b2716ab08422,0.0013303647,1
36404dae8b7d,0.0013298368,1
4941b2c5aafe,0.0013293659,1
1d0831d25682,0.0013299163,1
1a9019f0b40d,2.2703887e-06,1
e30dcffd3098,3.414747e-06,1
fddab647f82c,3.2678972e-06,1
9d71e526d57f,4.564879e-06,1
7cc62e8f6cab,4.139152e-06,1
783115baacf0,5.614501e-06,1
8b6bb3048805,4.5271668e-06,1
dc77e66afdda,3.475755e-06,1
994ef87f97b2,5.7918883e-06,1
b393a66d4220,4.5959373e-06,1
28e31fcc4af6,3.8095532e-06,1
a13301c923de,1.9546312e-06,1
813900fd6ac1,1.1246212e-06,1
b8ca81b0c4f5,4.8081955e-07,1
b3aa0bd7f424,7.563136e-07,1
0fb2a80ca737,1.1085494e-06,1
fdc7588b3414,1.0891207e-06,1
b500f4364503,9.506461e-07,1
824f9beb0fcd,1.8773528e-06,1
7b2db0f5e822,1.5808785e-06,1
605b86c3e854,1.5159526e-06,1
c3db15950b52,1.678731e-06,1
045da837ef8f,1.2652862e-06,1
3cd7dda362e0,1.4797419e-06,1
08a7bc7e7353,1.5566394e-06,1
014fb1a988ce,2.176528e-06,1
a7b85a230fc7,1.6094957e-06,1
eb8015221be3,1.3676565e-06,1
5646eccd0a50,1.0165724e-06,1
0004950d4442,5.5562515e-07,1
301a146a8e69,7.3904016e-07,1
392f7bf76472,9.4748054e-07,1
a610b291f057,7.9423853e-07,1
bdfa766f4b12,5.6633627e-07,1
410347c06b54,3.6609197e-07,1
30a8dd06ce96,7.96201e-07,1
0bfcf50434ac,1.2417825e-06,1
1793163b537f,1.1042093e-06,1
644a1bdbdbe3,9.705171e-07,1
7ea4c1a149c1,7.536413e-07,1
1fc1ab9d04f4,1.0640837e-06,1
b622923d51cd,1.1226944e-06,1
9f0df436a706,1.098662e-06,1
67f1f0104c44,7.156067e-07,1
faeb191782e3,9.3682377e-07,1
9336c2a30338,1.225713e-06,1
22e9125cfc50,1.1959601e-06,1
7700afde8b84,1.3730582e-06,1
9212dbd40417,1.0861413e-06,1
aaa39560389a,1.1428139e-06,1
38727304001d,7.6872936e-07,1
647ed875f372,8.3857924e-07,1
4cc1b4154eec,9.1194113e-07,1
d9a4f35a543c,8.343429e-07,1
13daf4b061ad,7.605377e-07,1
305efb8c9e56,9.0857526e-07,1
a81e18d48a1f,8.2217656e-07,1
9df084b285bb,1.3773399e-06,1
6cca1caacebd,1.201848e-06,1
73a8faa9e8e6,1.2197817e-06,1
b0594469ef39,1.3546467e-06,1
50b98ec30246,1.6526742e-06,1
f268b88dac42,9.794143e-07,1
c4b23fd8fd1c,8.39392e-07,1
3845d74061fe,9.2331527e-07,1
61743396ab4f,1.0097978e-06,1
d91a2cb7f744,1.0229186e-06,1
3a49c1ed8d74,9.602968e-07,1
cf65cc117b98,5.7996e-07,1
a9c37c0f1b38,8.323759e-07,1
75bff8475e84,6.633113e-07,1
5c68a79819eb,6.7101314e-07,1
ff174b7fe685,6.4851383e-07,1
6f1f9ea56648,1.0782862e-06,1
6951e25e8004,1.4296809e-06,1
444ff74d1dd9,1.3120186e-06,1
2cf41fc8f288,1.5882986e-06,1
c9fca024f076,1.5204234e-06,1
5655f8ba434e,2.0679656e-06,1
3ad86e513b84,1.8570368e-06,1
ba29460809f5,1.1586644e-06,1
58458ad5a4d8,2.4290453e-06,1
1563f67626ba,2.330868e-06,1
8f068d5b8004,2.0834743e-06,1
eb89f830af14,1.6717893e-06,1
9729afd4f7ca,1.7144031e-06,1
24cab1ece8b2,7.022302e-07,1
10fe3579d1c5,8.868415e-07,1
1f878f4ac0af,8.6916407e-07,1
491db23433a9,7.7452506e-07,1
bd81d3cb90d3,6.3203095e-07,1
4075a421b876,3.5201893e-07,1
58e0e72e3e09,4.015396e-07,1
a51874a0dd8d,4.2234896e-07,1
e551f17da13b,5.0257574e-07,1
c94a31f1157d,5.364918e-07,1
9da4212eda1d,6.4492224e-07,1
76c01f56f613,5.713847e-07,1
092412b067b1,5.8048704e-07,1
7f70f2935b2f,6.2121575e-07,1
ecc4c53f4e1d,7.2623715e-07,1
1d4c94042146,1.1016516e-06,1
98850c4cbcf4,2.3161067e-06,1
3ec15c1cd267,2.2468478e-06,1
396e14c27a1e,2.3993152e-06,1
77c9fea3d474,0.0013791565,1
27fa0e6acee5,0.0013804227,1
59b38998d6fe,0.0013769638,1
ef53f0596cff,0.0013737739,1
7260f2c54444,0.0013652728,1
fe4a49a8a1da,2.6004514e-07,1
48819dda7bbb,5.5722984e-07,1
77bcdcf0e076,7.397863e-07,1
3fa372ce4e7a,9.3126147e-07,1
0229fc4a939b,1.1591451e-06,1
28d82a8462e5,6.1322777e-07,1
5fbce202b4e6,1.0659427e-05,1
6e62ff7bdb33,1.0695637e-05,1
acd038926f70,1.0471809e-05,1
cc5d8ef45894,1.0439213e-05,1
a119c98334fa,9.9165945e-06,1
d7af32cee301,6.448767e-07,1
e4c942bbfece,7.2410586e-07,1
ddd73c741f88,8.843724e-07,1
e3a1cc6cccff,7.1021697e-07,1
6d8a994bbdb7,8.304302e-07,1
69c7f7472426,9.367798e-07,1
63526f444e0b,1.2656214e-06,1
9575587e6426,1.2446338e-06,1
a8f53eb667bb,1.375255e-06,1
7bb80f56bee0,1.1716521e-06,1
62023876d5ae,5.963339e-07,1
90223a451fac,9.137159e-07,1
c430ce9bda88,1.0467082e-06,1
669bd335b9f4,8.464077e-07,1
8e8c4997b83b,7.763643e-07,1
f4701e316d0d,5.405601e-07,1
386d5a4155ca,9.2396346e-07,1
a3dde8801c20,9.840606e-07,1
d5b6c760039b,1.1557297e-06,1
551efbbce86f,1.5925077e-06,1
875b2b583bcc,1.4938487e-05,1
be4bac830b66,1.4914516e-05,1
6d585706d1ef,1.3847064e-05,1
ad3617572cbf,1.4550098e-05,1
129cd9f8021f,1.389063e-05,1
8945cb5d07e4,9.614935e-07,1
6d6f49e5e8d6,9.0192e-07,1
21e36b024832,5.4240745e-06,1
72b187b3e3e5,2.6040273e-06,1
8a7e53c3c3ba,2.7751216e-06,1
8d867cf3f56a,1.5734375e-06,1
818b70960646,1.4864228e-06,1
83fbb90074c5,1.1761731e-06,1
7739cde9e208,9.574301e-07,1
4e8f5ba7d1af,4.3608628e-07,1
0ac636c6cedd,1.0452123e-06,1
b926207d7583,9.821234e-07,1
40daea57183d,1.009533e-06,1
26ddaa177295,9.927417e-07,1
fc872b33da5c,1.0020888e-06,1
70254f88b250,6.043446e-07,1
58a929401cd1,9.716665e-07,1
73e7d4b8c685,6.616276e-07,1
da68531aa575,7.4608795e-07,1
c57ff8482341,1.0341317e-06,1
ae831be01751,9.586946e-07,1
aa9d2e7dcd99,9.887133e-07,1
44ef04a139fd,1.5444361e-06,1
c7fe5f420133,1.0845183e-06,1
999f5f2339d3,1.7327386e-06,1
408526302835,2.1628937e-06,1
81b61cc17ae9,1.9641104e-06,1
a1d22a5062f3,1.8397441e-06,1
a78d61d98f2a,1.8176262e-06,1
fc4c3c3694d7,1.4923785e-06,1
fe2aa65db608,1.5505973e-06,1
fd97dee0b6de,2.1324026e-06,1
1a44abe22434,1.4569305e-06,1
d101a809a60b,7.1207023e-07,1
21f804387572,9.933385e-07,1
a252fa8ea443,1.565419e-06,1
5fa6860e1c4c,1.5856273e-06,1
41a996bf0fa1,1.5646976e-06,1
e4fcec5ae197,1.6248994e-06,1
48a3fd02f3a5,1.2028559e-06,1
0c411460397b,5.36238e-07,1
952fbc573e73,9.622916e-07,1
078089b0e3ea,8.4480126e-07,1
a5fe7cb05a66,8.3922777e-07,1
3bac86b3a796,8.0899054e-07,1
234e52ee4612,1.1238866e-06,1
83e1e64e9b0b,1.2116889e-06,1
5b689d012c7d,1.0592329e-06,1
71627f3a70ca,6.876436e-07,1
054b03c4c2f6,8.6674856e-07,1
3917e21ca97f,9.883365e-07,1
659959ec1279,1.0634494e-06,1
8c5302baef5e,1.2386682e-06,1
41aa76e6c78d,1.2973719e-06,1
5017235b5dbb,1.4000769e-06,1
2d456eeb28cc,1.3501729e-06,1
14b8d8f4fe08,1.0870192e-06,1
c93cefdf745e,9.460518e-07,1
485adb714a99,1.2685958e-06,1
24051588a3d1,1.2616038e-06,1
4e1f7d807e7e,1.2625759e-06,1
f6f13754a6ce,6.243774e-07,1
a535ec560f4b,4.5945507e-07,1
3384161f403b,8.857158e-07,1
eca0657472a9,1.0767636e-06,1
a6a9d53f7a6a,9.3481424e-07,1
9a07801b44ce,8.781372e-07,1
6aa74f10f532,9.536174e-07,1
dcf496f35c26,9.14669e-07,1
6bdc6fd74bd0,1.4133751e-06,1
91e7d3395b41,1.5879019e-06,1
8255897f9989,1.5479793e-06,1
54635b2893ff,1.618784e-06,1
a56489795be7,1.5872284e-06,1
412b2dd40ee5,8.1568413e-07,1
75016535bf52,9.1142925e-07,1
a6892aa9feb7,1.1481702e-06,1
214220f9d62c,1.3480737e-06,1
0ff1b7baab40,1.4426962e-06,1
dea0bc7d385d,1.5013563e-06,1
c7e7b48fffdd,1.1520153e-06,1
cd6a38136a9c,8.891685e-07,1
7644ffe11c5a,9.10077e-07,1
6c462edc0a53,1.0131954e-06,1
ef1935b267ea,9.958818e-07,1
c742ae8adf85,1.0622012e-06,1
b65053098da8,1.064465e-06,1
82cb02e7c62a,1.0347843e-06,1
9fc0eebd436e,8.329405e-07,1
38df88a1841e,3.8447197e-07,1
89a6988160af,4.8096706e-07,1
ebca23474125,4.1749328e-07,1
2b62c47de57b,6.1604135e-07,1
86c2f011eac2,6.9270294e-07,1
b58aa7bba388,8.786635e-07,1
f1570ccc1ccd,1.0636309e-06,1
1500a1ab7ada,8.4858016e-07,1
f54dcca77165,4.940417e-07,1
ee63bf0d0d6e,9.1100145e-07,1
360aba17249c,9.375753e-07,1
33e310f0898d,9.720616e-07,1
0d09d09cab3a,7.7264076e-07,1
2266084bac31,7.311993e-07,1
5428312d9cf4,1.1142477e-06,1
525a9f0fad6d,1.3855744e-06,1
311c783e712b,1.2895401e-06,1
4fa2852b3555,1.6552189e-06,1
130f31db39e1,1.5790346e-06,1
54132e383230,1.4049167e-06,1
d98bbb9fe903,1.4675863e-06,1
dd86e1fc1870,1.8251808e-06,1
d8c2be0dcf58,1.4515123e-06,1
b9149ab16925,1.2079681e-06,1
e1de93c4fe7e,1.1539888e-06,1
1e360cc15dd9,1.0619037e-06,1
9da9902bb82c,1.1018711e-06,1
cf9b290e6b5d,1.1417309e-06,1
99b815ae1582,1.2060216e-06,1
b122c6bb9b99,7.1248005e-06,1
bc10559d983d,7.8143175e-06,1
efb1df16da78,7.1571108e-06,1
463c81919da1,7.312933e-06,1
69c8306ea081,8.097746e-06,1
cc667ab0d499,3.7612795e-06,1
81c50934fd65,7.559533e-07,1
98d46de6d993,8.7987877e-07,1
5bfe3736ca93,1.4282515e-05,1
fcdb3195f86d,1.0582128e-05,1
8edb9c67b0d3,1.0151376e-05,1
b1f949ba4e2a,9.692908e-06,1
3d6c696a4b67,4.315498e-06,1
4ab051995880,5.3041924e-07,1
60785b2567fe,0.0013529024,1
b44b7bcef384,0.0013550256,1
029fa14780f4,0.0013533056,1
ab6ba6749c97,0.0013516207,1
549c8e32b27f,0.0013409642,1
70b9a5d9c645,1.191851e-06,1
35cd00f22903,1.0966783e-06,1
ee7dde46a97f,5.508641e-07,1
c61f3d83e881,3.2367461e-06,1
8b265f4c2a78,1.4162033e-05,1
ac81aad8ce01,2.5047793e-05,1
db26ca63cbd0,2.101512e-05,1
9ed2e15e4082,2.1648408e-05,1
09e849ba45a4,1.0510002e-05,1
e2aab2c8fa9b,8.355537e-06,1
c6335bc36577,3.260093e-06,1
f79cb95d2d62,3.9080885e-07,1
473dd537ce41,4.424544e-07,1
83447c4aa01c,6.509431e-07,1
6fdfea1b51aa,8.894445e-07,1
fe611be6fae7,7.303459e-07,1
7c779df07562,9.736742e-07,1
75749d4637ef,1.4776295e-05,1
40a0edf4b2cb,2.116399e-05,1
76ec10233729,2.1897718e-05,1
f230a0d325cb,1.9176256e-05,1
f5bb32c36707,7.4900477e-06,1
2d3afe717e70,6.022698e-06,1
90a90ce67285,1.2505951e-05,1
2273f6e360d7,1.0203432e-05,1
5a5848e80889,8.783255e-06,1
dccfe1b42a98,3.5233295e-06,1
c597f6b99a64,1.6933231e-07,1
4baa974fce15,4.871801e-07,1
49f1ab131d06,5.3641816e-07,1
58520ef7ae8c,3.7120682e-07,1
b390bccd1f1a,8.348976e-07,1
c4354c77e27c,6.0393927e-07,1
33f2e16985c5,4.339049e-06,1
757ce3b6e8e8,3.2957657e-06,1
247c1ec9540d,3.7605698e-06,1
476ae8d2fea7,2.222688e-06,1
ce68c31d1ca1,3.7927898e-06,1
8bffad74134d,2.8725597e-06,1
e3516db1498f,1.6382896e-06,1
81c078128c7b,1.2508032e-06,1
faa8a0e21169,8.748863e-07,1
ddcb1bc241b8,1.3474386e-06,1
6844bf039bfb,1.544459e-06,1
95dc478c3d95,1.7765682e-06,1
40272560f081,1.3337303e-06,1
35965f954a95,9.217754e-07,1
a098c8030cd6,7.317368e-07,1
fb32dcdc8b5a,2.8920347e-06,1
8de851c51d13,3.17569e-06,1
264ac8c8f530,3.262595e-06,1
317ba12c9a47,3.3310591e-06,1
cae19526ec94,3.3326069e-06,1
3a01e24623e9,1.672284e-06,1
db13bbfd63fe,1.9736178e-06,1
53cd6f3a5168,1.6470118e-06,1
5ddb914b80c1,1.2316771e-06,1
1a0e84e2c877,1.30272e-06,1
44fbff76506a,1.1833584e-06,1
1ffae0b12744,1.08341e-06,1
e932c4ec05b6,1.1597167e-06,1
bac7a1f13bb5,1.7673576e-06,1
7ac2f1c89a03,9.868185e-07,1
b77228bab38e,9.700146e-07,1
9e5f103fc1b4,1.1627209e-06,1
646150d9ca85,1.3372277e-06,1
6263638d1e66,1.5841281e-06,1
bd2f093e104b,1.4352445e-06,1
7adb4014c6ca,1.7554615e-06,1
f1dc2ed1f504,9.912168e-07,1
96033982bc5c,5.091825e-07,1
5ab6ee530a3d,6.9821493e-07,1
21157d629dff,5.9284815e-07,1
d11f5b73a0b7,3.4810645e-07,1
8194158c6fc4,5.069021e-07,1
ea67587609ba,1.2199481e-06,1
863c4779639e,1.3901715e-06,1
cd2f21592773,1.4077654e-06,1
b5a758a2f4e7,1.1322029e-06,1
88f3e514c507,1.1097943e-06,1
7e0bcd0c4000,8.377264e-07,1
9a00e5a15746,3.5419086e-07,1
bf1ee90d2006,3.940586e-07,1
17f59a934472,6.402709e-07,1
f9b371b35d91,7.240671e-07,1
5620ef7efbdf,9.752067e-07,1
876fc5969abf,9.4993106e-07,1
0f3b4658510f,9.602769e-07,1
0111acf59b0f,1.2397312e-06,1
5cf67940a46e,9.383285e-07,1
ba960f6e12c6,1.0284028e-06,1
34792d4f871d,1.9294932e-06,1
8f9876847e42,1.7918413e-06,1
8af404fb39cc,1.0727184e-06,1
c46a5e317fb4,9.744301e-07,1
b81456ad09bb,1.2407347e-06,1
a12e895234c8,1.145388e-06,1
a2f281599869,6.9989477e-07,1
00b7c14fea75,7.146385e-07,1
ff391a65fc41,7.16432e-07,1
23ee88e7ad1e,6.2038976e-07,1
5aa8ed15b6d6,5.7611766e-07,1
4a044ac58e41,9.643225e-07,1
dcd5962afec1,1.0114534e-06,1
f78423e53cdb,1.0359618e-06,1
f9f73d7d55b8,1.2069962e-06,1
b0ba4cd3ce04,1.3705393e-06,1
d7a7fad38345,1.8241326e-06,1
5f3ff9ed0ef9,3.566217e-06,1
4a0a72d591fe,3.2973462e-06,1
c7b70f7f841c,3.842502e-06,1
5cb6ddf1a154,4.1535545e-06,1
fb95a1de6fdf,3.6493852e-06,1
cdcef3d67416,1.2380281e-06,1
71da600a1537,0.0013611731,1
053019200b3f,0.0013640743,1
f469cc0da9b3,0.0013650871,1
14852a79976f,0.0013618387,1
ba3225139e30,0.0013507239,1
6745db71531b,6.2914646e-06,1
3a9d5a98911f,0.059419714,1
a613809c3ad1,0.10925608,1
c104a82498a7,0.11015514,1
da32060da245,0.20203705,1
bec26e96a463,0.2183847,1
ddac9d184eca,0.16972117,1
21f809f0b44e,0.17717128,1
69c10379e72b,0.21647634,1
04f099c01726,0.12641054,1
53cd3437e9dc,0.1100613,1
ed37481056c0,0.10038215,1
d006a2897f0e,0.04309513,1
a4a8dbab0012,0.002886279,1
a3bf3179eb2b,0.0010714103,1
ef694edacfbf,0.0010588699,1
dc7b23f06a79,6.022263e-07,1
b1b34f7d810e,7.389509e-07,1
31d97e47ca9f,7.867103e-07,1
0b81b6483dc1,6.939725e-07,1
52534460b38f,8.98751e-07,1
0439ffa3904a,1.4284699e-05,1
125e0e26ff4e,1.4665717e-05,1
d3e9920b783f,1.3574276e-05,1
cede035d217d,1.3309165e-05,1
05b2eb8e31ee,1.3750702e-05,1
78501a40ff22,1.000602e-05,1
9d828ccd89d0,8.312042e-06,1
50e8f8bb4ce9,1.874653e-05,1
0821a2d3fac1,1.594956e-05,1
a9af6e5588fc,7.687078e-06,1
07d47e4a43ca,7.706925e-06,1
94290798e20a,3.622238e-06,1
83d7aa4ae41b,1.739596e-06,1
68d285f6414c,2.3587543e-06,1
9fba59ae12ad,2.0826087e-06,1
7ca654ab252c,1.6070817e-06,1
8031c69c3aa5,5.3326794e-06,1
b8a4f79bed05,4.814035e-06,1
43111aeba6ec,2.2858746e-06,1
496892c26b6d,2.1708956e-06,1
35506b7b71dc,2.0982266e-06,1
b3125fc187c1,1.6156606e-06,1
a7ac5ef50fa1,1.5649077e-06,1
d56da7bc4861,1.4249024e-06,1
b59980656a92,1.3734277e-06,1
a34543258c8c,1.2787737e-06,1
511854631565,1.2227615e-06,1
13e83166d9ac,1.0681115e-06,1
a70c27529fff,1.4285655e-06,1
50ac734c3747,1.8390878e-06,1
fd539fad0303,1.6888275e-06,1
fe95b3675a88,1.943403e-06,1
a93d8fb8f13f,2.4620454e-06,1
4271f6c0affe,2.2793213e-06,1
129fc75ea14b,1.284143e-06,1
7f9ec6545b54,1.1250207e-06,1
d1edf41d7aea,1.0640539e-06,1
e524c852909e,6.5080803e-07,1
43bd65d04908,8.849264e-07,1
b68a17309cee,8.8281513e-07,1
541b6791f78d,7.1870846e-07,1
5a1067aad297,8.061923e-07,1
60371b84d7a6,4.876504e-07,1
2ed5b506655e,5.4411527e-07,1
8733bd9d1671,5.4672233e-07,1
b26f9bff92ff,1.1230098e-06,1
94960d91e920,1.5663163e-06,1
3ded2f6f7865,1.5801564e-06,1
abe55b167a52,1.6661876e-06,1
62c8836402da,1.9458914e-06,1
95816969f467,2.3780995e-06,1
8729d1d939e2,1.1690364e-06,1
73e898aefed8,1.2753941e-06,1
a90b606565fd,1.0255568e-06,1
2d6a1dd3d5c0,8.296113e-07,1
b658f510b3c3,5.835259e-07,1
0683fba48141,7.850006e-07,1
1eb605b02b0f,1.0530583e-06,1
50f62dc736cf,7.69141e-07,1
50f261ec2c3b,1.0645441e-06,1
0a5af41b5cc4,1.212398e-06,1
79896c417b15,1.2939593e-06,1
02d8a2e54ea8,1.147798e-06,1
7be044a9ea24,1.2327557e-06,1
9e67cdd12a79,1.5275937e-06,1
fc56c3c3e6a1,1.3312107e-06,1
c0fe25ce9945,9.602235e-07,1
f813050cbdcd,1.3195738e-06,1
deaa0fdd6db1,1.4062653e-06,1
352feaecc2fe,1.1096639e-06,1
1fc9a5628ef7,1.3902027e-06,1
07488dfa0499,1.0176442e-06,1
a95ff84d4921,1.5444197e-06,1
a222d128b368,1.2392604e-06,1
1c4bddd7a266,1.3263722e-06,1
f15d2f729c52,1.3399281e-06,1
fb774295e2b8,6.940177e-07,1
3a8b03f44b6b,1.0290651e-06,1
e1ce8fbb499f,1.2303675e-06,1
1a6bf356b827,1.0645358e-06,1
d595af641d04,1.261826e-06,1
c544f559e3c8,1.5467399e-06,1
618a55576a47,1.7675773e-06,1
f9e42fd563fb,1.3470749e-06,1
64d9d53d6986,1.204804e-06,1
13eb2a1e5974,8.547509e-07,1
b1d81d6f7466,9.101639e-07,1
66fbdaca7456,9.1484185e-07,1
cf42ce79ba5a,9.933185e-07,1
557d1063a1d1,1.1816692e-06,1
3e67b9d1f439,1.0371997e-06,1
e13e07939b8d,7.355005e-07,1
e757adb9900d,9.765472e-07,1
2b48a482e619,1.0561506e-06,1
1831385887e0,1.2537083e-06,1
b4cde854b3e0,1.3862203e-06,1
7c25227d7114,1.2431548e-06,1
aed50373f3de,9.458549e-07,1
3a3ac3a0cca2,1.0217423e-06,1
b4d4c3a6b61c,8.747216e-07,1
e2522ec2cfe3,9.903147e-07,1
005ae32aa432,1.0061542e-06,1
38811ac39ae8,1.1106318e-06,1
fb53216832fc,1.2881729e-06,1
44363a394a58,1.4326296e-06,1
4d629278633e,1.3483584e-06,1
5c0a38d1ac1c,1.0776077e-06,1
1af59ae8eb6e,1.0789221e-06,1
20b30cb99af9,1.1965833e-06,1
55a7d2ab3b17,1.0550381e-06,1
a670e9cbeec9,1.1313505e-06,1
88625836920b,1.3834738e-06,1
aa4cd864f9fa,1.1974313e-06,1
8bcba9571f80,1.2783072e-06,1
9ddbc8d97809,1.4080588e-06,1
515409e08210,1.1324598e-06,1
833162d8a33c,0.0013658401,1
58ab22418ebb,0.0013677065,1
fab09a193b00,0.0013665362,1
df1a82ba9c09,0.0013636347,1
11665a971717,0.0013542405,1
f1ae1d029387,9.621866e-07,1
001d3208559a,1.0257774e-06,1
663d3b46d926,9.0697097e-07,1
6b1d0d924268,1.0232359e-06,1
3a8ac58f483e,6.7678764e-07,1
75420a2a9bd9,3.564463e-07,1
13ef85919825,9.159609e-07,1
345fbb6d193e,6.7557005e-07,1
d02e277e6dee,8.9976436e-07,1
b2a6894237ad,9.829296e-07,1
43c4e1ffa89c,7.947251e-07,1
4a9d46bc4de6,3.6408136e-07,1
29c2361aad24,6.673372e-07,1
2636fad28181,5.97849e-07,1
5b96b3a218b2,5.287274e-07,1
ad818d02f1a1,4.3361126e-07,1
cb6d1ec81450,1.9640636e-07,1
852c350fa512,5.353647e-07,1
491247c4f5cc,8.113688e-07,1
13b7b5859087,8.586262e-07,1
9be84fc8626f,9.133294e-07,1
6754bae5d8b1,8.179147e-07,1
1d428b61b260,6.805143e-07,1
eebd37860494,7.3531334e-07,1
dae41ad21038,4.697572e-07,1
19246328bc58,6.255159e-07,1
394876654b91,4.3457803e-07,1
79fc341346bf,4.3066848e-07,1
155d711f0fb4,7.9556474e-07,1
eeb5fa86d400,1.0428614e-06,1
2c57a3356f67,1.0529997e-06,1
9f4137ced45e,1.0157315e-06,1
cc7ce86c4a2b,7.1908664e-07,1
43e884593ee6,6.8333213e-07,1
889bad468bd6,5.5526266e-07,1
80dbdd0a6606,5.852709e-07,1
853afa9f2505,1.0771006e-05,1
ada7e19e071f,1.1918097e-05,1
d2ea30d6c576,9.175143e-06,1
6d924becf1d8,5.4077063e-06,1
629022e0a40b,1.5550462e-05,1
3d72dc281aa7,1.5647229e-05,1
34f266af1103,9.833107e-06,1
978c4d230ca5,9.369514e-06,1
10bd27f49b58,1.4141202e-05,1
a1fc38100f16,1.1673021e-05,1
06a9513fa037,1.0756088e-05,1
8da2185342df,8.476751e-06,1
6e14b3fb94b0,2.9960918e-06,1
fcbf261fbf8f,9.529244e-07,1
47c634cef658,9.430628e-07,1
be03ade50bdb,8.109605e-07,1
0bbf0c1cd747,6.444046e-07,1
7e97db991c4e,6.16665e-07,1
8e9bd7f78603,8.7863094e-07,1
34911f895628,1.0389077e-06,1
65647c2228c9,1.2636465e-06,1
b42f44cf7d39,9.439803e-07,1
f1331f8bfd3c,1.3237947e-06,1
add431c82c18,1.3142912e-06,1
a5d61b9e3f79,1.2673248e-06,1
75081b17b40e,1.244256e-06,1
ac3fc7f51203,8.072128e-07,1
9fea956fe701,5.789518e-07,1
a0d4af3fa70c,1.0980074e-06,1
66e1eea7c848,1.2417457e-06,1
44f6db4d4d3e,1.1866748e-06,1
a93765257b54,9.738543e-07,1
4ebe00ab64b6,1.0745842e-06,1
a01bd2825d7d,7.6376335e-07,1
be5e904e7a48,9.842246e-07,1
68481c3c737d,8.784662e-07,1
a8da74167610,1.1610899e-06,1
84f0122bc6a4,1.5711938e-06,1
c4183d72cfed,1.8277868e-06,1
f79f760210cc,1.8021398e-06,1
ab40305153d0,2.1032185e-06,1
45c0d5a8dab1,9.692324e-07,1
7f2e25992df3,1.1573197e-06,1
1e660df3cfb6,9.5119066e-07,1
b578689b16f0,6.643677e-07,1
9821ef021359,5.3607164e-07,1
70d7295a99cd,2.9272118e-07,1
837310f95a76,5.65041e-07,1
297b62415a85,6.59681e-07,1
0c60eb588f1d,9.3702437e-07,1
b4d793b3fb1c,1.2380198e-06,1
724b99048edf,1.3421736e-06,1
75e1a0eb457d,1.3142738e-06,1
f4779490c0cc,1.2192953e-06,1
26eabb245c34,1.2444095e-06,1
c49b7a66517b,2.4571817e-05,1
5232881702f5,2.1209053e-05,1
41c3e0fd2393,2.0462061e-05,1
a4045473d6d6,0.0014294415,1
6ff26961caae,0.0014243579,1
27c14fffa47a,0.0013896619,1
661408360c9c,0.0013869512,1
bb50aef98dae,0.0013768746,1
7d62c431c78f,0.005207849,1
c4fb0b01cb1c,0.016069654,1
4812696a137f,0.018311126,1
8b06bd32e75f,0.021813039,1
8811d0c5b3de,0.09582142,1
496f4a8dedfd,0.33824605,1
b2976c77c874,0.4503158,1
70d11b990601,0.52222675,1
65340d7ef6bb,0.69369966,1
9bba61695823,0.6201258,1
b48d19af4946,0.54156953,1
aeb938ec8c00,0.41865134,1
0b74b3e02292,0.3572289,1
798dd230df23,0.18239802,1
ff851b6eedc7,0.18197893,1
764f437b88fc,0.018131662,1
a6660b9d10e6,0.24248427,1
d91e23bdcdc8,0.2297415,1
def8472b5685,0.22960262,1
1bbda0da4ff7,0.22958387,1
40092a0d5803,0.2243631,1
981c3928afe3,6.7249886e-07,1
8c6485b51ca4,5.8012535e-07,1
162f2a9f664b,5.8744604e-07,1
2da3adfe835b,6.1711114e-07,1
6fe26be4e59f,4.6698645e-07,1
cd31172cf606,1.0177886e-06,1
a6ae4f4dd7ac,6.250153e-06,1
c0cd2e5735ac,4.867061e-06,1
77120f78eeea,6.727773e-06,1
404edd23027b,7.533319e-06,1
981569abed1e,3.062282e-06,1
f8e5b7a3b328,1.3948011e-05,1
ec807b541ed5,1.481608e-05,1
2dc9141e9152,9.812496e-06,1
69585b497838,8.746807e-06,1
e7b402dd920c,4.652209e-06,1
069aacb7ab9d,2.562383e-06,1
dc44dc50be9b,1.8384039e-06,1
7078a1617484,1.2393707e-06,1
5d4d66fac3ee,1.1389627e-06,1
d50d2f1b51e0,1.3302529e-06,1
e5b3b374cb9f,1.0111294e-06,1
ae580b23f8b7,1.0844815e-06,1
d2832893c85e,1.2622464e-06,1
d613f72d2673,1.3669371e-06,1
f618a8a0d12d,1.7463015e-06,1
17e815ace266,2.2987244e-06,1
7331dd251122,2.2227687e-06,1
d2b5c97e6d53,1.8284671e-06,1
c99746f9f718,1.4622999e-06,1
9eed47132cb4,1.3804754e-06,1
d54385de5579,8.928877e-07,1
2f7f16876a96,6.317853e-07,1
02e3d797495f,1.0761986e-06,1
0a2513ca471b,7.471926e-07,1
729ff718aef1,7.255706e-07,1
2c6ffdf8f3d7,9.859644e-07,1
d7e57fe8127a,7.3454225e-07,1
8f68c785cda9,1.0056009e-06,1
bf5f18c23692,1.2622314e-06,1
c166c1ba4333,1.0597884e-06,1
0af766ede9ce,1.3820882e-06,1
7ff9d9491c04,1.5346627e-06,1
11d2d8e57552,1.7624253e-06,1
bf0808e1f39f,1.0439915e-06,1
b7fa71708b0d,1.1785062e-06,1
2d39109a5f38,9.3863633e-07,1
060a59fb504a,7.3165296e-07,1
8a216c3354d2,7.2322274e-07,1
b7c010664a04,6.495428e-07,1
80e4db6a8635,9.746016e-07,1
349a30412a49,1.7386158e-06,1
6ba15228c39e,1.5424096e-06,1
49a5a4be683d,1.6542806e-06,1
2baf58b1a47c,1.4129082e-06,1
07d19af91406,1.0536396e-06,1
e2537065894b,8.7020993e-07,1
1f5e139b7bc1,1.1146188e-06,1
93c97d643760,8.911712e-07,1
8f88745b2736,1.000008e-06,1
2af948314c55,9.1838365e-07,1
82b29acc3e96,1.046152e-06,1
f7c7b95ec795,9.673132e-07,1
c95b7aed2ed2,9.272177e-07,1
9ad8efb59ef8,1.1739829e-06,1
3b0f60831752,1.2562738e-06,1
5486a551d764,1.3519526e-06,1
f9f733d2d6ea,1.3482033e-06,1
9d565c33aabb,1.1629726e-06,1
9f1fde838dda,1.5297757e-06,1
cca467610f74,1.0086129e-06,1
d42663dafcd9,0.001328763,1
1f7edbd88582,0.0013312122,1
3a270befa911,0.0013306062,1
c8c1070b84dd,0.0013298393,1
4d5551ea216e,0.0013291505,1
acb6e0cde587,1.4886207e-06,1
68a94277b075,0.0013501709,1
ebbf0ba44aa3,0.0013506367,1
380d053f4c0f,0.001349795,1
e0c60b98c929,0.0013470608,1
186979849d37,0.0013386839,1
bb493de8a4f7,1.1005809e-06,1
42cf34143a1e,1.3632899e-06,1
a263a877228b,1.2146594e-06,1
67724970a7a5,1.0245849e-06,1
c7997fc3ca9f,1.1295614e-06,1
0defb3c27113,2.1318856e-06,1
f43303d9d4d5,3.2070168e-06,1
851dcc06ac98,0.17799033,1
eb460cde6ffa,0.19121273,1
d2430073960a,0.45504296,1
6f06e6c4e364,0.4896449,1
f8cf02f3916d,0.5009097,1
16d434a38b9d,0.3229323,1
f1e7b780514e,0.31310016,1
8e5935f99348,0.06841892,1
6d3851171e58,0.04108639,1
30d3af05102a,0.059646863,1
627d40a78ce3,0.08603011,1
7d7e08389a72,0.2800201,1
8d9cddcf56c5,0.27839085,1
37939160f9e8,0.27111524,1
ecf6913b7770,0.24127617,1
a27bcf1fa31a,0.21489449,1
51e720763331,3.7294114e-06,1
f38568fa27f6,6.3047473e-06,1
e63ce1a87d30,4.79514e-06,1
0bec3717c5b5,4.091764e-06,1
80e9268f857d,4.285947e-06,1
3148b06438f4,5.0838025e-06,1
f76f9ab21b61,6.3802186e-06,1
7d54b793a41e,3.5518901e-06,1
0bd592b16732,2.3521716e-06,1
9da314c37170,1.3072367e-06,1
371af03d45a0,1.1612103e-06,1
99b5a53d6e98,8.451109e-07,1
bd399dac93e5,2.601363e-06,1
5db9b76bfb9d,3.0738515e-06,1
49a8b2ba5bff,2.42026e-06,1
d233425b6b54,2.868559e-06,1
fbb74f6c3fd7,3.8476974e-06,1
fa77bc8b6ef0,1.5921894e-06,1
3b8bd7985224,1.7308807e-06,1
a89b3f12a10f,1.945189e-06,1
7425e72e5fb6,2.1027686e-06,1
02a288977ac2,1.871883e-06,1
9b96366d14ba,1.5987907e-06,1
4b9e3169c176,8.6777476e-07,1
f4a46e714fa9,7.552691e-07,1
ac0a013b49db,5.94483e-07,1
33c7a89ba16c,9.1461163e-07,1
a7a54ca18d7d,8.106464e-07,1
d614ac7166bf,6.031524e-07,1
193d27f4469b,5.872057e-07,1
4f3d03e0d1fe,4.8743993e-07,1
35b9abc714f7,8.313949e-07,1
ea6e7773a664,9.5060534e-07,1
d50cf785ddf6,1.0901699e-06,1
0a7a14e44a69,1.0016669e-06,1
c08f38a98990,8.301548e-07,1
4734243247db,6.932927e-07,1
e0f66aa4caf5,5.431879e-07,1
eedebe71bf8f,5.5151725e-07,1
8a7935def368,5.554054e-07,1
426b8af3d94b,7.16228e-07,1
4427dcccc6f8,6.405508e-07,1
02be8bc56683,0.0013596724,1
5dfc8a9005c9,0.0013604498,1
0627085bd851,0.0013572141,1
3da02e2e7326,0.0013542178,1
a7ecad9e95ad,0.0013465118,1
85c4eab4e523,1.5008861e-06,1
5addb25da9e0,2.1670146e-05,1
25bf528570a2,2.7649277e-05,1
75bc69996e44,2.7395165e-05,1
75d7c2dfe58d,2.1369828e-05,1
195c2b775416,1.1895125e-05,1
7bf6e8d47918,5.9784056e-06,1
ac4eaf819375,1.2356219e-05,1
6c909c23c08a,0.001379568,1
2a6564bd9d7b,0.0013549225,1
4b8b96fae568,0.0013362335,1
8ce3db81a376,0.0013544321,1
b1ef2333239f,0.0013554111,1
66ac48ccf813,2.7100807e-05,1
68d54ee70735,2.8249045e-05,1
513c3cc0dab3,3.5155383e-05,1
31fdac29c9ae,2.158754e-05,1
9aeb00341c92,2.2240745e-05,1
ef4f311426aa,1.9901972e-05,1
0603e59215d8,1.6061233e-05,1
a3e858dc07d0,3.371884e-06,1
66e6c849f6c1,8.46408e-07,1
7f10308a09e7,9.431958e-06,1
51a8487bdd08,8.060036e-06,1
e2ef6dbcc16d,7.741621e-06,1
424a93fd1be5,8.460416e-06,1
a8182ed62892,7.671135e-06,1
a3e9bab9c1cf,2.7004787e-06,1
796ce4628d04,2.3130028e-06,1
812293aa1747,2.2629217e-06,1
3f9ff7007b95,5.9860636e-06,1
652736afed86,8.645893e-06,1
fd8aee9d2d62,5.7494403e-06,1
b8d3a8570d62,4.8943243e-06,1
ddcf09dc8f36,5.139016e-06,1
7368b5ecd084,5.118894e-06,1
acd0da7f9434,4.423183e-06,1
0f66e0753323,3.069197e-06,1
9c97574c117e,2.2103834e-06,1
ffb3739144b0,1.1317024e-06,1
d2d6201232e2,9.2300786e-07,1
bee92d90b41c,1.3833397e-06,1
67d89b8d5ebb,1.4983045e-06,1
c7a08bb04edb,2.087995e-06,1
5b586f62e0a9,1.233286e-06,1
41f4b9612d2d,1.2473586e-06,1
6c62b28a472c,1.9619126e-06,1
1b60db227ad6,1.5122483e-06,1
22b124eed613,1.2982065e-06,1
4beedeb2fc40,1.0841626e-06,1
20d3e38adb0f,6.609523e-07,1
ded234b39e4f,6.372797e-07,1
96f3f6d319b7,8.803554e-07,1
8b4891547968,1.0613966e-06,1
d294c9c8d19d,8.92603e-07,1
566c3066fb1a,9.1529694e-07,1
a482084a3f44,9.785385e-07,1
372d68c29ecc,1.0164695e-06,1
81475ffc0f6d,1.3369839e-06,1
c252bf40223c,1.368559e-06,1
b9347d0b7d3c,1.5465783e-06,1
d181cdfe4ece,1.6459213e-06,1
319d8e1c6d0f,1.5431036e-06,1
31bf81d827ad,1.1920038e-06,1
c41f2f212304,1.3194061e-06,1
54883d2f3dbb,1.364431e-06,1
81f55fc6b7f1,1.4579251e-06,1
fc091b5b623b,1.6027961e-06,1
bd72d18eaa0a,1.1493343e-06,1
607b9ffbf530,1.1322948e-06,1
3cd5f3889232,1.2593675e-06,1
45c2826b2d0d,7.507988e-07,1
9f54385b5e62,6.572034e-07,1
420bcb5f05f1,5.586198e-07,1
78928fc162bd,6.449269e-07,1
aa23f5101df3,7.606305e-07,1
236717f90522,1.109364e-06,1
60d5354a12d2,1.0304242e-06,1
0dfa86b1469e,1.0012437e-06,1
1dfc0b6dc743,1.083337e-06,1
c0f001730204,9.793707e-07,1
5a56057f7b95,9.25589e-07,1
78ae0c69ee08,1.1799474e-06,1
f53f19b1eabd,1.4969149e-06,1
29fb68971108,1.2832828e-06,1
4ad26412b3c6,1.5092295e-06,1
10b46b22cba1,1.5157253e-06,1
9cdc85663644,1.5550662e-06,1
e868b88fd990,8.0807746e-07,1
25759aa3adbf,7.9981555e-07,1
a84fedf5b0ec,5.1151756e-07,1
2d02b127ad6b,1.1458925e-06,1
3899c402ca44,1.385884e-06,1
d4cfd5f2cf77,1.2709454e-06,1
0118273d79aa,9.5333957e-07,1
3d92757e7f98,9.895368e-07,1
228bb44589fa,1.0028158e-06,1
0289cf7ed8da,7.5603276e-07,1
fe8fcb05c3cd,1.1725218e-06,1
ab1134e0f590,1.0723693e-06,1
fe983584f531,1.2858859e-06,1
20937cde0ceb,8.8174846e-07,1
cbe4e329d520,8.049159e-07,1
3554016c8561,5.839525e-07,1
e9c676217e3b,2.6348957e-07,1
2b3d8b038179,1.6491089e-07,1
c3ce23c69a32,2.2842461e-07,1
f885a660e351,4.5056427e-07,1
f45f3315e7f0,1.1293698e-06,1
08bf0574a116,7.325916e-07,1
b66aa81cfe29,8.711341e-07,1
816668a53ece,8.3934225e-07,1
1dbcb9493763,7.6340933e-07,1
2d429632e906,5.241415e-07,1
596c79daedbf,8.343381e-07,1
4f158de5b5b9,7.590093e-07,1
60da5e7c3203,7.896053e-07,1
991719f31509,5.0494685e-07,1
5da1b17fa2cf,7.3720855e-07,1
aaa36d00b329,6.6233565e-07,1
6e37656f0b86,6.7510956e-07,1
2856ec9df15f,6.311913e-07,1
2d9240354994,9.896446e-07,1
428857982879,1.1984035e-06,1
77640b56e20b,1.3374041e-06,1
172a60e50f4f,1.286818e-06,1
3cfbb319b9dd,1.3990344e-06,1
c23054733075,1.214317e-06,1
b37c1b0703e0,1.0627366e-06,1
339728111e17,1.1946781e-06,1
e6fdb101749f,1.3586184e-06,1
228fced70071,1.3659688e-06,1
01c3a2197097,9.1172876e-07,1
c41b349be2b8,8.714257e-07,1
b7da708f62b8,1.0108035e-06,1
9f010010a7cc,1.2242973e-06,1
eebf7832fa99,9.1982713e-07,1
30a5e97c0075,9.1742453e-07,1
50dc00649b50,1.157297e-06,1
6589a1f4484f,1.0139082e-06,1
f664afb54433,4.6548965e-07,1
cdfdfff04431,1.0018285e-06,1
f9b863e8e8b3,0.0013727602,1
7688a70b8754,0.0013735697,1
71bcff8ee3d5,0.0013698821,1
e737aad1aad1,0.0013664613,1
c45ce1cdd1d9,0.0013596832,1
223548627db4,9.2216123e-07,1
d93cba46aaf0,8.777879e-07,1
2b5b125b9b0b,4.0003138e-07,1
7416c51de972,4.402269e-07,1
5eedc02bca35,4.1262268e-07,1
ae1d5e8759cd,4.5718843e-07,1
5787ac043fcb,6.778759e-07,1
777ed6e7639e,7.496358e-07,1
ecfad293cd29,5.687461e-07,1
9ca61c7e1a8a,7.767632e-07,1
acdf08afc0a7,6.717483e-07,1
d809f81d6b11,5.9168616e-07,1
53eb9831e4d2,8.604117e-07,1
e105312ab82d,7.5859504e-07,1
70e9fb4a0a30,1.3378529e-05,1
f18b515690b4,1.7787319e-05,1
fb5ac142b494,1.8014047e-05,1
c48ddb771b62,1.9503996e-05,1
8f1d259ddf42,3.3415558e-06,1
d47989f81e3b,3.3936265e-06,1
aa234d7ff81c,3.3354627e-06,1
ca228ef313b2,3.2078653e-06,1
b75fdf4c81f8,3.3987188e-05,1
c3cbbe9ae283,3.493705e-05,1
2a0754e3127e,3.626732e-05,1
6d7e97b48f01,3.445248e-05,1
8e28e83c62ba,2.9589384e-05,1
7a54082c0c48,1.028575e-06,1
7e997498b036,9.14185e-07,1
b129040081e3,7.636791e-07,1
2039ec9d70ff,8.912122e-07,1
c8a36d3acbfc,8.965605e-07,1
e96229915e2b,1.1400705e-06,1
d485eae455fc,1.2956523e-06,1
778f8011f245,1.5160874e-06,1
e947743494d4,1.3476997e-06,1
7780c9a04cae,1.2906816e-06,1
63ed1c3e7176,1.1099665e-06,1
a26d8ee1b46c,1.2699152e-06,1
4621bd5d0d13,1.6722488e-06,1
cc672fac06d8,1.083796e-06,1
23654eb857aa,1.3262419e-06,1
0557340c7ebc,1.0921555e-06,1
7d5b53dcebbd,5.0832097e-07,1
bedeb2d8f538,1.3055454e-05,1
81a467fa2c91,1.2956702e-05,1
a29011224e00,1.29716955e-05,1
281fb1166c4f,1.3468858e-05,1
2969a2b14777,1.32386585e-05,1
c5cb6f152a8b,8.0844023e-07,1
c67159c8e9c6,1.006166e-06,1
264ae1494527,9.088803e-07,1
729e3103814c,9.257804e-07,1
c772442e9662,5.523406e-07,1
d889c219437f,6.1560663e-06,1
4d112398df56,7.564393e-06,1
5ece5be2953a,5.905361e-06,1
ce7745444d71,1.3041248e-05,1
83dc104a86af,1.1952799e-05,1
cff5b82322a4,5.300633e-06,1
472fe1ec89ce,4.1314543e-06,1
ec2c15fc5461,1.2521423e-06,1
aaf54a639303,7.598567e-07,1
86da823600d6,1.5414948e-06,1
12d6fb8d8a10,1.7326765e-06,1
20f3a86fbe61,1.0886624e-05,1
c7f736c4d2f4,1.0457001e-05,1
59d45585717a,1.0018191e-05,1
e07d57397cdc,9.329665e-06,1
a1880b0debe1,3.52441e-06,1
23e3f8bef91f,1.947865e-06,1
f2d3710694a4,1.985623e-06,1
366b78bd0fef,1.970347e-06,1
3faa9e4b186d,1.0634114e-06,1
a6856d242fd4,1.5289681e-06,1
b137bfd8f64e,1.5605885e-06,1
b6890fe25f05,1.6593468e-06,1
c3f17ab41d72,1.5868487e-06,1
4c761e29c112,1.7364154e-06,1
54093e36315e,9.642204e-07,1
63ef07427969,7.9578865e-07,1
05246c893edb,7.337204e-07,1
1d89df73ce8f,7.0952603e-07,1
8281337b2d00,9.900194e-07,1
5c60d30c9a17,1.149498e-06,1
faf3bce53855,1.0199458e-06,1
32abe9479af3,8.324798e-07,1
6f8616e5d069,9.357847e-07,1
7ecf09dfa42e,8.0748833e-07,1
afcb3282304f,6.864724e-07,1
ec4dd9f6a710,8.9172346e-07,1
b423743b1bf7,1.3823773e-06,1
635c2c302b21,1.4563037e-06,1
ae37cf2eac12,1.1071619e-06,1
6fc535e13026,1.1908803e-06,1
ebce45242adc,1.397503e-06,1
c02de6937793,9.017581e-07,1
47165cf945b8,1.2229353e-06,1
60dad9b273db,1.4168726e-06,1
db6fc6c7e20c,8.8158055e-07,1
000f49972c2e,1.1842085e-06,1
cbc9c75a8ba7,1.31167e-06,1
8a42621697b9,1.2656094e-06,1
6d11d2a1fe57,1.0576955e-06,1
99a43abc888c,1.0014966e-06,1
63be1b40daaf,7.754454e-07,1
18ab31ee65f3,8.0499115e-07,1
b65b15912d57,8.1385826e-07,1
4beeeb49232d,8.1263534e-07,1
fe2ef3e01d1c,1.1898775e-06,1
cbfd410ce3c8,1.7966343e-06,1
3fb40b54ca90,1.5950025e-06,1
48f928f0ee21,1.3948699e-06,1
063c9423f77a,1.3695714e-06,1
2e128d88bb6b,1.5810423e-06,1
d8e0dbbf7b73,1.6760966e-06,1
c6d990cd5d29,1.6167623e-06,1
291830058749,1.3789803e-06,1
25b8177422dd,1.1027071e-06,1
11e70fc66895,1.0001532e-06,1
7fbaecb024ca,9.1039374e-07,1
f7e1d845e212,7.504199e-07,1
5390a9921500,5.27527e-07,1
aa7ddb054b92,6.219633e-07,1
0d3cb3dafa8d,5.988675e-07,1
4678f0a8d80e,4.5522484e-07,1
113dc06add0f,1.2800238e-06,1
15efda4f2574,1.0533814e-06,1
ef7894fc79e4,8.884686e-07,1
e459ca81e620,1.2274951e-06,1
a683d3d384ee,1.0025852e-06,1
29e3ea9752da,9.141519e-07,1
0e6f52b4462f,1.044471e-06,1
07f0768ef6b6,1.2015571e-06,1
5a6c94e7fe08,1.157381e-06,1
e734b64c0007,1.0682115e-06,1
b8bd938b47d3,8.9441926e-07,1
aa1497a68240,0.0013569351,1
15c68ae0c4df,0.001358968,1
1bee6ca8d34e,0.0013572504,1
b2e6aab1446c,0.001355067,1
35f7c15b37f5,0.0013449149,1
b2ac90551a7a,1.3054457e-06,1
f7c22c2e509d,1.1721648e-06,1
3021a59c5417,1.1299316e-05,1
b36574ff7419,1.2216671e-05,1
20fe00c40640,1.1216453e-05,1
053f83a8d64f,1.1232096e-05,1
a0fd07d2bc99,1.2648237e-05,1
4c502a6f323c,1.93615e-06,1
7dff22063f55,2.4614926e-06,1
04256a435833,2.6325633e-06,1
044a47359f67,2.7660008e-06,1
b33037373d52,3.737541e-07,1
363d7685cad4,5.124202e-07,1
a89bc801eeed,4.4057117e-07,1
764816318a6d,3.392884e-07,1
8670e4e1b350,9.687847e-07,1
5acd547729d1,8.8075626e-07,1
c583f68328c1,1.0255498e-06,1
d71ac2a5cd70,1.0166317e-06,1
efd4d042fa6e,1.1410569e-06,1
42655504e54b,5.3524025e-07,1
6d171a6c3c29,9.804558e-07,1
d72b2a9a2fde,1.0551792e-06,1
da52eb5de239,1.169489e-06,1
b76496a20f6b,1.376327e-05,1
2d1cd5e84c7b,1.3452132e-05,1
2c84ed7fd363,9.230123e-06,1
f02c0b7ce4e7,7.2650273e-06,1
7dfe3a767202,2.469743e-06,1
5fa3def05153,2.0206223e-06,1
8fce09219202,2.2466256e-06,1
13a273720bc0,1.167764e-06,1
171b9bce4f25,1.0095777e-06,1
92251f363a80,5.633738e-07,1
ec39d841e6cc,6.1789444e-07,1
ed88957daf8f,8.1928164e-07,1
c9f4aeb2854f,1.5964927e-06,1
e26a60e2cde3,1.5448531e-06,1
2e7703ffdf50,1.8059735e-06,1
1210d5282b4c,1.2325969e-06,1
c0c1fe8f2aa5,1.2966975e-06,1
21f1a0b7bf53,7.76987e-07,1
0eba01976aea,3.5400504e-07,1
8681de5aa45b,3.7796178e-07,1
801d997d7cc3,8.803742e-07,1
29047fac9ea3,1.2047012e-06,1
87dd3f1dd181,1.0250797e-06,1
6e4e9c7907ae,1.1770555e-06,1
71e72321b4c8,1.0638263e-06,1
db83efbedd4e,1.0636924e-06,1
fc4c6aaac824,1.1483309e-06,1
c744148bf798,9.75488e-07,1
6ec6418fdfbd,7.236543e-07,1
a40b6a4122ba,7.621434e-07,1
91c4d3c141d0,8.5775144e-07,1
723e0b9c28e9,9.984009e-07,1
ba28405dbc3d,1.1230595e-06,1
232dfda85500,1.6317151e-06,1
2412c7cdc9b7,1.2831358e-06,1
17f18e1163e9,1.6451099e-06,1
e40acf8bbf2e,1.6991013e-06,1
fdbffe1b5411,1.6026482e-06,1
1bc7309a6fb8,1.6185089e-06,1
4e44f6a1c5c2,1.2297836e-06,1
07a8cfe6a5a9,6.195076e-07,1
0f58307571f7,5.652051e-07,1
8508600012e8,1.0171208e-06,1
fe162f80b7f2,9.472545e-07,1
2dc8c7e9cbf0,1.1393789e-06,1
c994accd173b,1.0483202e-06,1
5f789db6d8f2,1.1758696e-06,1
8c7b38ee6875,1.3258217e-06,1
aa94d5ac99ef,8.295411e-07,1
8f3db4bdd1dc,9.4194945e-07,1
9ae6e3472e1a,8.806508e-07,1
61d0819b7c5d,8.540178e-07,1
6f232d2451a2,1.1503753e-06,1
97a7ab049f1d,1.4517697e-06,1
2669456ea73b,1.1492347e-06,1
8250b689c318,8.125735e-07,1
696e444ac1b2,1.5583796e-06,1
decc56f74b93,1.4648832e-06,1
acf3d8990321,1.272112e-06,1
0eb38c5a136b,1.6481694e-06,1
7a2009a72062,1.8523768e-06,1
fcff5a78689a,9.266724e-07,1
0d39228b6d70,8.5174236e-07,1
292173d9d888,9.1148735e-07,1
d00628b3cdb5,8.0059635e-07,1
c1ba8728c366,4.6899163e-07,1
2dd099ec5a9b,3.478023e-07,1
56df503dd711,3.8140803e-07,1
88ed8461d7cd,4.3641813e-07,1
7ee8df3d65bf,1.0641783e-06,1
69f3220e6eb6,1.3877548e-06,1
a6011e434374,1.6955777e-06,1
ed2dc79cd4f6,1.9324011e-06,1
44d11c087b5c,1.8165533e-06,1
6923fb6c8f60,5.9926435e-07,1
6fdcec801a8c,1.0296153e-06,1
f4ded4463be9,9.988195e-07,1
585b0fb0c5b3,1.3747621e-06,1
f13a9c65d5f3,1.3415076e-06,1
26ede8f0a98c,1.5005245e-06,1
b5e1e040f4b4,1.4402683e-06,1
2e9c3c5f1b9c,9.26687e-07,1
5485702d92c1,4.2387666e-07,1
5da5b8c888b4,3.1341244e-07,1
983bd18df053,3.6731512e-07,1
2669d4aebfb3,3.4633766e-07,1
8b1ba6750a98,4.3117686e-07,1
f6aba105818b,9.933335e-07,1
73d475ddc8ba,1.2640141e-06,1
6d78b272d3ba,1.5334671e-06,1
9c51f175aac7,1.7126023e-06,1
4265ae958733,1.1975076e-06,1
2bced16b5110,1.5494406e-05,1
35646994405f,1.3375323e-05,1
57a1dc5a5404,9.5966725e-06,1
31614bdc61dd,8.336312e-06,1
e6bf17909dea,3.0134022e-06,1
e44cba1de2e8,8.17895e-07,1
603f0f6544d0,7.2563074e-07,1
7aa9f07a4790,0.0013542713,1
d446e9014780,0.0013565305,1
352af12dee54,0.0013558867,1
0a4472b81ea3,0.0013533204,1
8e1713b7b9b9,0.00134429,1
84a84fc7e5f3,1.0484821e-06,1
d3e81ea68058,8.196974e-07,1
0aa166af3fdc,5.410979e-07,1
f3e90cb6b032,5.0341265e-07,1
b12153920e3d,9.865638e-07,1
92322ae90193,1.2159976e-06,1
7cd5405c3ca6,1.4029144e-06,1
1d94350d6f84,1.1062579e-06,1
41bc714399e5,4.0244223e-07,1
e19cf1c8bfe9,2.75436e-07,1
a613fa2f54ee,2.6029548e-07,1
f97577070b3d,8.323947e-07,1
54390a1ec843,1.0598095e-06,1
1ff5019fcdb8,8.348542e-07,1
a68e953912d1,1.3210853e-06,1
2dd92162210b,1.3022124e-06,1
be55733bba22,1.7204187e-06,1
0eff37bfe22d,8.847267e-07,1
9aa1353c38af,5.787539e-07,1
9df33b4c9193,9.094695e-07,1
5d0f1da4b3b5,4.2259663e-07,1
f946e109c931,1.0018317e-06,1
9bfa73046189,7.248008e-07,1
57c116427681,9.875652e-07,1
8321c9e2ae11,8.918134e-07,1
a15f7c900442,3.339881e-06,1
fe0bfb0b61c4,0.038685706,1
9d4fde77446a,0.26267105,1
4a259820d504,0.32901865,1
a27791831ed1,0.40316844,1
9ac67741833a,0.480327,1
124e567770e1,0.4529202,1
88fe261b6bb8,0.24662839,1
5e34d2904756,0.21924739,1
8e3b193b7279,0.17833775,1
89e955247d88,0.122710966,1
af7220c2fc23,0.2911739,1
4f9c2aa1e544,0.29154485,1
d507b299fd76,0.25813764,1
2d6aa01c40c5,0.23292997,1
bbb8f8690938,0.21139213,1
21e951373dd9,0.03165701,1
a919bd2244ad,0.013594389,1
74371547c6e0,0.008030941,1
1f18a3db63ff,1.1254558e-06,1
192479fd64be,6.707994e-07,1
5c48a72c8d47,4.2575783e-07,1
231edff86995,4.6957337e-07,1
61419c4bf07f,4.7481882e-07,1
d9dad7a38ac9,6.989873e-07,1
45cff2720fe3,1.2144418e-06,1
4cade4ff841f,1.339913e-06,1
fb5415ee6f5c,1.6493248e-06,1
e71c04e032be,1.5040891e-06,1
bcac494b512a,1.3488607e-06,1
351bfbbb34a4,1.146994e-06,1
12ef9eb52599,1.087952e-06,1
d5ebf638a7b8,7.58147e-07,1
38980db51632,,0
8bf52394b52e,,0
1b9e56fd7349,,0
6541e27842c9,,0
810bf9ee1f54,,0
397f7879de67,,0
975c7a678b63,,0
6ff4b652cebd,,0
d76bb15aabe0,,0
10f89dbfa485,,0
a0234a40709e,,0
b4612abd1027,,0
61e16a053dbc,,0
85c985cad45f,,0
dcada5831fed,,0
a151f32dae11,,0
a2709d5eb1bd,,0
1e393794ea5e,,0
331b972850bd,,0
7fd6a0463dba,,0
ed9deee22ae5,,0
9a995a1b8923,,0
28ed7180e7c2,,0
24e0851ad412,,0
8509dccf0a20,,0
d262cc1b2a75,,0
bf421f8b96e1,,0
8eeae57ce435,,0
b7a6abac01e1,,0
4d085bd72188,,0
484d44a20951,,0
8251f1b60ca3,,0
be39a0ba13b6,,0
69afd10e992d,,0
0ee1e1716f90,,0
e29c22e02b56,,0
5ca9084c0baf,,0
8808f2316705,,0
49c905095e99,,0
4cdcee7efee2,,0
ded73201583f,,0
31b5bea89053,,0
d233c22ac523,,0
42c53a8ac6c6,,0
b4c9eabbbcb0,,0
7e9eef82966f,,0
64671b4fdaf2,,0
a3149a9fd942,,0
ba1d3103232e,,0
01b8d10d77b3,,0
8469513c6755,,0
5e972a0a3b0f,,0
c6249e0d712f,,0
4e93e78ce4eb,,0
f45b83c41353,,0
727ba6e717c3,,0
30af8e7ea6c3,,0
b666b765ba64,,0
377a788c1276,,0
50f7445c5639,,0
a39e3ca41140,,0
7314d0931af5,,0
1215b255b70e,,0
df2b88a21518,,0
375be91e73ba,,0
039a3080dca6,,0
64b562f3483b,,0
3f3ba6173771,,0
d009c2672d4f,,0
46373ef8a041,,0
436fea5ef3df,,0
2009874498a5,,0
e652668e6a14,,0
c7bb43c72b59,,0
c8f87f6078fd,,0
e5510c6b9a41,,0
fd57c84c282c,,0
6940a10f7b98,,0
9695132746b1,,0
977f84c220d5,,0
2bd47c47a175,,0
3e7afa979513,,0
80b9e133f99a,,0
3a668f33bff6,,0
b763020acba6,,0
987a122f5b05,,0
1f73050f0db3,,0
ac7a756ce320,,0
d0063d808788,,0
d66b786db209,,0
59c741ebbd5f,,0
9d8f3e8bba2b,,0
54790ec61d7a,,0
422bcb852190,,0
ccb2e7b577b2,,0
d7c492a9954d,,0
016a090dcfd7,,0
a2d4e3a5174e,,0
ee1ba197dcb5,,0
41e2f57c0de6,,0
d592dcb31a72,,0
ed84eb5e4b26,,0
83b330f73b36,,0
f51eee149b7e,,0
86de6a25c9d7,,0
cd82366b906b,,0
fc26d598f995,,0
44e6dc17333f,,0
a8df404b72b6,,0
893f372dc4d7,,0
f7c9ffa4830e,,0
de3bc86ed4a7,,0
8222aaf842fb,,0
a71d28951acb,,0
71b47bbdeaca,,0
f83f3a21e6a6,,0
9bae5b3f9bf4,,0
e6968b609bd9,,0
443505f75236,,0
c34a586dcb62,,0
ebe6e0fe7b4a,,0
8a0705a2950f,,0
1864b7f60d07,,0
30e91a5d71a2,,0
14d18dab294f,,0
2321d684b7ac,,0
615f31857f3e,,0
712cd85c37f2,,0
